FIPS,opc,socialcap,sk2014,civic_organizations_county,race_per_white_nonhispanic,per_poverty,college_educ
01001,0.3837125315998555,1.1682523488998413,-0.631003349820884,0.01518,0.7460274467316721,0.23371326608644985,0.5492814515481574
01003,0.3101066578959733,1.1616458892822266,-0.555396005553432,0.01526,0.8307240520603298,0.18435439704605516,0.6314654031446875
01005,0.6013169827688183,1.005691409111023,-0.891036085245392,0.01474,0.4581049643152872,0.42945086318419057,0.37608550434201743
01007,0.3556662072644823,1.056340575218201,-0.906581520515335,0.01439,0.7452540790468145,0.2775300504071345,0.3417862444334488
01009,0.16903313049357674,1.07232928276062,-1.01327973532267,0.017240001,0.8689343111249805,0.25077046998669184,0.47068432560126666
01011,0.24395003903200624,1.0599985122680664,-0.502400203496807,0.0097500002,0.21379781420765023,0.37244480784955025,0.34403605126038583
01013,0.47912043574742785,1.0353672504425049,-0.339173133162401,0.01286,0.5160379261650192,0.364431934493347,0.39865402706418696
01015,0.3337172171910171,1.166879653930664,-0.351892125655991,0.01739,0.7207244935350469,0.2902583780100769,0.5164205895737473
01017,0.29708853238265004,1.0242724418640137,-0.366730950231846,0.01098,0.5554664289958408,0.2982207050720479,0.4488629198368994
01019,0.3957070609581902,1.1172361373901367,-1.05214332349753,0.017960001,0.9172296645176234,0.2965077626999335,0.4131609621701812
01021,0.2496878901373283,1.050445795059204,-0.599205868586909,0.01515,0.8013165361479968,0.31422979507253046,0.37356054050455967
01023,0.5415860735009671,1.0726251602172852,0.763139549615403,0.01217,0.5637911025145068,0.34966960352422904,0.43702433272590846
01025,0.22795092838196288,0.976106822490692,0.4119540346535,0.01082,0.5271883289124668,0.34708820044015576,0.3879546809779368
01027,0.28117267751368374,1.076673984527588,-0.963110376042402,0.01335,0.803554022643773,0.3321327304774312,0.3887303097579025
01029,0.13408420488066505,1.1079320907592771,-1.18003985912752,0.0188,0.9269241083400376,0.2701447691887462,0.4105524282034157
01031,0.29034880569857924,1.1379109621047974,-0.48402832545051,0.01115,0.7014633579807208,0.23409564226492197,0.5868302496245714
01033,0.38797904000292127,1.1508344411849976,-0.244487300154564,0.01223,0.7819831662741231,0.24539153517180357,0.47321543160758744
01035,0.1411973535581733,0.9901224970817566,-0.602738922057351,0.01334,0.5004841052121994,0.34877472930065945,0.3320502660477754
01037,0.16268476340987265,1.0566476583480835,-0.669160327301654,0.0142,0.6479501719810355,0.27325412923790204,0.3971425111999032
01039,0.3024193548387097,1.097917079925537,-0.460003561851507,0.01542,0.8329032258064516,0.29803565533179266,0.4611381249050296
01041,0.1625252817104883,1.081839919090271,-0.83662706180059,0.01466,0.7098381970528749,0.2906848711737503,0.3966976264189887
01043,0.2957044403944335,1.123248815536499,-0.763139549615403,0.0122,0.9188442180729726,0.2482199100457124,0.4748293663167377
01045,0.24352131826206952,1.170831322669983,-1.03023839198079,0.01732,0.6856545650100453,0.29213012421709716,0.5383329851681637
01047,0.6896727885769751,1.0148130655288696,-0.0671280159383919,0.01578,0.2731615111497101,0.4098998599076428,0.459236641221374
01049,0.27345393352965924,1.006805419921875,-1.24010176812503,0.01482,0.804361239657832,0.36854523488025015,0.4060637632840175
01051,0.24647540175490487,1.155271053314209,-0.577300937070171,0.01296,0.7315882874889086,0.1932747889400681,0.5412083504180557
01053,0.31033273065817524,1.0391499996185305,-0.250846796401359,0.01554,0.6023423374800982,0.3548065358326733,0.37406705595730694
01055,0.36740374508506246,1.1369140148162842,-0.313028537481133,0.01497,0.7786136956437109,0.2809977700155901,0.5169507996446024
01057,0.39408269673820784,1.348177194595337,-0.580127379846524,0.01137,0.8449739299139081,0.3230132245705104,0.4132923287203143
01059,0.13506642089874785,1.0387219190597534,-1.48176262550324,0.01146,0.7684802644123816,0.3016447474714835,0.4063311844510728
01061,0.3312261044024681,1.1614336967468262,-0.997027689358642,0.01518,0.8385130786993225,0.32856814349225816,0.4434083601286174
01063,0.3904372897645363,1.072615146636963,-0.117297375218664,0.01494,0.17239308024987987,0.5457413249211357,0.40600725012946653
01065,0.37139577284084,1.096311330795288,-0.835213840412413,0.01227,0.3953001553109596,0.3839340885684861,0.40630984779760104
01067,0.3647930893597152,1.115886926651001,-0.117297375218664,0.019339999,0.6917060643203176,0.2595510983763133,0.4682774490466798
01069,0.47277033867547896,1.122107744216919,-0.56882160874111,0.01367,0.6645527306068651,0.2922813996601267,0.5479992797684179
01071,0.3230347913291676,1.089994192123413,-1.40474205984761,0.01501,0.8924824500501427,0.3248362956033677,0.4217411281385984
01073,0.722698884307543,1.0634149312973022,0.135669253264961,0.01602,0.4988903710890129,0.2555817578392515,0.6368592729625586
01075,0.14404033129276198,1.0884690284729004,-1.0542631555798,0.01517,0.859920777817789,0.33238387379491674,0.42573955474229946
01077,0.5023985479061325,1.1939116716384888,0.656441334808064,0.019130001,0.847206015817451,0.25164368095986545,0.5142124956765085
01079,0.2268739790670942,1.0806970596313477,-0.869837764422742,0.01598,0.7648678080948635,0.2852868439532257,0.3810585914043064
01081,0.5429656473391581,1.0853915214538574,-1.30722978406342,0.01548,0.6744191818903892,0.28652304125205297,0.6715779712534129
01083,0.30614291595849125,1.1245485544204712,-0.944031887302017,0.01228,0.7654417431144236,0.21798397834675745,0.5429013375390495
01085,0.17362833614445877,1.1091599464416504,-0.671986770078007,0.02108,0.24655223732513143,0.4304549114331722,0.38700084961767206
01087,0.4810776138550353,1.1291542053222656,-0.780098206273523,0.027079999,0.15854180029933718,0.3805856103673819,0.5160807778608826
01089,0.68594110567633515,1.152670979499817,-0.602032311363262,0.01661,0.6467886362883547,0.1960389249725122,0.7106554730384244
01091,0.3493607991304798,1.0946543216705322,0.50098698210863,0.01546,0.4488380518606697,0.34823677581863977,0.4586006721662084
01093,0.22600950914082904,1.1546887159347534,-0.929193062726162,0.01225,0.9185361280385724,0.3056217246307765,0.4474896577660774
01095,0.26138870591679475,1.0611469745635986,-1.0422507737803,0.01194,0.8075447236075823,0.3130468907438244,0.5046360722382925
01097,0.4455294918790478,1.0981402397155762,-0.54762328791846,0.01322,0.5689230501745896,0.2915370921634818,0.5249894203802925
01099,0.18805829807240249,1.0044476985931396,-0.238834414601858,0.01195,0.5427362482369534,0.39130641782517617,0.38408751189020246
01101,0.8096818115721708,1.1290122270584106,0.202797269203352,0.018510001,0.33901763013294206,0.29991473218153386,0.617280998870957
01103,0.33763096306610857,1.130164623260498,-0.442338294499298,0.01534,0.7563185223088086,0.25109183368232124,0.5367006959431606
01105,0.6994511998278274,1.114768624305725,-0.56882160874111,0.019242616,0.2934466802969977,0.5291686348606519,0.4591194968553459
01107,0.2346490144741392,1.088485836982727,-0.278404613470804,0.0128,0.5364817467766635,0.34815735437155515,0.44339427388754743
01109,0.5550055500555006,1.1002353429794312,-0.558929059023874,0.019819999,0.5601656016560166,0.3262269598045747,0.49217535495906306
01111,0.23181878394489336,1.026406168937683,-0.94261866591384,0.01612,0.7529474102530136,0.2640589005826821,0.4475786004056796
01113,0.34079928216454997,1.059814214706421,-1.51991960298401,0.0073899999,0.46065709552733297,0.30885119099938474,0.5237923946557039
01115,0.2443487254088579,1.206843614578247,-1.26695297450039,0.01571,0.8586982463717056,0.2125531295487627,0.48982482417296175
01117,0.6465759586191386,1.15995454788208,-0.637362846067679,0.015699999,0.7786554968327148,0.1302061541972538,0.7284341972260996
01119,0.5860748612956161,1.1529666185379028,0.312321926787045,0.021369999,0.24810502461514417,0.44755186025027294,0.5133531157270029
01121,0.29233582544441267,1.116688847541809,-0.771618877944463,0.01546,0.6262704168584473,0.31866659729989855,0.4660939760327184
01123,0.2774968550356429,1.1173820495605469,-0.370970614396376,0.024110001,0.6887348610049087,0.3069438191005053,0.47947116893989605
01125,0.44137864499167895,1.0952634811401367,-0.598499257892821,0.01334,0.6154844311521671,0.26741196198993855,0.5845524423506075
01127,0.1754796443612541,1.197333812713623,-0.625350464268177,0.01458,0.8894712213383248,0.30715781458214353,0.44314680005359297
01129,0.3325071035608488,1.0673089027404783,-0.271338506529921,0.01032,0.6494770570098543,0.3420022029127402,0.3956460426582056
01131,0.3042786255968542,1.0379998683929443,-0.219755925861472,0.01398,0.2684205598726711,0.4655139103554869,0.3698341298847343
01133,0.16818028927009754,1.154082417488098,-1.04931688072118,0.01305,0.936974436596031,0.34478338887464755,0.4059804150151551
02016,0.1755001755001755,0.929707944393158,-1.41534122025894,0.01085,0.23832923832923833,0.12962962962962965,0.5042403683062757
02020,0.9419788710562088,1.2174718379974363,-0.341999575938755,0.017619999,0.5790189111201202,0.15096822382933572,0.7048157606712879
02050,0.02757251571633396,1.0697860717773438,-2.00112148565817,0.01144,0.0972758354472262,0.45080013619339465,0.3448627691051933
02060,0.5714285714285714,1.5891268253326416,0.280524445553069,0.12029663,0.5085714285714286,0.13882352941176468,0.5700787401574803
02068,0.2226179875333927,1.486133337020874,1.54606419866528,0.02723,0.8423864648263579,0.2336405529953917,0.7246465888137676
02070,0,1.263727068901062,-1.46763041162147,0.02486,0.15400120943358195,0.3078647106764466,0.490846286701209
02090,0.6056201550387597,1.3837296962738037,-0.669160327301654,0.017440001,0.6993095930232558,0.14428453860600565,0.7186721857517058
02100,0.2978554408260524,1.181714415550232,2.14597667794628,0.068839997,0.7752184273232724,0.2109311740890688,0.6735135135135135
02105,0,1.2808083295822144,-2.27316660288218,0.05531,0.4380551659654044,0.22825070159027128,0.5523085914669783
02110,1.0239860986129643,1.261182427406311,1.19417207300929,0.025119999,0.6467868557420796,0.12349369159613632,0.7476618944195736
02122,0.8466748768472906,1.2138361930847168,0.370970614396376,0.030470001,0.7992268746579091,0.2078870581657435,0.6143022311874247
02130,0.6884057971014492,1.2153010368347168,0.45859034046333,0.03097,0.6396376811594203,0.1690533891459205,0.6306782825140012
02150,0.8177830644561742,1.128027081489563,-0.120830428689105,0.023770001,0.49029811909895177,0.12125805229253506,0.600962614730244
02164,0.17946877243359655,1.3833297491073608,-1.07758130848471,0.028940175,0.2096195262024408,0.34898843930635837,0.43790849673202614
02170,0.5385834543366644,1.2402749061584473,-0.851465886376445,0.020780001,0.7921969459708263,0.16610474917165607,0.5987299445634001
02180,0.1001201441730076,1.2628819942474363,-0.93837900174931,0.018270001,0.14657589106928315,0.34579923339894336,0.4344202898550725
02185,0.02553104575163398,1.204577922821045,-1.59694016863964,0.01016,0.3091299019607843,0.17091547115285377,0.4676402767102229
02188,0.06480881399870382,1.0915769338607788,-1.58210134406378,0.01402,0.10771224886584577,0.38790734197094623,0.3587550487051556
02195,0.2302732575990175,1.3710486888885498,-0.592846372340114,0.039140001,0.6548971446116058,0.11960542540073982,0.579498861047836
02198,0,1.2679381370544434,-1.1023126827778,0.03107,0.4526299360074918,0.2827662255828608,0.5290554184428988
02220,1.0127314814814814,1.453974962234497,1.15884153830487,0.035069998,0.6157407407407407,0.15750177767243423,0.6732834363813862
02230,0.4516711833785004,1.4851505756378174,-0.0692478480206569,0.036789998,0.8211382113821138,0.14389799635701273,0.6551326412918108
02240,0.18173887758069207,1.2504425048828125,0.470602722262832,0.037179999,0.7365513230590288,0.19781839622641503,0.5564409030544488
02261,0.2975224494211836,1.360032558441162,1.67749378776571,0.032910001,0.6930650221789463,0.1179498412003066,0.6455246913580247
02275,0.19984012789768185,1.224837303161621,-1.59411372586329,0.040259998,0.6187050359712231,0.1739305891848265,0.5127272727272727
02290,0.13948298307606471,1.149689555168152,-0.561048891106139,0.022089999,0.215547703180212,0.36484712061526914,0.4578733294596165
04001,0.08040721007956818,0.9893873929977416,-2.09651392936009,0.018680001,0.1820978590706325,0.4891268837975654,0.48163474159603104
04003,0.5462114771941812,1.1497451066970823,-0.936259169667045,0.022360001,0.5499137978977809,0.29095560956888833,0.632800465546161
04005,0.6034372920707278,1.1622503995895386,-0.867717932340477,0.02241,0.540517009499271,0.2733030826063526,0.6848098218584497
04007,0.5135771112688156,1.0535929203033447,-0.706610694088336,0.02561,0.62253016098308,0.3366007484660246,0.5847190439867785
04009,0.34214127802926625,1.0567781925201416,-1.63297731403814,0.0099299997,0.5085798505105801,0.3065626839317246,0.5653421074833376
04011,0.23629489603024575,0.8928056955337524,-1.14400271372902,0.01355,0.466183574879227,0.2242095177259661,0.5334813802528185
04012,0.3727215889962968,1.2017197608947754,-1.49589483938501,0.02823,0.5739912470542972,0.3521594684385382,0.4579206378869993
04013,0.5146911044836803,0.9541900157928468,-1.43159326622297,0.0096699996,0.5524102466959742,0.22290368542456152,0.6533222871216109
04015,0.3599027420014926,1.117551326751709,-1.74038213953957,0.01219,0.7729073882375599,0.2823309304472511,0.5072321028341257
04017,0.29285256703578294,1.0213301181793213,-1.43936598385794,0.01581,0.4128214514505354,0.42083925161557345,0.5306203473945409
04019,0.641788850737972,1.0615804195404053,-1.14117627095266,0.01337,0.5173329231595969,0.2681689796515443,0.6613657379137079
04021,0.34023193535939816,1.0708963871002195,-1.99688182149364,0.0088400003,0.5678765599258768,0.22994043901849023,0.5650118756117359
04023,0.4141566265060241,0.955528974533081,-1.58492778684014,0.020509999,0.14853700516351118,0.39956634865568086,0.4793870725547744
04025,0.7771838977142682,1.1598799228668213,-0.353305347044168,0.02716,0.8045749713899862,0.23327686502281145,0.6520845817995035
04027,0.2912139324383677,0.7945078611373901,-2.31132358036295,0.0094400002,0.30972272614432755,0.34494043530312246,0.47545202088804367
05001,0.5163559227419895,1.1279817819595337,0.616871135939117,0.0136,0.6976108071899073,0.30378736025553277,0.4501328181598647
05003,0.4070054267390232,1.0531630516052246,0.203503879897441,0.01436,0.6823384311790824,0.30937686641449336,0.3961744674684829
05005,0.47070750959519153,1.2299294471740725,-0.264979010283126,0.01836,0.9470876481521712,0.24982880062610055,0.5242486231313926
05007,0.48258008195395075,1.0473730564117432,-0.834507229718325,0.01637,0.7333072445335812,0.1838492556540564,0.5940416429470924
05009,0.5960193940692722,1.2109453678131104,0.267805453059479,0.021369999,0.9387104551177304,0.26879606879606877,0.540237847823577
05011,0.5517748758506529,1.0174604654312134,0.330693804833341,0.0098599996,0.5549935626264484,0.32356215213358075,0.39747340425531913
05013,0.14445300462249616,1.123166799545288,-0.389342492442673,0.01246,0.7245762711864406,0.2846123417721519,0.3954802259887006
05015,0.5900232433398891,1.064803123474121,0.098925497172367,0.02517,0.7962095476488468,0.2749575459768039,0.503425347572033
05017,0.4239284032030146,1.0098881721496582,-0.153334520617169,0.01534,0.3872821479039096,0.4379525341914723,0.42695874210455587
05019,0.5807200929152149,1.1431121826171875,0.628176907044531,0.020300001,0.686902528365943,0.303212445701586,0.597676713992863
05021,0.23507287259050305,1.0952728986740112,-0.700251197841541,0.01129,0.9533884075491974,0.3402026797252261,0.4057007125890736
05023,0.5677290836653387,1.2215827703475952,0.0876197260669537,0.02029,0.9467330677290836,0.23593642576940188,0.43112395014176425
05025,0.12303149606299212,1.120680809020996,-0.573767883599729,0.0098599996,0.8457185039370079,0.32385584237436094,0.43025092121424807
05027,0.47316621803499326,1.0644875764846802,0.38651604966632,0.022089999,0.5927405787348586,0.3674827884922264,0.4415797012482095
05029,0.40751749928085146,1.0066310167312622,0.171706398663466,0.019330001,0.8158500335602646,0.31020349117561963,0.43200331354411153
05031,0.3819460617634729,1.1097382307052612,-1.3326677690506,0.01572,0.7603148726070148,0.28309487293976043,0.5474305434719564
05033,0.3426895551411403,1.0849753618240356,-0.92142034509119,0.01754,0.8426815856166021,0.29327381818769915,0.4769973494888301
05035,0.3081854043392505,1.0003647804260254,-1.03871772030985,0.0093900003,0.41985124917817224,0.3580246913580247,0.4783802111925598
05037,0.4457917261055635,1.096529245376587,0.172413009357554,0.01478,0.7265216357584403,0.30239448542750025,0.4214366368453053
05039,0.13738150844896277,1.0353951454162598,0.852172497070533,0.01119,0.531254293172139,0.27608962553713934,0.3988338192419825
05041,0.1921598770176787,1.043483018875122,0.412660645347588,0.01767,0.45230164830472286,0.4369638679490512,0.36455405060056223
05043,0.5294021827659228,1.1299679279327393,-0.109524657583692,0.017890001,0.6627572351631644,0.31581373905025356,0.5162507503644628
05045,0.3963631657283375,1.319293737411499,-1.12351100360045,0.016070001,0.800370478224293,0.27247359147508365,0.6137025662655367
05047,0.16912842485060323,1.1722710132598877,-0.332107026221518,0.01849,0.9204532641785996,0.36461803561171735,0.4269784471998002
05049,0.1635189273158368,1.300662636756897,-0.807656023342968,0.01682999899999999,0.9490638541411168,0.4072164948453608,0.49768387752796295
05051,0.6772867941758409,1.1253294944763184,-0.506639867661337,0.02125,0.8206077824564963,0.29416137525166486,0.5768536527348286
05053,0.3172238773033212,1.243052363395691,-0.303842598457984,0.01174,0.925686858656074,0.2257902097902098,0.470125786163522
05055,0.24478714644947372,1.24295973777771,-0.704490862006071,0.01221,0.9299908761154504,0.2862976406533575,0.4238212409390171
05057,0.3319293105027012,1.110368728637695,-0.50946631043769,0.01313,0.5460580532918231,0.33203451155023656,0.4579524042152278
05059,0.3274101854332232,1.2598896026611328,-0.737701564628223,0.01935,0.8253415483525315,0.2967355266513645,0.468324208619767
05061,0.3568477199308842,1.1532301902770996,-0.00282644277635334,0.01187,0.6414243858462926,0.32442340003054837,0.46839767680218647
05063,0.46089721324177735,1.245645523071289,-0.408420981183058,0.01945,0.8870868624255217,0.306119633594526,0.4839980893240984
05065,0.423728813559322,1.147149920463562,0.621817410797736,0.017650001,0.9293294030950626,0.2811559778305621,0.4576753310446297
05067,0.16150819287014742,1.213693141937256,-0.931312894808427,0.01805,0.7683091560462795,0.403630017452007,0.3768329646923896
05069,0.5376576888657949,1.273492693901062,0.0113057711054134,0.01459,0.38884558759851046,0.3434423752802913,0.4725609756097561
05071,0.29387228879114213,0.95812225341796875,-0.763846160309491,0.01475,0.7917867435158501,0.38505590400872647,0.3823546294701797
05073,0.11029411764705882,1.0223958492279053,-0.51794563876675,0.00667,0.5858823529411765,0.39403973509933776,0.39486028961860087
05075,0.30213305939935947,1.1610705852508545,-0.734168511157781,0.0162,0.9526255362861804,0.3114661654135338,0.4548045240003562
05077,0.19034152708288013,1.13823664188385,-0.432445744782062,0.02445,0.4103763323906896,0.362793162846164,0.35445661830026653
05079,0.18580453363062055,1.0477675199508667,-1.09736640791919,0.01006,0.6419918246005203,0.3105022831050228,0.33789024626720965
05081,0.32396533570907915,1.1718621253967283,-0.0268512063753568,0.017550001,0.7289220053454281,0.2988923789056043,0.44306418219461696
05083,0.47304781244231126,1.1833245754241943,-0.166760123804847,0.01825,0.9043751153775152,0.32246733174090203,0.41145731269188063
05085,0.2688616810059563,1.196306824684143,-1.06556892668521,0.01086,0.860012684756232,0.21211487814054597,0.5244539312803084
05087,0.24674603664178643,1.1175496578216553,-0.440218462417033,0.01119,0.8933440256615878,0.32283954457786346,0.3678325431612846
05089,0.28829813061422677,1.2405924797058103,-0.459296951157418,0.025280001,0.941005098324836,0.3032035909733751,0.489920634920635
05091,0.3385201505554026,1.0922622680664062,-0.47978866128598,0.01187,0.684728724869182,0.3220809413104332,0.5114460065405751
05093,0.36200921046384654,1.0446498394012451,-0.684705762571598,0.01426,0.5827754830745858,0.3614577769144855,0.4230303475101831
05095,0.49645390070921985,1.1783123016357422,-0.0310908705398868,0.015830001,0.5415602836879433,0.37629161882893225,0.3757949125596184
05097,0.33519553072625696,1.1942592859268188,-0.99773430005273,0.0189,0.9092737430167598,0.33212134984660835,0.4342754598474652
05099,0.2694288109208478,1.174422264099121,-0.238834414601858,0.02128,0.628068494791043,0.3136029411764706,0.4739093242087254
05101,0.2880184331797235,1.235702395439148,-0.778684984885346,0.023080001,0.9389400921658986,0.2733376371852808,0.511002444987775
05103,0.4091481326059589,1.2740788459777832,0.153334520617169,0.01816,0.5512798992866135,0.3743918053777209,0.4443223443223443
05105,0.04828585224529213,1.208437204360962,-0.941205444525664,0.019479999,0.9546112988894254,0.293214704732108,0.4317429674572531
05107,0.36278619800064493,1.1757956743240356,-0.472015943651009,0.01466,0.345049983876169,0.4890879478827362,0.4832902741895158
05109,0.3021569356638155,1.17155659198761,-0.743354450180929,0.01419,0.8737448865749349,0.309325246398787,0.4931561461794019
05111,0.2092400401740877,1.1782296895980835,-0.7815114276617,0.01486,0.8680950786742551,0.32127997254750573,0.3725141173582126
05113,0.4105703194983577,1.155116319656372,0.466363058098302,0.02097,0.8760326465611625,0.3752067772820693,0.4837401266633459
05115,0.3646429635670708,1.2711604833602903,-0.491801043085482,0.01918,0.8400746537852292,0.3241300305485456,0.4928767190933558
05117,0,1.175799012184143,0.00211983208226501,0.0146,0.8465014043228721,0.2783905740787165,0.43258614921378385
05119,1.0045372766669975,1.0480804443359375,0.311615316092956,0.02083,0.5226545740482025,0.27684225788244554,0.6439450452645588
05121,0.5227465385702176,1.1780638694763184,-0.80694941264888,0.01336,0.9390223226900254,0.3663010041209589,0.46778940483976456
05123,0.21235521235521235,1.008983135223389,-1.09383335444874,0.01056,0.39972972972972975,0.3910330689009715,0.4430054705816679
05125,0.2261022484612486,1.2075846195220947,-0.910821184679865,0.01182,0.8458736339655822,0.1560184988756418,0.592708585247884
05127,0.16865844255975326,1.1885796785354614,-0.734168511157781,0.02256,0.843484965304549,0.3578722162792959,0.38376910987283896
05129,0.3161355589276682,1.2846864461898804,-0.303842598457984,0.016759999,0.9313353566009104,0.36436101825662126,0.4160193336785776
05131,0.4408618162723076,1.092694640159607,-0.671280159383919,0.01461,0.6956133269587981,0.3102096945994499,0.5302331600122344
05133,0.19026989052163223,0.9562371373176576,-0.641602510232209,0.01099,0.5728001873426615,0.31875296348980564,0.3905109489051095
05135,0.3792519983662991,1.2545965909957886,0.0628883517738619,0.01884,0.9343602310519868,0.39666032802472073,0.42584233435434465
05137,0.42084168336673344,1.2009682655334473,-0.104578382725074,0.02696,0.9465330661322644,0.36510121457489875,0.46279019310045566
05139,0.4309361454029253,1.1664388179779053,1.00197396421726,0.01778,0.605211792440873,0.28855325914149443,0.4941523745469491
05141,0.5107559187597644,1.1156156063079834,0.681172709101156,0.026690001,0.9347434202619878,0.3559126042237234,0.4251736820596649
05143,0.575791363344799,0.9425026774406432,-0.852172497070533,0.01411,0.7089358514608957,0.2778030627543371,0.592758865248227
05145,0.31106371092658897,1.2216436862945557,-1.10655234694233,0.01511,0.8806784997841599,0.29232084875532816,0.4508296157157392
05147,0.1913362926679933,1.059112310409546,0.651495059949446,0.01609,0.6938619317312108,0.36714060031595575,0.3792363792363792
05149,0.17471114424152068,1.0720579624176023,-0.635243013985414,0.01218,0.7527021990309355,0.3694532394499314,0.38152721252672966
06001,0.8558904943039221,1.0028191804885864,-0.553982784165255,0.01575,0.314136558595905,0.15325423498013546,0.7087788297054054
06003,0.7218479307025987,1.274068832397461,1.81881592658338,0.082809731,0.5303176130895092,0.2964388835418672,0.6311688311688312
06005,0.4618907595826069,1.2791768312454224,0.117297375218664,0.02789,0.7815712092430196,0.1793083573487032,0.6254827529295264
06007,0.664254684102614,1.1748745441436768,-0.514412585296309,0.017240001,0.7197730905999106,0.2903571704431349,0.6674779166016989
06009,0.4229467856044294,1.339951515197754,0.0317974812339751,0.028860001,0.809355363184954,0.18072850769128324,0.6216999540863177
06011,0.32627948168173765,0.839359700679779,-0.278404613470804,0.015769999,0.35312762188869207,0.23499271376862685,0.4503180522044308
06013,0.5935648119371312,1.0626970529556274,-0.602032311363262,0.01432,0.43825043707556394,0.14596112375836034,0.7221136769574352
06015,0.5000909256228405,1.1158818006515503,-0.751127167815901,0.025429999,0.6193126022913257,0.29515706806282727,0.4902769293422928
06017,0.6523018831902335,1.2649650573730469,-0.358958232596875,0.01701,0.7782385727846927,0.14048701020320675,0.7214729836237849
06019,0.4288887692593657,0.7445039749145508,-1.40191561707126,0.0089199999,0.294203983459977,0.34693352589511783,0.5324818708339333
06021,0.5272376322562197,1.076748013496399,-0.270631895835833,0.01146,0.5146554189305119,0.28609839401206305,0.4759066347278703
06023,0.6326320435486243,1.2173751592636108,-0.0600619089975086,0.024180001,0.7435486243931146,0.3126093646292162,0.68294344764933
06025,0.22827765203291625,0.871730387210846,-1.56867574087611,0.01122,0.10640782286761002,0.3652657058627016,0.4540930760499432
06027,1.0986260221394004,1.077730655670166,0.749007335733636,0.031399999,0.6215163820437225,0.173385719166382,0.5998939715237807
06029,0.3010789271788933,0.9944565892219543,-1.38425034971905,0.0098900003,0.34160769950914843,0.3441728062346511,0.4629796634058449
06031,0.3185326263678654,0.921045184135437,-1.51144027465495,0.0046399999,0.3220962101253559,0.2994442604247175,0.4807568126049334
06033,0.4089103512734637,1.0873204469680786,-0.88326336761042,0.0177,0.7050081782070254,0.3013601026014535,0.5525567569896179
06035,0.47861639301706793,1.1956887245178225,-0.332813636915606,0.02445,0.6542929456810954,0.231413612565445,0.4868007959319036
06037,0.54217745847125,0.8449821472167969,-1.09807301861327,0.01358,0.2620395434441263,0.2503758520816217,0.5852255624632001
06039,0.358675442151924,0.8991566896438599,-1.04649043794483,0.0079300003,0.34132391448405425,0.31237358431458007,0.47013647502742834
06041,1.2714325832971074,1.1599570512771606,0.767379213779933,0.029689999,0.7115406069792224,0.12290196912580896,0.8278546031312531
06043,0.5309988518943742,1.2576452493667605,0.844399779435562,0.035270002,0.7999425947187141,0.2443528250391963,0.6623386150234741
06045,0.7452077409887187,1.0475395917892456,-0.0339173133162401,0.02589,0.6518504081445474,0.2796087951076047,0.6149665349568584
06047,0.2754419968899927,0.7992389798164368,-1.63156409264997,0.0085399998,0.2764995467643396,0.34245165279752054,0.4387235952814425
06049,1.0385090378354105,1.2202597856521606,-0.130016367712254,0.032480001,0.7769170315482204,0.290712542136464,0.5179525222551928
06051,0.296995108315863,1.1602931022644043,0.553982784165255,0.03342,0.6504542278127183,0.1884425651867513,0.6436990027198548
06053,0.47299323965759904,0.8974652886390686,-0.790697366684848,0.01629,0.29934242403267114,0.24468151550383876,0.512025334823048
06055,0.9579367296219105,1.033368706703186,-0.0897395581492187,0.01936,0.5243405456121126,0.14059108242886476,0.6772649990328131
06057,1.0857079521180122,1.2695096731185913,0.474135775733273,0.030200001,0.8515678529684414,0.18801242552324693,0.7599605263157896
06059,0.5623343615177062,0.9615328311920166,-1.07687469779062,0.01335,0.4058829359693237,0.1791016791610902,0.6824919849623505
06061,0.6984218390089024,1.168742299079895,-0.173119620051642,0.015769999,0.7265791985722883,0.1227656145344943,0.7655632274026707
06063,0.5894962486602358,1.3110917806625366,1.65205580277853,0.041080002,0.8314040728831725,0.18610232355187084,0.6904482353753713
06065,0.3504131765306939,0.8477236032485962,-1.2902711274053,0.0094799995,0.35319242991425454,0.2322237884556891,0.5518610857706641
06067,0.742020775925796,1.0293253660202026,-0.537730738201224,0.01406,0.44723207392593106,0.23893002911575845,0.6530294191992845
06069,0.6045448522591759,1.0116409063339231,-1.08535402611968,0.01418,0.34290115277593747,0.1771964297608739,0.5569587761178705
06071,0.29664532526520093,0.9337186217308044,-1.34185370807375,0.01036,0.28527554977103636,0.26494568206097346,0.5368860227154937
06073,0.644889301291015,0.9612793922424316,-0.693185090900658,0.01499,0.45558586918924887,0.1950938455093134,0.6921334780872717
06075,1.3106298452159582,1.0073503255844116,0.0162520459640317,0.01926,0.4050729118212126,0.1610547982896795,0.7641422058590884
06077,0.38950825676707473,0.8434115052223206,-1.14965559928172,0.01006,0.31848645911745577,0.25194568318307986,0.5094629429570761
06079,0.6574167596973403,1.207771897315979,0.0211983208226501,0.025490001,0.6888699874187089,0.1858262745304362,0.713418088818524
06081,0.6101589345119967,0.8661918640136719,-0.468482890180567,0.01163,0.39238203702521296,0.11244229703136777,0.7473289920005804
06083,0.7514123404724062,0.96660178899765,-7.0661069408833e-4,0.01894,0.4450991279795158,0.2282332514609977,0.6313051633635293
06085,0.6338620056343289,0.9977564215660096,-0.50946631043769,0.01259,0.3153890851738289,0.12419264681066489,0.7427761772280477
06087,0.8249319248654923,1.0728964805603027,-0.319388033727928,0.022779999,0.5726962133434564,0.21399643053267436,0.708188888888889
06089,0.708657902372609,1.179295778274536,-0.213396429614677,0.01929,0.7980101778898735,0.25982277590569225,0.6570374000189687
06091,0.32894736842105265,1.212644338607788,1.20689106550288,0.050480001,0.8756578947368421,0.24759376037172257,0.6070247933884299
06093,0.8972117419711052,1.331431865692139,0.930606284114338,0.033690002,0.7610426060550289,0.28722663323582676,0.6474654377880185
06095,0.5307483211830821,1.04362690448761,-0.889622863857215,0.0089400001,0.38037340237965367,0.16694368355076838,0.6461002505770516
06097,0.7993645102166588,1.059052348136902,-0.0113057711054134,0.01945,0.6323323435486582,0.15639911470283663,0.7003985372125773
06099,0.32354922918883494,0.9497572183609008,-1.21890344730238,0.0082,0.4185778929811448,0.2650846664674005,0.4958210379889764
06101,0.5254450675795191,0.9134809374809264,-0.862771657481858,0.01048,0.4621003235909228,0.2653454706365763,0.5483345575320154
06103,0.5710977594192014,1.1079943180084229,-0.609805028998234,0.01097,0.6834240831142822,0.35154097114440463,0.5440820980615736
06105,0.03937007874015748,1.2398141622543335,-0.130016367712254,0.026590001,0.8210236220472441,0.31661718687314455,0.5755052300192952
06107,0.30039099541457204,0.8162718415260315,-1.2542339820068,0.0081099998,0.2851625250596452,0.3843015787420043,0.4529631363068498
06109,0.6799888981404385,1.2841846942901611,0.183718780462967,0.02723,0.8019428254232583,0.20163460777329212,0.6242494673639357
06111,0.535843061717554,0.8684266805648804,-0.663507441748947,0.01212,0.4541895491718628,0.16607959579511988,0.6589259593156841
06113,0.8649563841142479,1.088836908340454,-0.675519823548449,0.018139999,0.46676359085722696,0.2673571612927895,0.6844089476901855
06115,0.3503143006809848,1.039008378982544,-1.34609337223828,0.01054,0.551925091671032,0.25977448134722647,0.5869714571232277
08001,0.4438533012767105,0.9388822317123412,-1.35245286848508,0.0075400001,0.5002301094209971,0.1917026326066711,0.5516830889269247
08003,0.853666107903396,1.014703631401062,0.185132001851144,0.02079,0.4763146458061712,0.39231641432668574,0.5835325917455038
08005,0.944054859128708,1.081399917602539,-0.583660433316966,0.01001,0.6028236316246742,0.14090362173448567,0.7177490996535636
08007,0.6225005659096053,1.2289295196533203,0.783631259743965,0.03413,0.7632988757262507,0.18053231939163497,0.7131301173917333
08009,1.0530749789385003,1.3018505573272705,1.18074646982161,0.02084,0.8483572030328559,0.3226651149258074,0.5824386503067485
08011,0.34560221185415585,1.0163612365722656,-0.556102616247521,0.01413,0.6336616554345947,0.44215809284818064,0.36016762240846933
08013,1.3015100306967229,1.228671669960022,-0.0508759699743602,0.02327,0.7757092803323928,0.16993152800658984,0.8330850038776997
08014,0.8838346639955219,1.2295669317245483,-0.683292541183421,0.01142,0.7676987891465104,0.08586359531599275,0.8248212461695608
08015,1.0098685892519303,1.2260712385177612,1.85555968267597,0.03486,0.8492611341207752,0.18025586119804535,0.6652064678219416
08017,0,1.3875763416290283,1.72907636843416,0.082230002,0.7778874629812438,0.1805345436207766,0.5485799701046337
08019,0.07898894154818326,1.402071833610535,-0.473429165039185,0.030130001,0.8869931542917325,0.14554794520547942,0.7674891540130151
08021,0.3075787401574803,1.01165509223938,-0.522891913625369,0.015830001,0.44562007874015747,0.3790332550377056,0.5402951191827469
08023,0.4672897196261682,1.0084669589996338,-0.312321926787045,0.050639536,0.33377837116154874,0.48945260347129504,0.5646258503401361
08025,0.26068821689259647,1.0620243549346924,-0.609098418304146,0.018409999,0.6152241918665277,0.361307788421491,0.4352304918877157
08027,0.785175879396985,1.3089455366134644,3.33661569748512,0.081890002,0.8515494137353434,0.1714225322342,0.728488982161595
08029,0.7279568133486013,1.132866382598877,0.960990543960137,0.02844,0.8132504498609521,0.3167513382658802,0.5238415646166958
08031,1.2231141648808916,1.0410819053649902,-0.334933468997871,0.0156,0.5417247752191118,0.20963297791811752,0.7117617226046651
08033,0.2692514808831449,1.1153007745742798,0.136375863959049,0.064630002,0.8976844372644049,0.18847603661820145,0.5765379113018598
08035,0.7134546082174497,1.2194830179214478,-0.682585930489333,0.01052,0.8222687112584476,0.04969435863115679,0.8608450272494919
08037,0.4297653663978347,1.0745493173599243,-0.137082474653137,0.020020001,0.6720433057186226,0.1473686145475267,0.7305285027918452
08039,0.8360228642532177,1.340215802192688,-0.472722554345097,0.02751,0.8851732317144302,0.10855868195515206,0.7259631125177344
08041,0.7550352373621909,1.1613612174987793,-0.661387609666683,0.01177,0.6910257033881089,0.17961834575322166,0.738245800294173
08043,0.8875552080471673,1.1007694005966189,-0.445164737275652,0.02248,0.7909384839711756,0.2552949970929428,0.5073358237236749
08045,0.5461010922021844,1.155366063117981,-0.179479116298437,0.01725,0.6813817627635256,0.15515787662393532,0.6104636368263017
08047,0.4569624459953473,1.1787002086639404,-0.739114786016399,0.026289999,0.8529411764705882,0.1033128415300546,0.7702620353443023
08049,0.14702999411880024,1.2211538553237915,1.01963923156947,0.033939999,0.8729007384173038,0.1795781588803469,0.6780070805629911
08051,0.8183549577431258,1.2627172470092771,1.01469295671085,0.033369999,0.8693607903820973,0.23241057542768273,0.814640128289784
08053,0.29171528588098017,1.4318655729293823,9.14919526705578,NA,0.8996499416569428,0.16219369894982494,0.7098150782361309
08055,0.6737535559215452,0.8762193918228149,1.25282076061862,0.047320001,0.611319059739482,0.24608294930875577,0.6276840490797546
08057,0,1.249659776687622,2.28871203815212,0.043994449,0.8215701823949246,0.17928286852589637,0.5924024640657084
08059,0.7467840876273056,1.086214542388916,-0.442338294499298,0.01132,0.7812222728680336,0.11860476633497352,0.7422768637377207
08061,0.33579583613163194,1.407771348953247,2.84834770787008,0.051219892,0.9167226326393552,0.28561643835616435,0.6004016064257028
08063,0.6042701759097623,1.2472121715545654,1.06698214807339,0.026860001,0.7695716395864106,0.21550855991943607,0.5188534051558292
08065,0.7418397626112759,1.0454633235931396,0.305962430540249,0.021539999,0.638369242678364,0.26904418513176875,0.5797231709509257
08067,1.182192495100419,1.2220325469970703,0.110937878971869,0.02581,0.785479259938508,0.16250790227213563,0.7553868202046614
08069,0.938263154536437,1.1875218152999878,-0.110937878971869,0.01682999899999999,0.8258891022257284,0.17781432639440264,0.7688580033247054
08071,0.9988784522641244,1.017717719078064,0.502400203496807,0.023949999,0.5289499509322866,0.29637941352483543,0.583737057091289
08073,0.4923903312444047,1.1926820278167725,0.780098206273523,0.031199999,0.6710832587287376,0.22104357798165145,0.3643429681807141
08075,0.7931188561215371,1.1949594020843506,0.527838188483987,0.018300001,0.7620196604110813,0.26023255813953483,0.5584955460244144
08077,0.7009747516830007,1.1387124061584473,-0.650788449255357,0.01616,0.8138118477958973,0.23331823007892016,0.6293028970760458
08079,0.6067961165048543,1.4154186248779297,7.28586286674483,NA,0.8640776699029126,0.18689320388349517,0.8163558106169296
08081,0.7427439628247124,1.14350163936615,-0.121537039383194,0.017379999,0.8031538051344557,0.2334845804814274,0.499493984032385
08083,0.7106910990741808,1.1674696207046509,-0.391462324524938,0.030029999,0.724290269294303,0.2672998643147897,0.6077261981517301
08085,0.4677829487117977,1.1326388120651243,-0.0289710384576218,0.02276,0.7605431079978889,0.23505134616785217,0.575763692638945
08087,0.6049023389557107,1.0375961065292358,-0.0544090234448019,0.01532,0.5819335834765228,0.22991127106866693,0.47622411825444266
08089,0.7521058965102286,1.10451340675354,0.652201670643534,0.02066,0.5311782080735149,0.38304306434451474,0.5528549064843042
08091,2.0329441201000833,1.1169029474258425,2.12689818920589,0.062040001,0.9570475396163468,0.12946335351847982,0.8184887042326667
08093,0.5037219454860917,1.2939103841781616,-0.118003985912752,0.034559999,0.8894610175183298,0.1414838271884189,0.6678210474238463
08095,1.1655011655011656,1.2015398740768433,2.44487300154564,0.02334,0.7407925407925408,0.21306413301662708,0.5539285714285714
08097,2.036148610956153,1.050581693649292,2.15374939558125,0.02854,0.8532857302242552,0.10388882662781572,0.7984649122807018
08099,0.5822658459490934,1.0578529834747314,0.951804604936989,0.02379,0.5889203127599401,0.27095282938104615,0.5442500643169539
08101,0.6371172777771084,0.9192631244659424,-0.794937030849378,0.01162,0.5205624706293454,0.28859172328597904,0.6056933856255233
08103,1.018170426065163,1.238537073135376,0.0098925497172367,0.033070002,0.8464912280701754,0.20361765682044475,0.6036078803702825
08105,1.3047324192835028,0.972507894039154,1.22455633285509,0.02644,0.5207430340557275,0.28724072910119425,0.5491835401698236
08107,0.6481333758774729,1.156891107559204,0.749007335733636,0.026699999,0.8972160178685387,0.1573382833622533,0.76596548004315
08109,0.30339805825242716,1.0858564376831057,0.576594326376082,0.045290001,0.5858616504854369,0.3307434491163924,0.5251604887140195
08111,0.4244482173174873,1.394130825996399,4.12448662139362,0.11207242,0.8879456706281834,0.1816638370118846,0.6804123711340206
08113,0.37271710771524413,1.1143096685409546,1.00268057491135,0.038410001,0.8583674990682072,0.17896311066799597,0.8151760621590346
08115,1.8303186907838072,1.2918822765350342,2.447699444322,0.03119,0.8445305770887166,0.2999124343257443,0.5786864931846344
08117,0.44047114098339263,1.2189360857009888,-0.487561378920952,0.01929,0.821331854220366,0.13877604507928187,0.7492615266064473
08119,0.6116457347904094,1.151173114776611,0.527838188483987,0.032129999,0.8874571847985647,0.141545555601301,0.7396828786503657
08121,0.6676253081347576,1.302767038345337,1.3326677690506,0.02194,0.8693508627773213,0.21838574884539252,0.5734513274336283
08123,0.6058720463737739,0.997455358505249,-0.854998939846886,0.01036,0.6560317018454535,0.17877664317753628,0.6077083545334284
08125,0.8497450764770569,1.1149362325668335,1.11927133943592,0.018719999,0.747075877236829,0.24361351462711167,0.5419801384291303
09001,0.8398433775529014,1.0357788801193235,-0.234594750437328,0.01733,0.6174414096020239,0.14635847085135967,0.6854084892388288
09003,0.8855019411097843,1.1505849361419678,-0.259326124730419,0.016039999,0.610637662118199,0.17496058387464808,0.6306244002939563
09005,0.832408435072142,1.255014419555664,-7.0661069408833e-4,0.02303,0.8842210525159064,0.11940447919737052,0.6308396288785386
09007,0.9414116882240744,1.3569620847702026,0.00706610694088336,0.019950001,0.8390339337516023,0.11535827520608756,0.6839600110614834
09009,0.7985301680557613,1.1614630222320557,-0.604858754139616,0.01485,0.6289094159505454,0.18747616257455024,0.594104152712659
09011,0.8227682411458918,1.1859794855117798,-0.447991180052005,0.0175,0.7565578368674969,0.1630092572675612,0.6278404103066126
09013,0.7927156219590502,1.2943675518035889,-0.676226434242538,0.01959,0.8461171828972018,0.12439431483129049,0.6802689229552384
09015,0.6712935161196232,0.9993053674697876,-0.71791646519375,0.017240001,0.8270336118593759,0.176585374626812,0.552376154904659
10001,0.7852336459176339,1.2465896606445312,-0.880436924834067,0.01685,0.6159287828454038,0.22659136616622233,0.5453182441933353
10003,1.0720739348934218,1.179660677909851,-0.129309757018166,0.01749,0.5744032796022763,0.17292972242938298,0.6079968486353652
10005,0.658469409583571,0.995835542678833,-0.316561590951574,0.018230001,0.7496078151739874,0.1874869722043483,0.56935214957723
11001,3.5044890664272113,1.21383798122406,3.3380289188733,0.041409999,0.3657849261494796,0.22524542351093568,0.740880683887994
12001,0.7054245167512423,1.2140356302261353,-0.084086672596512,0.02101,0.610451207980621,0.29997968265097585,0.7138496143958868
12003,0.11520328949700472,1.043368220329285,-0.301016155681631,0.01257,0.8107830278969197,0.22927120669056156,0.43136637817991086
12005,0.4501512398372868,1.186794638633728,-0.673399991466184,0.01718,0.7611618293707215,0.2301962158764068,0.5965290646070478
12007,0.28370611706995646,1.0998458862304688,-0.209156765450147,0.02142,0.7354028626862393,0.32338754428650707,0.39207203581669103
12009,0.513230413983095,1.19688880443573,-0.606978586221881,0.01581,0.7443702637201605,0.20768777649755657,0.6393445639050193
12011,0.5127958862114884,0.9863519072532654,-1.15389526344625,0.01445,0.36278848824502063,0.2250472447213714,0.6160750728969986
12013,0.3481409274474307,1.074333667755127,-0.491801043085482,0.01417,0.7714802952235065,0.2579336092849607,0.35328772329912583
12015,0.5619466827196563,1.2542335987091064,-0.803416359178438,0.01926,0.8391258484428415,0.2090876779256534,0.5604815503834469
12017,0.4925293967720381,1.2588876485824585,-0.47554899712145,0.017000001,0.8800157058325124,0.2701147810449711,0.5118499411398103
12019,0.378420567157825,1.1678940057754517,-0.907288131209423,0.01085,0.7273810931624134,0.18982759444099528,0.6077777624060983
12021,0.6811090501355488,1.0432668924331665,-0.187958444627497,0.01606,0.6282625258108024,0.19638200737955205,0.6128916773004396
12023,0.43234049851360623,1.062645435333252,-0.317974812339751,0.01421,0.7227446832837868,0.2782984748449452,0.494314312248478
12027,0.460667154431889,0.8817277550697327,-1.22172989007873,0.0094400002,0.5475706582120695,0.41635730195899257,0.2971551789362185
12029,0.226053408885406,1.1976709365844729,-0.409127591877147,0.01538,0.8407981192356381,0.3504877228388833,0.3517202841861579
12031,0.6459720611075149,1.090143799781799,-0.294656659434836,0.013,0.5287731284167889,0.24095833802388955,0.6198075774583589
12033,0.5470651470058152,1.1371455192565918,-0.377330110643171,0.01455,0.6433709420685123,0.23501130838716663,0.6326083866382373
12035,0.4644766441107094,1.148709416389465,-0.88750303177495,0.017039999,0.7466143295598401,0.23173076038667784,0.5789486237656823
12037,0.48683430700194735,1.0707087516784668,0.156867574087611,0.03813,0.7710608754550843,0.3269664021941424,0.4609229420146882
12039,0.4353030797692894,1.1323295831680298,-0.227528643496444,0.01581,0.3231907715747089,0.33519158845529606,0.4362850300146185
12041,0.4038322285968919,1.0424548387527466,-0.793523809461201,0.01317,0.8621957333036261,0.3358653378706855,0.43263509658488875
12043,0.09248298313110388,1.0830789804458618,-1.51002705326677,0.017689999,0.5974400710269311,0.3352055352055352,0.36290638464551506
12045,0.7222650231124808,1.3017348051071167,0.658561166890329,0.027109999,0.7630970724191063,0.21321961620469088,0.4962355696837879
12047,0.24431104285913724,1.1015903949737549,-0.924246787867543,0.01022,0.5471171296942622,0.39159251861267474,0.27685791297651136
12049,0.4607275809959087,0.7089146971702576,-0.729222236299163,0.016650001,0.4705687221259814,0.4340025292443882,0.2806525472238123
12051,0.18413041343415495,0.9922532439231871,-1.16661425593984,0.0091800001,0.3203869193754296,0.3991184380914433,0.32585407658447274
12053,0.437435927713042,1.0063719749450684,-1.17792002704526,0.01233,0.7754531353153027,0.2465294972328488,0.5265849110728629
12055,0.5196399740905092,1.079729676246643,-0.401354874242175,0.01753,0.6709107959434245,0.31294501242351924,0.46950447942501394
12057,0.5607201967547836,1.0777288675308228,-0.71791646519375,0.01291,0.48786102295050615,0.2381731074510476,0.6154569717183894
12059,0.3216344174557431,1.0691651105880735,-0.103871772030985,0.01957,0.8666632358995472,0.3506434346885321,0.3801136363636364
12061,0.733818649384047,1.0685663223266602,-0.0247313742930918,0.020400001,0.7529433920604719,0.216315174739826,0.5892206170255856
12063,0.42757326102826154,1.149775743484497,-0.144148581594021,0.015860001,0.6531859422254667,0.3091624928359622,0.4204707357383029
12065,0.7238189393404421,1.038022518157959,0.20774354406197101,0.022709999,0.5961443400889768,0.29557757974514864,0.47276867030965386
12067,0.289452356142179,1.062943696975708,0.306669041234338,0.0195,0.6620354289683918,0.3204334365325078,0.36392724823172784
12069,0.5565723240436353,1.151075839996338,-0.508759699743602,0.016209999,0.697028048353847,0.22282880736254507,0.5742972044506802
12071,0.4484940363514078,1.0681523084640503,-1.06132926252068,0.01309,0.6718664403065625,0.22275072845063149,0.5744747191112489
12073,1.0240880698485004,1.1533836126327517,0.527131577789899,0.02224,0.5652241432860544,0.2871131266157334,0.7451269574911596
12075,0.4269484939237186,1.1480858325958252,-0.402061484936263,0.021090001,0.7975150360121773,0.34144209395839054,0.4376160729360122
12077,0.4194128220491312,1.14299738407135,-0.488974600309129,0.018850001,0.7624925104853205,0.3575853623397205,0.35558537403555857
12079,0.528169014084507,1.0105222463607788,0.137789085347226,0.022220001,0.5442578548212351,0.3824777128804181,0.4128723795513056
12081,0.5075309789101358,1.1092150211334229,-0.659267777584418,0.01425,0.7118082938370123,0.21166891379455632,0.596433286998812
12083,0.3648953683746033,1.0647532939910889,-0.838746893882855,0.0118,0.7033287509263817,0.2691777367719893,0.5069304526327372
12085,0.7088297236978593,1.1083929538726809,-0.183012169768879,0.020540001,0.7826423160343255,0.18387111256485744,0.6608007828426975
12086,0.4073085112846129,0.8675136566162109,-1.29804384504027,0.01182,0.13188942249987776,0.29439909649757556,0.5416844731763435
12087,1.0752262592680546,1.1352567672729492,0.411247423959412,0.02533,0.6626296208343228,0.1899586754682553,0.6471290257513616
12089,0.5595802546391008,1.2506120204925537,0.00565288555270669,0.01552,0.8706707742665287,0.1560506070660298,0.5958711240627353
12091,0.480877749099581,1.1412742137908936,-0.520772081543104,0.01449,0.7362189269556513,0.19215755675785007,0.6765587743971215
12093,0.3888780867198134,0.9820876121520996,-0.940498833831575,0.01093,0.6320241104413766,0.3342732159797618,0.3768306161923183
12095,0.5712185848300347,1.0141772031784058,-0.869131153728653,0.01372,0.4002138180072399,0.25265178078257644,0.6416497581202487
12097,0.3849923995965393,0.9327179193496704,-1.46904363300965,0.01037,0.3168047051469648,0.2788585583807456,0.5547605920157136
12099,0.611763469205687,0.993074893951416,-0.851465886376445,0.01449,0.545670489349343,0.21063721537125035,0.6448580868922774
12101,0.4117407101002284,1.0881922245025637,-1.19770512647973,0.01127,0.745536616330094,0.22288767029919987,0.5627729960155385
12103,0.6222360900042088,1.2074402570724487,-0.653614892031711,0.016489999,0.7398591844223804,0.20788483683604453,0.6332391866155199
12105,0.34573561171522754,1.0714755058288574,-0.788577534602583,0.0090100002,0.5887910255924502,0.27697911788101137,0.5031625061019745
12107,0.6620979631955441,1.1362285614013672,-0.317268201645663,0.01389,0.7148746791896466,0.38536252281880135,0.40602942020391375
12109,0.7070632760325984,1.1118767261505127,-0.658561166890329,0.01474,0.8263240066374032,0.1346276283477067,0.734185683062
12111,0.440170380288036,0.960561454296112,-1.1694406987162,0.0093200002,0.5732504225955194,0.24234028210082215,0.5310576360380339
12113,0.43918628937655574,1.2471367120742798,-1.13481677470587,0.01213,0.8236674201024291,0.16935368641646031,0.6453923350195636
12115,0.7395779697541812,1.206955075263977,-0.237421193213681,0.02311,0.8304989797280546,0.16268260613150545,0.6417962570516073
12117,0.506066293600808,0.974521279335022,-0.768085824474021,0.01559,0.6031833412078837,0.18241567406072431,0.7315225987918179
12119,0.3738683983237901,1.0848411321640017,-0.829560954859707,0.01708,0.8496689165413774,0.1520080373459437,0.6177914821185089
12121,0.31217363665259046,1.174811601638794,-0.460710172545595,0.016179999,0.7550969441038914,0.2659655287023408,0.43414164123976234
12123,0.3200731595793324,1.1665079593658447,-0.0275578170694451,0.021050001,0.7205761316872428,0.307838639288312,0.3495031055900621
12125,0.26138665621120044,1.1511561870574951,-0.999854132134995,0.0091800001,0.6950924655296347,0.3079181961195595,0.391157068996256
12127,0.4408308123030008,1.1300495862960815,-0.785044481132141,0.01449,0.7167387094188675,0.2402793557187748,0.5873847617465626
12129,0.4950341882986294,1.163016676902771,-0.237421193213681,0.01471,0.796293431515114,0.2045848050419005,0.5152294049608019
12131,0.6372505933022765,1.195931911468506,-0.440925073111122,0.01898,0.8426943248073598,0.21989307397227176,0.6066003038298552
12133,0.3432401873687611,1.165381669998169,-0.326454140668811,0.01812,0.7741075755128413,0.3778812360217262,0.4112745372182765
13001,0.5016268980477223,1.0205215215682983,-0.456470508381065,0.01292,0.6911605206073753,0.3728511821974966,0.362060546875
13003,0.06068697657482704,0.8141867518424988,-1.40050239568308,0.0089499997,0.565238499817939,0.450609756097561,0.325
13005,0.4463887152932774,0.992697536945343,-0.219049315167384,0.00923,0.7351129363449692,0.401146679407549,0.3970628229534947
13007,0.3991060025542784,0.9754739999771118,-0.658561166890329,0.021789122,0.5063856960408685,0.29948914431673057,0.4273010226767452
13009,0.3713063332668307,1.089681625366211,-0.563875333882492,0.019239999,0.5238411917270732,0.3389801672175773,0.5073837415690451
13011,0.22717553987598887,1.0202995538711548,-0.799883305707996,0.01743,0.8779666452854393,0.29300931377796813,0.3786849822503473
13013,0.4589130407261587,1.0423381328582764,-0.963110376042402,0.0087200003,0.713448367535542,0.2240382901805036,0.504343303992758
13015,0.30976276937446984,1.0528433322906494,-0.965936818818755,0.01283,0.7747595764351547,0.2542309029790194,0.502256388355043
13017,0.3229026008336758,1.0173615217208862,-0.686825594653863,0.0132,0.5583866611871073,0.3849067949488876,0.3826718036018278
13019,0.32633667502088554,0.9906867146492004,-1.53334520617169,0.0097399997,0.8182435254803676,0.3634388085016166,0.36602743879329946
13021,0.8550913838120104,1.1218456029891968,0.463536615321948,0.01306,0.38323759791122713,0.3510776244489032,0.5550429796559626
13023,0.37089091902865623,1.0620537996292114,0.0791403977378936,0.01389,0.6856406652611853,0.30759662372278984,0.4764998089415361
13025,0.21326508850501172,1.085171461105347,-1.20194479064426,0.01177,0.921571763702282,0.3763839621627432,0.34281015037593987
13027,0.4490057729313663,1.0144901275634766,-0.287590552493953,0.021779999,0.5647209749839641,0.3667918663385572,0.5011296882060552
13029,0.4789142810889566,1.1675899028778076,-0.950391383548812,0.0090500005,0.7305398915360333,0.17194336494822948,0.6733313353598492
13031,0.3678402522333158,1.155635118484497,-1.01963923156947,0.01787,0.6348265895953757,0.3688077463227142,0.6011231994736471
13033,0.24422735346358793,1.0114184617996216,-0.402768095630352,0.01444,0.4726909413854352,0.3399127737062182,0.41763986963606736
13035,0.6953092569530925,1.028543472290039,-0.169586566581201,0.015760001,0.6603154836031548,0.32313955690210183,0.3588883000647706
13037,0.31421838177533384,1.0098278522491455,-0.0268512063753568,0.0084098652,0.32615868028279654,0.4632819582955575,0.36178343949044584
13039,0.4461685859743383,1.2299659252166748,-0.714383411723308,0.0131,0.6979955289211174,0.2492634290062633,0.5913943322727407
13043,0.2081021087680355,0.9580370783805848,-0.542677013059842,0.017309999,0.6063633000369959,0.4488884666539996,0.4000277893566764
13045,0.5312203988633164,1.0582013130187988,-0.624643853574089,0.01465,0.7025080429755169,0.275527214034345,0.5124981451754327
13047,0.2623688155922039,1.1651774644851685,-1.45208497635153,0.01874,0.9094602698650676,0.18583185559041515,0.5458996061707173
13049,0.19171779141104295,1.0085771083831787,-1.25635381408906,0.01082,0.6114263803680982,0.4026215644820296,0.3400765445598688
13051,0.59792856746714,1.124053955078125,-0.271338506529921,0.01543,0.4849841938883035,0.24772308674024335,0.6567935286005393
13053,0.3787878787878788,1.231389403343201,-3.18328117686795,0.021640001,0.5757575757575758,0.3495321882418657,0.6593127684498242
13055,0.42318233113009834,1.056775689125061,-0.572354662211552,0.01192,0.8276640335321619,0.35565018877864607,0.3371719179283334
13057,0.49491949982829325,1.123786211013794,-0.757486664062696,0.01187,0.7872088560289275,0.12999543832782134,0.6968847726726005
13059,0.8301895764646209,1.135854959487915,-0.428206080617532,0.019300001,0.550168019274664,0.4237760416666667,0.6807118481541021
13061,0.9318874957641478,1.0666910409927368,0.204917101285617,0.017339068,0.35411724839037617,0.5376121463077985,0.4374146563495676
13063,0.5008147056126515,0.93897080421447765,-1.61460543599185,0.0147,0.10072371251825152,0.3244483372621957,0.5117738064090459
13065,0.33652408016751423,0.9783220887184144,-0.0261445956812684,0.015659999,0.6512114866886031,0.5374582954200788,0.35251636199503494
13067,0.7567710038896831,1.0796958208084106,-0.602032311363262,0.01507,0.5190876682933583,0.16642848161423218,0.7358100315806817
13069,0.1859556960554148,0.9262692928314208,-0.614751303856852,0.01225,0.5813439947932405,0.35102866951910017,0.3851578835453805
13071,0.2748098315965352,0.8858327865600586,-0.811895687507498,0.0072400002,0.5588093039616585,0.4032164265903194,0.358959576776994
13073,0.5341561328423078,1.1860313415527344,-0.837333672494678,0.01039,0.6867124514780532,0.12418030050083471,0.6892491604030065
13075,0.34930430226465625,0.9620686769485474,-0.774445320720816,0.01454,0.6471444373289864,0.36421289710763394,0.4278888692266855
13077,0.40834845735027225,1.127302885055542,-0.746887503651371,0.01311,0.7100167527572246,0.16699939546457843,0.60583225483238
13079,0.16227180527383367,1.0069164037704468,-0.987135139641405,0.0298,0.732657200811359,0.3032591741236351,0.4313117390305536
13081,0.1981244221371021,1.0348538160324097,-0.642309120926297,0.00911,0.4988332672918593,0.47748436726798327,0.4517535169407569
13083,0.20065444218065073,1.1883314847946167,-1.47610973995053,0.02307,0.9332592455392974,0.24988190836088808,0.43029430294302945
13085,0.7030485816759048,1.1845228672027588,0.142028749511756,0.01539,0.921014020215194,0.13848498578901847,0.5806562054208274
13087,0.4310021737500937,1.0326669216156006,-0.192904719486116,0.01336,0.5020987931939135,0.34616894331920234,0.4577885482416591
13089,0.940849273277345,1.0741077661514282,-0.470602722262832,0.01396,0.2912762587028558,0.24534992976792824,0.6846030241852417
13091,0.33606990253972824,1.1736159324645996,-0.571648051517464,0.01459,0.6473666522636708,0.3704793494543121,0.41413394298009687
13093,0.21840419336051253,1.0080784559249878,-0.544090234448019,0.01452,0.4258881770529994,0.3277840633586553,0.3661659441475955
13095,0.6242823539903906,1.1087411642074585,-0.150508077840816,0.01285,0.2522546626088314,0.40321866405630913,0.5316301703163017
13097,0.5686734209718385,1.0355262756347656,-0.835213840412413,0.01271,0.4052443551313182,0.21994563490662625,0.5744060475161987
13099,0.46062839410395656,1.0387691259384155,0.325040919280635,0.01206,0.4521916214119472,0.4339566636984268,0.4326106065045414
13101,0,0.7564562559127808,-2.047757791468,0.035384431,0.6631499623210249,0.3315749811605124,0.32222222222222224
13103,0.3100352200009921,1.1264265775680542,-1.04083755239212,0.01007,0.7827603882467715,0.15436544406383157,0.5083052265868689
13105,0.560889074402588,1.0276778936386108,0.0211983208226501,0.01685,0.6351351351351351,0.34993648105017994,0.3752336798025873
13107,0.0998535481294102,0.9591450691223145,-0.720036297276014,0.01168,0.5926862823414547,0.36044738179969493,0.3775955916941066
13109,0.25732197997567136,0.9550716280937196,0.0098925497172367,0.01558,0.5625526340413587,0.4132768639810893,0.3733869848758152
13111,0.29533372711163614,1.1294574737548828,0.368144171620023,0.023949999,0.9489269541248276,0.22777533830984784,0.530986563122669
13113,1.077442276697862,1.177991509437561,0.689652037430216,0.023669999,0.6219780415483113,0.11130675386743805,0.7443360604153556
13115,0.490402489498711,1.1125866174697876,-0.491801043085482,0.01774,0.7076379545851349,0.29989152265672825,0.48103863243643546
13117,0.3612352933449513,1.1024997234344482,-0.812602298201586,0.019300001,0.7170411107656874,0.08993341683696998,0.7740377796837961
13119,0.30747606079240974,1.2121399641036987,0.152627909923081,0.017270001,0.8346218044452254,0.323502886002886,0.4291518864882296
13121,1.162179116000772,1.0014362335205078,-0.0275578170694451,0.02132,0.39642057517853696,0.21928751578804773,0.7486391130471023
13123,0.5096337213125535,0.9961922764778136,-0.486148157532775,0.021980001,0.8586835010192675,0.27642842922556243,0.4631805543098037
13125,0.33377837116154874,1.2713626623153689,-0.392875545913115,0.01397,0.8738317757009346,0.2919382504288165,0.3733463988241058
13127,0.7162306144193205,1.1359214782714844,-0.0544090234448019,0.02049,0.6355747602699183,0.2643568998473246,0.6138300750862478
13129,0.3103038355302262,1.0969107151031494,-0.903048467044893,0.01542,0.7751652040138457,0.30754656845385653,0.4299116853167012
13131,0.19131625584018044,0.985891342163086,-0.97653597923008,0.01444,0.5797083937489931,0.34771791002161767,0.4095553062068151
13133,0.9222433569658194,1.1021264791488647,0.532784463342605,0.02196,0.5751916536976195,0.3146217900192162,0.5192412345487056
13135,0.5529776645108552,1.0489742755889893,-0.791403977378936,0.01495,0.3728828933190244,0.19630860664758965,0.6534373611823363
13137,0.30251422937301126,1.1897966861724854,-0.630296739126796,0.017340001,0.7729350602787612,0.25144221675808587,0.4492141064588562
13139,0.3649322736035678,0.9802226424217224,-0.852879107764622,0.01316,0.6081986439620067,0.2355017983053258,0.5137098266609093
13141,0.32295948326482676,1.2614216804504397,-1.18922579815067,0.019992953,0.24310041103934232,0.38941273779983454,0.3104704097116843
13143,0.2651657713757827,1.006453514099121,-0.830267565553795,0.01506,0.9087487597084888,0.2555532344544251,0.4515691689681145
13145,0.4838000293212139,1.1400792598724363,-0.419726752288472,0.01311,0.768772907198358,0.12854459253958317,0.6847189695550351
13147,0.3783028751018508,1.0260800123214722,-0.156160963393522,0.02258,0.7480696853296085,0.3116684138375937,0.44536237326323697
13149,0.1278118609406953,1.1780849695205688,-0.752540389204078,0.01499,0.8476482617586912,0.24643478260869567,0.34548375139009024
13151,0.644535756758196,1.1193727254867554,-0.799176695013908,0.01213,0.4342018850174834,0.16890286388079967,0.595692645897022
13153,0.3354895867940876,1.3088668584823608,-0.85358571845871,0.01196,0.5625085500986926,0.23196329523142123,0.6450787773829785
13155,0.509656652360515,1.1939221620559692,-0.0727809014910986,0.01135,0.6678111587982832,0.3806092368162464,0.4126322539275409
13157,0.659203064005303,1.1708498001098633,-0.620404189409559,0.0097700004,0.8134786771746336,0.19894085179383905,0.5191355736310705
13159,0.43115837884449554,1.135575771331787,-0.604858754139616,0.01341,0.7420954297211843,0.2990325417766051,0.4464952301949398
13161,0.166267624368183,1.1790448427200315,-0.575181104987906,0.0079600001,0.7084996009577015,0.45039085989176186,0.4058551617873652
13163,0.4802151363810987,1.1632797718048096,0.160400627558052,0.01616,0.4200922013061852,0.3811135443625987,0.34626585251291686
13165,0.45490731263505063,0.9804291129112244,-0.767379213779933,0.017899999,0.5466848629591721,0.48124354709188943,0.3449632290063281
13167,0.3611598390259003,1.216572403907776,0.0360371453985051,0.01179,0.6239810133113198,0.3384598362469573,0.29200746161572677
13169,0.4023933657580741,1.1962924003601074,-0.768085824474021,0.01956,0.7143357010392246,0.2538616521155138,0.4987527363437356
13171,0.6828406169665809,1.0634427070617676,-0.595672815116467,0.018309999,0.6516173950299914,0.25855270787428974,0.47611989459815546
13173,0.313102119460501,1.0367376804351809,-1.0118665139345,0.0167,0.6861271676300578,0.3509562431160509,0.4211678832116788
13175,0.27423267587807193,1.0825440883636477,-0.0473429165039185,0.01493,0.5721759308089864,0.37292602834427935,0.4277387441318252
13177,0.31353806521591754,1.1725414991378784,-1.29168434879348,0.0090800002,0.7163582130025083,0.1809299546620743,0.6108295407529996
13179,0.3912044206099529,1.1538429260253906,-1.41039494540032,0.01336,0.3887104924285644,0.2986775797341631,0.591487803504028
13181,0.0954684317718941,1.136481761932373,0.744061060875018,0.021509999,0.6617871690427699,0.2996134020618557,0.42470506592644
13183,0.187245880590627,1.064145803451538,-1.84284069018238,0.0078800004,0.5789107639631929,0.3205469046714774,0.5291958340447328
13185,0.5352623001976353,1.096799612045288,-0.346239240103285,0.01181,0.5377934190908775,0.34880791722896987,0.5523058626613223
13187,0.8255663230664774,1.133080005645752,-0.918593902314837,0.026769999,0.9056231096845874,0.27300048473097427,0.5440074447764118
13189,0.3146119785597763,1.035003423690796,-0.112351100360045,0.01278,0.5352132370076905,0.3710347432024169,0.4173986965145934
13191,0.4762240722449555,1.120153784751892,-0.632416571209061,0.031629998,0.620996190207422,0.2641225746402234,0.4778873112055711
13193,0.11273957158962795,1.0080024003982544,-0.388635881748585,0.01189,0.32333709131905297,0.40842442015462543,0.3881599664112522
13195,0.13690190978164146,1.083462119102478,-0.359664843290963,0.01308,0.8184680676295434,0.2826778184834451,0.4338611207623963
13197,0.08894686907020873,0.9783877730369568,-0.978655811312345,0.0095600002,0.5922675521821632,0.3125601539942252,0.42333113020489094
13199,0.2368994598692315,1.0483033657073977,-0.44587134796974,0.0153,0.5634890552449541,0.35471877979027644,0.3994600067499156
13201,0.47520304129946433,1.068673849105835,0.0897395581492187,0.019029999,0.6797995507171246,0.3298251872993222,0.4609394013141884
13205,0.26973565905412694,1.0237044095993042,-0.186545223239321,0.01277,0.4585056644488401,0.38652839307289566,0.3768619988188201
13207,0.34043649479224175,1.136122226715088,-0.664214052443036,0.01795,0.7240808214640609,0.21733297558357936,0.5239769150052466
13209,0.33119894016339146,1.0173728466033936,-0.226822032802356,0.029100001,0.6533451092956503,0.3146980354111084,0.43661971830985913
13211,0.6348949046306803,1.1014677286148071,0.185838612545232,0.025450001,0.7195115361755011,0.14611922274673397,0.5162246489859594
13213,0.16362904037861242,0.9845245480537416,-1.71494415455239,0.0083600003,0.8254204007652804,0.2736796381940363,0.33290522419068486
13215,0.565804464107817,1.109164476394653,-0.903048467044893,0.0165,0.4034658397151309,0.30577045358202626,0.606830212126694
13217,0.3909177546054275,1.0528017282485962,-0.901635245656717,0.01411,0.464447302436181,0.24771503106056336,0.5285268810994976
13219,0.6818420224483374,1.2212107181549072,0.280524445553069,0.02179,0.8413668310080772,0.10872950927856816,0.7521939491083951
13221,0.4855669412631438,1.1111730337142944,-0.410540813265323,0.0218,0.7564128323621995,0.25868360589268824,0.4086575133485889
13223,0.3003284842796809,1.1697989702224731,-1.26483314241812,0.01173,0.7099515094634756,0.16004106362342385,0.5648448154130357
13225,0.6262663473936269,1.10856032371521,-0.42043336298256,0.01249,0.4576901823540247,0.31538856218178946,0.5316355404640634
13227,0.7885430273680186,1.126727819442749,-0.520065470849015,0.020780001,0.8662184981043107,0.1857835736999326,0.5384783750656628
13229,0.33766233766233766,1.2456867694854736,-0.580833990540612,0.01664,0.8403116883116883,0.3395278228550489,0.40626446536028393
13231,0.36830905221803895,1.1629338264465332,0.0155454352699434,0.01994,0.8691002346265073,0.14424788607031602,0.4637762461933002
13233,0.2326524768540613,1.066573143005371,-0.44163168380521,0.01168,0.7200534504151952,0.3126652882627302,0.4089239608713044
13235,0.28976462196861624,1.1214097738265991,0.0219049315167384,0.01133,0.5739122681883024,0.301069685325579,0.44292729668223735
13237,0.6223779447697202,1.1222176551818848,0.252260017789536,0.01517,0.656862293116961,0.27890362345909603,0.49996812647415056
13239,0.32765399737876805,1.1537426710128784,-0.354718568432345,0.023445917,0.3704674530362604,0.33508082131935346,0.2923076923076924
13241,0.6158005407029138,1.0706138610839844,1.07687469779062,0.034790002,0.8770201261640133,0.3264841587203937,0.5169751870815281
13243,0.3226731679334576,1.0807182788848877,0.124363482159547,0.018829999,0.3464792772121038,0.4986698196866687,0.3875373452838241
13245,0.5139904484473773,1.1478769779205322,-0.354718568432345,0.01719,0.34533222360937715,0.3494302795483898,0.5276788825427606
13247,0.6743426552381377,1.157545804977417,-0.41619369881803,0.02373,0.3172197019516925,0.24443818325256397,0.5727642276422764
13249,0,1.108441710472107,0.284057499023511,0.01815,0.6799463704271212,0.2781076422141352,0.5274174528301887
13251,0.3931660590463936,1.1264526844024658,-0.351892125655991,0.01592,0.5445707341482593,0.3346125461254612,0.4195638757457314
13253,0.3004446580939791,1.0646129846572876,0.132136199794519,0.0084100002,0.615070304049994,0.33511933755479784,0.47715143428952633
13255,0.4287508039077573,1.1372867822647097,-0.561048891106139,0.015659999,0.5851682846905338,0.3113841728418222,0.4203103595409732
13257,0.7087378640776699,1.1176478862762451,0.350478904267815,0.018890001,0.823495145631068,0.23175395515478447,0.4346703391289379
13259,0.19863340219291276,1.2080671787261963,-0.090446168843307,0.0086770775,0.23375178770061977,0.46151972722844614,0.31676891615541924
13261,0.6818786588610963,0.9825555086135864,-0.108818046889604,0.01866,0.39379324108568386,0.38437298574804846,0.4677698975571316
13263,0.23730422401518747,1.0095651149749756,-0.334933468997871,0.019698191,0.4068976427780414,0.3655776892430279,0.3677940863646033
13265,0.4655493482309125,1.0534918308258057,-0.092566000925572,0.013426044,0.32774674115456237,0.3060211049037864,0.248582995951417
13267,0.11819399574501616,0.9755300879478456,-0.83662706180059,0.01312,0.5765897092427704,0.369011426774295,0.3770134228187919
13269,0.3696402168555939,1.097419023513794,-0.208450154756059,0.018999999,0.5731887629374076,0.4410845932775209,0.40961300583141896
13271,0.2494543186778921,0.8626299500465393,-0.56034228041205,0.00868,0.4894293732460243,0.4132199157171843,0.2308649141719877
13273,0.37198122925489296,1.1003952026367188,-0.180892337686614,0.01498,0.3560718782190683,0.4257826449232234,0.4513761467889908
13275,0.3865113152587945,1.134994626045227,0.397115210077645,0.017720001,0.5761147210396594,0.3184794761220252,0.5331666227954724
13277,0.2898300485927826,1.0287363529205322,-0.302429377069808,0.01218,0.558545669815742,0.3418250753090267,0.47250872431174873
13279,0.30587275693311583,1.1518216133117676,-0.371677225090465,0.01373,0.6023654159869495,0.3752867295904937,0.42559981763264376
13281,0.8392872514418525,1.2827956676483154,0.720036297276014,0.02647,0.940862529052251,0.2439160319524428,0.6001885902876002
13283,0.29433406916850624,1.0881792306900024,-0.565288555270669,0.0079500005,0.7205298013245033,0.3933457711442786,0.3288020390824129
13285,0.4362190534761653,1.0951852798461914,-0.468482890180567,0.01544,0.56275118351235,0.32192293577981657,0.482742782152231
13287,0.18884552436107263,1.070281147956848,-0.0671280159383919,0.01473,0.5374543623316127,0.4159884484116566,0.4316016537839295
13289,0.3038036213391664,1.0654518604278564,-0.807656023342968,0.02421,0.5504921618665695,0.2953932859593237,0.35692307692307695
13291,0.6763139814496737,1.1464958190917969,0.640895899538121,0.03108,0.9386379251116456,0.23439703808180537,0.5502837934644845
13293,0.32398231437719166,1.0984388589859009,-0.532077852648517,0.01379,0.6721298978502821,0.3284078026660412,0.4388420993920464
13295,0.2534799171482785,1.2598164081573486,-1.30652317336933,0.01148,0.9087906835267024,0.2783778577884458,0.4674329501915709
13297,0.5932722381400232,1.1650793552398682,-0.599205868586909,0.01165,0.7463747512084162,0.21492001197325972,0.5087448475194193
13299,0.2317871491585424,1.1312047243118286,0.092566000925572,0.01368,0.6334672547972916,0.38213181349663494,0.4217256311790179
13301,0.613554842363602,1.1253914833068848,-0.117297375218664,0.02005261,0.3749292052104965,0.3973966309341501,0.33444472941779946
13303,0.3425327852808769,1.1875916719436646,-0.297483102211189,0.01524,0.4252789195537287,0.3516923910100189,0.3661715246636772
13305,0.28534980529072107,1.1383157968521118,-0.3271607513629,0.01534,0.7116959849603868,0.3243872281620481,0.4141116548486967
13307,0,1.0049234628677368,-0.281231056247158,0.012424016,0.5183908045977011,0.2981580966999232,0.3859275053304904
13309,0.22073662966700305,0.988598883152008,-1.43865937316385,0.0093900003,0.5618062563067608,0.38904786680541104,0.30346607669616515
13311,0.39845366068703586,1.0958389043807983,-0.446577958663828,0.022120001,0.9229882329004035,0.18581452944413868,0.5428312505962034
13313,0.34296842771760505,1.0285608768463137,-0.937672391055222,0.01168,0.5842838915164481,0.29709087371083864,0.4002620763595211
13315,0.22665457842248413,1.243873119354248,-0.501693592802719,0.0112,0.5851087941976428,0.3693452380952381,0.3656927426955703
13317,0.6603006907761073,0.9836865663528442,0.262859178200861,0.01462,0.5093457943925234,0.3589029796886277,0.3969399538106236
13319,0.33296337402885684,0.9820729494094848,0.258619514036331,0.032299999,0.5670366259711431,0.34121621621621623,0.34128381623179127
13321,0.26837123060407925,1.2752832174301147,-0.682585930489333,0.01257,0.67302625158583,0.30332362091955156,0.401954580608873
15001,0.5414646619104678,0.9855351448059082,-0.8663047109523,0.01963,0.3030547631342782,0.23337288230531472,0.6215123132195063
15003,0.587924099912573,1.1473431587219238,-1.03447805614532,0.01293,0.183677033694448,0.13426554937831858,0.6596041325500624
15007,0.5399267093034598,1.04091477394104,-0.552569562777079,0.0263,0.29523889144338084,0.15497858672376874,0.6247943273525034
15009,0.6627344423089668,1.103704810142517,-1.08818046889604,0.01932,0.30233945258135064,0.14200760307545623,0.6072961555068279
16001,0.8952629862383413,1.2131227254867554,-0.516532417378574,0.0147,0.846640793785255,0.1689050660788027,0.7279336051063
16003,1.098364657066146,1.3174837827682495,0.421139973676648,0.03063,0.921161825726141,0.2042772861356932,0.5537550638828296
16005,0.5538389786043257,1.2152127027511597,-0.768792435168109,0.0123,0.836751588643386,0.27518777209013057,0.6600633914421553
16007,0.5416666666666666,1.3318458795547483,-0.763139549615403,0.016209999,0.9291666666666668,0.2594530722484808,0.551056338028169
16009,0.3282994090610637,1.209918975830078,0.131429589100431,0.02578,0.8463558765594222,0.28278233858442425,0.49128489896652783
16011,0.3326861406226139,1.130090355873108,-0.957457490489695,0.0125,0.7373415650428674,0.25334960070984913,0.5782957557274081
16013,0.30170294551468285,1.133429765701294,1.20335801203244,0.030479999,0.7462566486389844,0.1865651589789521,0.6312503940979886
16015,0.7793439956627812,1.361042618751526,-0.0176652673522084,0.035980001,0.9093250203307128,0.18991138377641448,0.6375500261005742
16017,0.6477723510123593,1.2461745738983154,0.0854998939846887,0.033100002,0.9308202059113526,0.24130636913063697,0.6103654567434363
16019,0.5704070214700329,1.1743146181106567,-0.845813000823738,0.0096399998,0.8302765927687251,0.20947749977897623,0.6651653602413639
16021,0.3588011819333052,1.1939951181411743,0.186545223239321,0.027860001,0.9035035880118192,0.26921429183446144,0.49117214320745456
16023,0.2905850445563735,1.3364746570587158,-0.35259873635008,0.01564,0.9473072452537776,0.29972430090586843,0.5674686192468619
16025,0.7156488549618321,1.288274168968201,2.39541025295946,0.04584102,0.9809160305343512,0.28816793893129766,0.5013661202185793
16027,0.392863214677921,1.0049461126327517,-1.10019285069554,0.0093,0.7030689279658875,0.2755773575042474,0.5303756815296138
16029,0.39551272831871137,1.3012046813964844,-0.45011101213427,0.01454,0.9171580612685172,0.20920075702431215,0.5885558583106267
16031,0.2638243984803715,1.012692093849182,-0.631709960514972,0.0088099996,0.6984381595609962,0.2647360766532637,0.5384120631744443
16033,0,0.9117785096168518,-0.690358648124304,NA,0.4611171960569551,0.2913472070098576,0.3181818181818182
16035,0.4323763403666551,1.3265719413757324,0.787164313214406,0.02788,0.9024558976132826,0.24822328466210108,0.549601417183348
16037,0,1.3621928691864014,1.09100691167239,0.02887,0.8920604461501559,0.2775223808371643,0.6081377151799687
16039,0.5141532363609169,1.2118985652923584,-1.00056074282908,0.01064,0.7263956923307033,0.3147239500830661,0.6316511572417084
16041,0.4827688651218063,1.0655710697174072,-0.850052664988268,0.0071800002,0.9107991681521094,0.180883558071966,0.5253554800553668
16043,0.15360983102918588,1.2724167108535769,-0.361784675373228,0.017030001,0.8484639016897081,0.24284795885567345,0.5639562529719448
16045,0.6924009001211702,1.1859080791473389,-0.580833990540612,0.01339,0.8774450406785529,0.24972356398766227,0.5086106002340746
16047,0.2970689199894376,0.9719098210334778,-0.276991392082628,0.01853,0.6785714285714286,0.2571752014383698,0.44020121137460216
16049,0.4265431722625069,1.1411411762237549,-0.168879955887112,0.02581,0.9095728474803484,0.31480778958017197,0.5441322314049588
16051,0.23655989346043316,1.1540095806121826,-1.24363482159547,0.00825,0.8673862760215882,0.16206351991577472,0.64667963999027
16053,0.4951538137378846,1.058084487915039,-0.899515413574452,0.00679,0.6149599662873999,0.30550599031353554,0.4657553257927971
16055,0.6118025450985876,1.1851365566253662,-0.425379637841178,0.01445,0.906275028285936,0.2021015108228451,0.6593759461269576
16057,0.879635489178585,1.267723798751831,0.0317974812339751,0.03039,0.8869763321098595,0.2665401226926357,0.7610789980732178
16059,1.6566840830890786,1.2922136783599854,0.995614467970465,0.025590001,0.932840576016312,0.2769290523045055,0.6182278481012659
16061,0.39082855653986454,1.3156390190124512,1.26977941727674,0.10592,0.8381969775924961,0.3145267598207224,0.5883652430044184
16063,0.794392523364486,1.015535593032837,-1.05567637696797,0.0163,0.6613084112149533,0.30636930636930637,0.43320440345135375
16065,0.319693094629156,1.1469645500183103,-1.52769232061898,0.0082,0.8829923273657289,0.43504562963728965,0.8070969715509331
16067,0.5674957739676406,1.04810631275177,-0.664214052443036,0.0095899999,0.6200917652740884,0.2754768525293917,0.4710609690132138
16069,0.795683417460278,1.222759485244751,-0.0890329474551303,0.01887,0.8696322450704925,0.21474571939688217,0.5991647033626044
16071,0.6841505131128849,1.298633098602295,-0.688945426736128,0.0091000004,0.9340935005701254,0.20133149678604223,0.5529970760233918
16073,0.2596952908587258,1.0507776737213137,-1.0903003009783,0.017899999,0.6849896121883656,0.28967940272288095,0.4279273305927595
16075,0.6018916595012898,1.0152904987335205,-0.884676588998597,0.01512,0.7842218400687876,0.2456928512234483,0.5094327263199266
16077,0.3584930256811367,1.1658669710159302,-0.852879107764622,0.02282,0.6132186155651154,0.2599159443131074,0.4656457787628451
16079,0.7534300896185264,1.3178642988204956,0.599912479280997,0.018610001,0.9120469505908478,0.3454354330071966,0.4921204216932942
16081,0.4157185366707509,1.2130311727523804,-0.444458126581563,0.02186,0.8116576229651672,0.16641810685147818,0.7716177616203584
16083,0.5331746574131897,1.0618258714675903,-0.474135775733273,0.0139,0.7903946081608125,0.24950421714094573,0.5992115637319316
16085,0.7236903539079279,1.2749683856964111,1.623791375015,0.04166,0.94593332710804,0.17110733182161753,0.6793427230046947
16087,0.4474495376354778,1.1896612644195557,-0.187958444627497,0.020439999,0.7893009843889828,0.33142627722573526,0.5124280297710996
17001,0.9419686767042446,1.2173629999160769,0.38651604966632,0.018309999,0.9168343799651965,0.20686447772300257,0.5710352303523035
17003,0.03993610223642172,1.1060889959335327,-0.0395701988689468,0.022019999,0.6276357827476038,0.3527592381572522,0.4580831665554814
17005,0.6932304539152451,1.2537646293640137,-0.199970826426999,0.0209,0.8779914401109169,0.23488936859147325,0.5610254663146239
17007,0.4249397612865869,1.0256491899490356,-1.23515549326641,0.01245,0.7300184918841175,0.1691245803945235,0.5137968464351006
17009,0.7920941460470731,1.08070707321167,0.199970826426999,0.016960001,0.7385334942667471,0.21615905245346867,0.4548632531359243
17011,0.8529074331260189,1.1721410751342771,0.688945426736128,0.022469999,0.8769699897349194,0.19907464150018384,0.542235603426342
17013,0.3105590062111801,1.263197660446167,0.0657147945502153,0.01438,0.9697722567287784,0.17823878069432686,0.4813753581661891
17015,0.950504631549841,1.2512156963348389,0.780098206273523,0.032099999,0.9307341352136044,0.17533759772565738,0.5303385538778955
17017,0.8204594572960858,1.0937647819519043,-0.40347470632444,0.01186,0.754822700712399,0.2428837888249128,0.4095025285193461
17019,0.942016558531264,1.2403483390808103,-0.189371666015674,0.02135,0.6716256514324368,0.2786485957630872,0.7297727198189629
17021,0.7287965746560991,1.200861573219299,0.280524445553069,0.0211,0.9501989007318332,0.22459978826473329,0.47915522703273494
17023,0.6044795113260372,1.272028565406799,0.711556968946954,0.02141,0.965258335454314,0.21965430180617596,0.5286536879627091
17025,0.6397230375555054,1.1726646423339844,0.491094432391393,0.016930001,0.960788740874539,0.26921603187983756,0.4936817305632898
17027,0.3919328266992613,1.23565936088562,-0.203503879897441,0.01382,0.9143859276186428,0.15568642921550946,0.5821482035928144
17029,0.7448445076237026,1.243668556213379,0.0826734512083353,0.02169,0.9092165988355112,0.31124968611366866,0.6088104123054519
17031,0.7626568428949988,0.9837310314178468,-0.525011745707634,0.0122,0.4228560435913837,0.23207361431853735,0.6400547333352659
17033,0.8565254058612692,1.1877936124801636,0.32292108719837,0.020020001,0.8766603415559773,0.20495847875797324,0.5641695702671312
17035,0.576781100036914,1.2761085033416748,-0.248726964319094,0.017270001,0.966685123661868,0.23051006083294337,0.504924491135916
17037,0.7761148266676887,1.209505319595337,-0.414073866735765,0.01784,0.7681333001168963,0.233274144521022,0.6739852759137404
17039,1.2553351744915893,1.247975468635559,0.264272399589038,0.02286,0.9461461210143108,0.2119391537773233,0.5376504700817151
17041,0.6370075931305101,1.2735021114349363,0.460003561851507,0.02314,0.9026142791622076,0.2209784411276948,0.498360405704263
17043,0.7730932340214841,1.1748279333114624,-0.363197896761405,0.01526,0.6690235291585043,0.11338570987239904,0.7475644306989491
17045,1.0197047164933648,1.2065584659576416,0.528544799178075,0.017619999,0.9816165910265984,0.1834706879420188,0.527696562623469
17047,0.69713400464756,1.202085018157959,1.06839536946156,0.01842,0.9648334624322232,0.19173345906019168,0.5744021257750221
17049,0.6444620206813721,1.229487061500549,0.556102616247521,0.01888,0.958490787122477,0.18829796732240112,0.572693442833312
17051,0.6260143751449108,1.1723644733428955,0.209156765450147,0.02186,0.9213076744725248,0.2790229161420297,0.4363850225445991
17053,0.8666164280331575,1.174878716468811,0.640189288844032,0.021050001,0.9348907309721176,0.230763251981968,0.5491547324216647
17055,0.49456619479485137,1.2542091608047483,-0.279817834858981,0.01681,0.9585335148883694,0.32156523562404993,0.5592554893122001
17057,0.7907785250199476,1.1883078813552856,-0.0226115422108268,0.01544,0.917844522968198,0.2452353828627729,0.5414455842471407
17059,0.49368088467614535,1.116096019744873,0.661387609666683,0.015860001,0.9561611374407584,0.32644956314535345,0.47111231101511886
17061,0.894760889430399,1.1647807359695437,0.0466363058098302,0.01798,0.9621535181236672,0.2164325512045829,0.4298414738646101
17063,0.6365215331780681,1.177302598953247,-0.359664843290963,0.01422,0.8628666166660087,0.12618277638040487,0.5942659328954375
17065,0.4892367906066536,1.3062440156936646,2.5077613533195,0.013,0.9870352250489236,0.20116437507741855,0.5221070811744387
17067,0.7924150586665184,1.2865960597991943,0.893862528021745,0.024019999,0.961519212589668,0.2264214611101738,0.568704647213216
17069,0.2538715410002539,1.2749935388565063,-0.326454140668811,0.01264,0.9461792333079462,0.24282733437663015,0.4730859244399866
17071,0.5140255544132766,1.231581687927246,0.599912479280997,0.01403,0.9594654134234102,0.1651851851851852,0.49527186761229314
17073,0.6495219924087117,1.1943825483322144,-0.0416900309512118,0.01833,0.9043578866178172,0.1789460642603452,0.5747960895470585
17075,0.6651804976269237,1.0909680128097534,0.42891269131162,0.016620001,0.8983172731195167,0.2372069016369267,0.4967253896532467
17077,0.8192904082653466,1.197862148284912,-0.248726964319094,0.023739999,0.7402073235938389,0.38405098940191207,0.678214713772045
17079,0.5211590577444236,1.320320963859558,0.860651825399593,0.016589999,0.9696685428392744,0.21407312925170063,0.5063272294178949
17081,0.7108068974595235,1.1638773679733276,0.580127379846524,0.01499,0.8554955903646176,0.25751302633431916,0.5682608038682381
17083,0.5584172858640652,1.2658408880233765,-1.08252758334333,0.01709,0.956329488991202,0.16177943069660994,0.5345697621076086
17085,1.0769872151195108,1.1317449808120728,0.53066463126034,0.029200001,0.9466370205669816,0.1690832553788587,0.5638832062488377
17087,0.4802305106451096,1.2519826889038086,0.090446168843307,0.018890001,0.8498479270049624,0.20292702092132409,0.5068418766290183
17089,0.5114081177922978,1.0386548042297363,-1.11079201110686,0.017200001,0.5705282135437054,0.16172107107307143,0.6185544668321423
17091,0.5762086824480056,1.0900052785873413,-0.431032523393885,0.01571,0.719686904019451,0.22095729943172715,0.5382124530062292
17093,0.5354847922319006,1.238260269165039,-1.33620082252104,0.0099999998,0.6949719961286432,0.08240575365184677,0.6956582102738862
17095,0.7474063514690742,1.1734801530838013,0.0388635881748585,0.02018,0.8286806050526649,0.30159415907028986,0.5247924485386103
17097,0.665029160067458,1.0559076070785522,-0.745474282263194,0.01406,0.6163615705807636,0.1425274116475932,0.6987650652426607
17099,0.7221812150869807,1.1672577857971191,-0.273458338612186,0.01534,0.854442895286002,0.2111159226554704,0.5294985441604658
17101,0.5613422316472276,1.0846654176712036,-0.199264215732911,0.01581,0.8455685149379405,0.25848142164781907,0.501855600539811
17103,0.8796417459071214,1.1620590686798096,0.096805665090102,0.016799999,0.8619035156590771,0.19389563928191575,0.5496036512130675
17105,0.7283573806881243,1.1844110488891602,0.363904507455493,0.01956,0.8915371809100999,0.2395110082487686,0.45195407721947
17107,0.7499224218184326,1.250696301460266,0.221875757943737,0.019090001,0.8636692755921801,0.17863004924136272,0.5339419820350464
17109,0.8776534663210735,1.2251038551330566,0.253673239177713,0.035190001,0.8787033695331211,0.3097679238997668,0.6237379280070237
17111,0.5110264726336793,1.1946414709091189,-1.14400271372902,0.01337,0.8108243368842497,0.10989461128078748,0.6664313024766076
17113,0.9459490780980194,1.1604382991790771,-0.0431032523393885,0.01888,0.79467834834104,0.21387230524178347,0.7133863074853812
17115,0.7462474414373437,1.1475178003311155,-0.00423966416453002,0.01536,0.7626127662800394,0.25275479392964983,0.5500749645809548
17117,0.5718936277852319,1.2486788034439087,0.179479116298437,0.01319,0.96056133559158,0.22691607275343417,0.5151299284541766
17119,0.6316660120252591,1.219309687614441,-0.165346902416671,0.01512,0.8507228751850621,0.2050778911262443,0.6262260865803674
17121,0.7816018864425192,1.2109155654907229,0.659974388278506,0.01418,0.9117187293007974,0.2843916427693568,0.5378106418661381
17123,0.6635842109769672,1.20190167427063,1.18286630190387,0.023010001,0.9452864115078344,0.18324468085106385,0.5349833412660638
17125,0.6607444387343073,1.2000986337661743,0.710850358252866,0.02063,0.9645400484545922,0.2504117382841743,0.4639561999391666
17127,0.5450453618397918,1.190096735954285,0.179479116298437,0.024089999,0.8824108587101765,0.2669205345595631,0.531883045604231
17129,0.6704046806435885,1.310810685157776,0.36107806467914,0.02107,0.9558751828376402,0.1509247027741083,0.5823697767601602
17131,0.9782538969786388,1.3163108825683594,0.792110588073025,0.02087,0.9529796651485022,0.16640624999999998,0.5233947013920072
17133,0.7243619761180051,1.3764989376068115,0.134256031876784,0.0165,0.962889253102318,0.08332103538856583,0.6832339297548045
17135,0.7371305675038158,1.170134663581848,0.237421193213681,0.01895,0.932530872762592,0.2520029415179781,0.4837016179067437
17137,1.1241860600928548,1.2131909132003784,0.389342492442673,0.016650001,0.8816830671299676,0.23644062318184755,0.5065142472892326
17139,0.6147121098285636,1.2104616165161133,0.0600619089975086,0.02062,0.966054231268356,0.16953282740374576,0.5136446331109763
17141,0.6369426751592356,1.1789827346801758,-0.130722978406342,0.01818,0.8678686918177364,0.17750736875647244,0.5679946020411032
17143,0.9041418175849428,1.2114416360855105,-0.00706610694088336,0.01812,0.698998741587788,0.24495056079868083,0.6330593978844589
17145,0.7176132887864101,1.0712038278579712,1.16237459177531,0.023010001,0.8578890405157404,0.246906910151818,0.46732429099876693
17147,0.8536064874093043,1.1814308166503906,0.708023915476513,0.021980001,0.9620754832022438,0.108219010289074,0.5995338397790054
17149,0.6061766207248597,1.0877143144607544,0.161813848946229,0.017680001,0.9584609494640124,0.27267342371988945,0.5
17151,0.29740661432310256,1.383464813232422,0.586486876093319,0.035160001,0.9095883892457768,0.23447934701954,0.49999999999999994
17153,0.7713248638838476,1.2187539339065552,0.342706186632843,0.024590001,0.6364791288566243,0.3878187488534214,0.524653312788906
17155,0.4806851948959972,1.2241971492767334,0.392875545913115,0.0082599996,0.91976927110645,0.1303426351112681,0.5457122608079377
17157,0.5031738659235175,1.1353498697280884,0.413367256041677,0.01421,0.8484904784022295,0.23265535532370815,0.47021956938819015
17159,0.9038437143219586,1.255772352218628,0.973002925759638,0.01945,0.9519218571609792,0.25989394723228143,0.5921782628467485
17161,0.7958407762401563,1.0283100605010986,0.852879107764622,0.01761,0.7178692318920159,0.2166484260245961,0.5916918017572707
17163,0.552722060852793,1.1543054580688477,-0.614751303856852,0.01463,0.6163537116239355,0.23487769248950907,0.6290948445052542
17165,0.5522213886805034,1.2446924448013306,0.643722342314474,0.016070001,0.915103775943986,0.3337742692553872,0.5921229474668381
17167,1.1670671184236594,1.2810503244400024,0.881850146222243,0.018200001,0.8033790339376514,0.21627583486448057,0.6526886916791143
17169,1.2584495901049906,1.2546390295028689,2.43427384113432,0.01832,0.8868114482956997,0.2568402471315092,0.5380173243503369
17171,0.7492507492507493,1.340818166732788,0.084086672596512,0.0079899998,0.967032967032967,0.21305493614433413,0.45748873873873874
17173,0.5520541013019276,1.2559367418289185,0.452937454910623,0.02196,0.9722132769011363,0.20785315985130115,0.47859022918405336
17175,1.0556269506150175,1.2313586473464966,0.141322138817667,0.019160001,0.9542867633559756,0.2455549316863186,0.4967775199793761
17177,0.798350076508549,1.164663553237915,0.0678346266324803,0.01987,0.8245182179052181,0.2407449260950142,0.575324066843667
17179,0.6025000938473667,1.1543784141540527,-0.260739346118596,0.01483,0.939479710199332,0.1626447653762746,0.6099712717605694
17181,0.5598774163130599,1.1703481674194336,0.215516261696942,0.01585,0.9106553512494108,0.2846885657871119,0.5298397645519948
17183,0.4802547606461844,1.121223211288452,-0.46706966879239,0.01405,0.7822673181800601,0.287095864282932,0.4725035494557501
17185,0.9310583751948728,1.2810347080230713,0.56882160874111,0.020679999,0.938766672440672,0.21672937264852565,0.5989723513579643
17187,0.9477429137991368,1.1764061450958252,0.199264215732911,0.02025,0.8321474396360667,0.2194269305200075,0.5468903363968948
17189,0.37345283824157066,1.2748517990112305,1.3566925326496,0.019640001,0.9599516289657136,0.13536770554631572,0.5882003563650762
17191,0.5334715278624558,1.2357101440429688,1.06698214807339,0.02098,0.9618948908669674,0.24313052011776248,0.530412147505423
17193,0.4326507066628209,1.1692670583724976,1.47257668648009,0.018200001,0.9625036054225556,0.2595776213412375,0.5257223396758282
17195,0.6426735218508998,1.0609477758407593,0.0565288555270669,0.018130001,0.8457226506712368,0.19481347839556795,0.5286601506821421
17197,0.4798241732734672,1.0661497116088867,-1.02105245295765,0.01191,0.6368133581889267,0.12009652361854616,0.6412850231919675
17199,0.5104169771392805,1.2248964309692385,0.506639867661337,0.017589999,0.896962832702453,0.23065980114734577,0.6122937900598928
17201,0.627591558147455,1.1280694007873535,-0.616871135939117,0.01332,0.6901611198691099,0.2537218584658446,0.5593302471363323
17203,0.5749354005167958,1.2526838779449463,-0.144148581594021,0.020129999,0.9549612403100776,0.12291273991876606,0.6345460127408089
18001,0.607756671189507,1.121770977973938,0.185132001851144,0.018370001,0.9348428312980552,0.2777954027629568,0.44124293785310736
18003,0.7005300946118231,1.116665959358215,-0.770912267250375,0.01273,0.7384956049117627,0.22956542149175352,0.6110278792381187
18005,0.757750269759096,1.1545071601867676,-0.714383411723308,0.0166,0.8148543300881416,0.1956110154905336,0.5972921801879041
18007,0.835542238100726,1.2476130723953247,0.5815406012347,0.02035,0.9248588221735624,0.2691859108933986,0.4704875962360992
18009,1.0613502039457254,1.1342825889587402,0.0508759699743602,0.018750001,0.9552151835511528,0.27235772357723576,0.3983300011760555
18011,0.9955144635664592,1.226730227470398,-0.313028537481133,0.01472,0.9060631026486023,0.10457455692678852,0.7417276652735123
18013,0.4314922995220393,1.2168405055999756,-0.504520035579072,0.02702,0.9565852363250132,0.18609503297886665,0.5924241098766512
18015,0.7347813091561224,1.215959072113037,-0.38651604966632,0.027450001,0.939175052306466,0.18827735535525456,0.4764827635429306
18017,0.8777719112988385,1.1063380241394043,-0.081966840514247,0.01497,0.7970960929250264,0.26984256464638223,0.4545454545454545
18019,0.42272138154788985,1.157881259918213,-1.34185370807375,0.0085699996,0.8320701760409246,0.19952518940055164,0.5484202573661461
18021,0.5717770831745064,1.2357436418533323,-0.349772293573726,0.01519,0.961385987649615,0.21739642646770072,0.4758325560980962
18023,0.5112632850989992,1.0977694988250732,-0.767379213779933,0.015900001,0.8213986924054163,0.23778449785134492,0.4244257491256262
18025,0.3784653231147696,1.1523481607437134,-1.47469651856236,0.01534,0.9604503737345066,0.3128437711087523,0.3451075923670321
18027,0.5736714975845411,1.155686378479004,-0.506639867661337,0.01792,0.9155797101449276,0.24425605111193016,0.3982008266472161
18029,0.9195820449079408,1.232146143913269,-0.443044905193387,0.018750001,0.9613573435194728,0.17003118332512723,0.5073389944264496
18031,0.7623672916196069,1.1520034074783323,-0.0515825806684485,0.018139999,0.9502672991491604,0.190177919532721,0.4697385364761211
18033,0.6522701330165164,1.173567771911621,-0.423966416453002,0.0177,0.9501479255480234,0.1816876544662822,0.4801892984213617
18035,0.7976873587202226,1.2081862688064575,-0.750420557121813,0.02244,0.8679881759693966,0.3151413352140908,0.5459881756756757
18037,0.7933149989422467,1.173581600189209,0.311615316092956,0.016310001,0.9020990527231272,0.15179235996062335,0.5093297924383255
18039,0.5389669433608072,1.0322436094284058,-0.891036085245392,0.01406,0.7478221335758074,0.22006978283700585,0.4602845356055057
18041,0.6682762783478485,1.209952712059021,-0.233888139743239,0.016209999,0.9550745882555832,0.3038446363596511,0.4001972629762052
18043,0.6143300569063632,1.0372810363769531,-0.680466098407068,0.01302,0.8782203828246249,0.1690976350905007,0.5990632582811354
18045,0.6390748630553865,1.137805461883545,-0.120123817995017,0.02022,0.953134510042605,0.19280380176510525,0.4528088912043067
18047,0.6366909633792922,1.1985318660736084,-0.780804816967611,0.02943,0.9683410907174848,0.17922158064089566,0.4483468416312878
18049,0.9330214968152868,1.0673167705535889,0.445164737275652,0.01715,0.917595541401274,0.19666802112962212,0.4713914174252276
18051,0.6462443546470169,1.1358983516693115,0.245900521542741,0.01589,0.935702400760637,0.18123836552839576,0.5096018940722553
18053,0.5304580750015049,1.2117576599121094,-0.529958020566252,0.020649999,0.84918437368326,0.2848293652749708,0.4675987924733867
18055,0.7462918623091515,1.289503812789917,-0.0876197260669537,0.018549999,0.9661681022419852,0.23536085723290256,0.4679757511860833
18057,0.8797123023548745,1.235693097114563,-0.643722342314474,0.01324,0.8366969240244246,0.08051045384054856,0.8185853140492325
18059,0.8547975094460114,1.1312447786331177,-0.693891701594746,0.016559999,0.9237800010643392,0.12701062011225817,0.6013558136824522
18061,0.7448673009514272,1.1759594678878784,-0.766672603085844,0.01732,0.9536554832248372,0.1933507866710724,0.4880522913169268
18063,0.6120305984774022,1.0517607927322388,-0.997027689358642,0.016720001,0.84249598593398,0.08539020190171964,0.6649406450546727
18065,0.471453735364211,1.1340618133544922,-0.310908705398868,0.020810001,0.93492902289918145,0.26088511399195347,0.4556777835981608
18067,0.6589255565947213,1.2917110919952393,-0.276284781388539,0.017100001,0.8507973910191787,0.2313894247415541,0.5360370636856606
18069,1.0038779944442917,1.232125997543335,0.227528643496444,0.02025,0.9477433372755026,0.20038921641577467,0.5049362484511771
18071,0.6984667802385008,1.2170721292495728,-0.272751727918098,0.01406,0.8813628620102215,0.24030899204182132,0.4541905778726812
18073,0.5680629054922713,1.1796268224716189,-0.206330322673794,0.01383,0.9156576075582264,0.14908653252684856,0.45015977276761937
18075,0.6597888675623801,1.0699265003204346,0.7815114276617,0.01599,0.9488003838771591,0.26178266178266174,0.39112404510731175
18077,0.8229558088258129,1.265566110610962,-0.340586354550578,0.023530001,0.9258718673333126,0.21769899575385865,0.47353323472726455
18079,0.3067484662576687,1.2191356420516968,-1.3270148834979,0.01072,0.9502706604114038,0.22164533820840948,0.41978694230566393
18081,0.6180228473288402,1.2949316501617432,-1.03518466683941,0.01083,0.8899724166644981,0.13302880025458785,0.6098158431495018
18083,0.7082152974504249,1.1069754362106323,-0.118003985912752,0.01615,0.9270200998246324,0.2645345483908178,0.5293349653202775
18085,0.5662048459543241,1.2037954330444336,-0.0360371453985051,0.01922,0.8784462579869678,0.18151802361715352,0.5085374626131072
18087,0.4592656851988875,1.0680352449417114,-1.05920943043842,0.02348,0.9412395070548312,0.18083708950418545,0.312535902081216
18089,0.4900073501102517,1.0430680513381958,-1.00126735352317,0.01079,0.5412295890320707,0.24264807112253284,0.5359297509317945
18091,0.6808649708589792,1.1325325965881348,-0.905168299127158,0.01529,0.7927356246709153,0.26081967695430874,0.488811478594183
18093,0.5872925265653816,1.172565221786499,-0.268512063753568,0.021,0.9568367436550452,0.2186150576127084,0.4599073469514659
18095,0.6063883202657294,1.1778875589370728,-0.656441334808064,0.01719,0.848456992777413,0.2682978377499594,0.4897757548845471
18097,1.0358568248361908,1.0528929233551023,-0.388635881748585,0.015690001,0.552456272869481,0.28863284483387164,0.5807261151784318
18099,0.839413701814425,1.1404942274093628,-0.160400627558052,0.02437,0.8726243516067239,0.24324679880722677,0.46159102000976093
18101,0.6854680767724246,1.2053135633468628,0.402061484936263,0.01723,0.9704269486878182,0.20022258195062723,0.45379213483146064
18103,0.7887756526595002,1.1415486335754397,-0.447284569357917,0.01684,0.8871981013541812,0.25319937806482473,0.4414345822480465
18105,1.0207495510750302,1.1495347023010254,-0.98077564339461,0.02471,0.8351369989280423,0.3116775749224939,0.7054180079530392
18107,0.9337372998667955,1.1970914602279663,-0.291123605964394,0.0186,0.9187713845430564,0.21430711814541392,0.4844734819369716
18109,0.690054632304568,1.1825073957443235,-0.828854344165618,0.0167,0.9600125854523612,0.17099541833250653,0.4880192355526076
18111,0.4109491137793024,1.161302924156189,-0.944031887302017,0.02251,0.9295311606632362,0.20126655990682776,0.429595235691935
18113,0.394686986906917,1.0769246816635132,-0.699544587147453,0.02,0.8706268681850714,0.17387369917910933,0.4162753807106599
18115,1.1065713312904324,1.3065093755722046,0.245900521542741,0.01705,0.9640789921688798,0.13656081901787265,0.4450787851107558
18117,0.7930416986441545,1.2750060558319092,-0.507346478355425,0.02172,0.9509337426451778,0.26524549150422183,0.3659022196003244
18119,0.4679625629949604,1.0684963464736938,-0.903048467044893,0.019780001,0.9614590832733382,0.2685831421738494,0.4103883949461863
18121,0.634367992446595,1.168452262878418,-0.469896111568743,0.024350001,0.9449427593532396,0.2453916305542979,0.4568793619142572
18123,0.6936446445398388,1.1593133211135864,-0.236007971825504,0.01605,0.9410532928489164,0.19740259740259736,0.4556738890929123
18125,0.7674907093229925,1.2023913860321045,0.447991180052005,0.019330001,0.9632412344482144,0.2181863312924044,0.45047629978193504
18127,0.6270903010033445,1.203117609024048,-0.894569138715833,0.01598,0.8319931687184231,0.15941887912783204,0.5853985438320392
18129,0.3227699530516432,1.1970041990280151,-0.320801255116104,0.02537,0.9593896713615024,0.14452629911280102,0.5520548709083811
18131,0.8957719563659527,1.158581256866455,0.768085824474021,0.01818,0.9412373596623936,0.23031717919819672,0.42413120770730584
18133,0.8225444040231115,1.3776123523712158,-0.298896323599366,0.01873,0.917611812540124,0.1760669298740365,0.4649738008867392
18135,0.8525234694696301,1.1405211687088013,0.329280583445165,0.019610001,0.9277461285404798,0.2451565437750347,0.44085214479533513
18137,0.9510056003663132,1.1571354866027832,-0.0148388245758551,0.017890001,0.955443626501356,0.19702402294729293,0.4567657451673249
18139,0.7812030527011598,1.1625467538833618,0.428206080617532,0.0239,0.9568535544738898,0.2296305358453633,0.4093435220562696
18141,0.7753056813808212,1.0312058925628662,-0.93413933758478,0.01447,0.7256010006809367,0.2479710262942584,0.5778249541638522
18143,0.5682057325645019,1.1863112449645996,-1.14753576719946,0.015790001,0.9536596658108506,0.2717461409468117,0.39700875486381326
18145,0.7651109410864575,1.1662405729293823,-0.738408175322311,0.016519999,0.922768801476214,0.19113325374230872,0.4491646159823857
18147,0.6357900914559593,1.2966173887252808,0.180185726992526,0.02551,0.9486477233824032,0.17960947980324937,0.4444907600389051
18149,0.5446148483792262,1.1414159536361694,-1.16237459177531,0.01705,0.9423143952596724,0.26260679079956184,0.42767614103943785
18151,0.8925202449714104,1.273369550704956,0.122243650077282,0.02365,0.9380024961541812,0.1748164396916796,0.515257376152195
18153,0.5668113844669561,1.2698044776916504,-0.554689394859344,0.017039999,0.919247467438495,0.24509644118446072,0.4453533592597559
18155,0.6083294337856808,1.2694532871246338,-1.10089946138963,0.018650001,0.9537669630322884,0.3139964038989307,0.374879360264718
18157,0.7595808992811389,1.0814183950424194,-1.15813492761078,0.018999999,0.7582862184356288,0.2749159011329708,0.662124619658685
18159,0.9233610341643582,1.147671103477478,-0.214103040308766,0.02424,0.9488853713230444,0.174564764401425,0.4848540820096047
18161,0.7732321102207226,1.205666184425354,-0.473429165039185,0.024490001,0.9541684240123716,0.2109880627067453,0.4408495434696308
18163,0.7653441152622028,1.1994068622589111,-0.5815406012347,0.01764,0.8360646695092421,0.26179119689881647,0.5758389153547908
18165,0.627453504086492,1.250994086265564,-0.144855192288109,0.01352,0.9642834159212303,0.239247311827957,0.4761293869696692
18167,0.7630817334983575,1.1427563428878784,-0.552569562777079,0.01816,0.8548934942629282,0.300850805226375,0.5638244088460038
18169,0.828315651979993,1.2108910083770752,0.277698002776716,0.02486,0.9433559527222912,0.21762804151778117,0.4617197246222797
18171,0.424911982517907,1.1853190660476685,-1.13834982817631,0.025289999,0.9592084496782808,0.18602630925788033,0.5018707482993198
18173,0.5218368657675017,1.2010966539382937,-0.973709536453727,0.01408,0.9239402697495184,0.12462185011364936,0.6198871321300312
18175,0.5835248491812698,1.2123334407806396,-1.26483314241812,0.016419999,0.9676457914392416,0.2207217018804908,0.41952506596306066
18177,0.7725121340930331,1.1036827564239502,-0.197144383650646,0.020059999,0.8813421362033101,0.2718228043385861,0.4915477497255763
18179,0.838956124379708,1.054221272468567,0.562462112494315,0.01639,0.9435221877119704,0.17633291889124547,0.5204237600801138
18181,0.8592488301793035,1.1749356985092163,-0.376623499949083,0.01521,0.8932875067290571,0.19772278475694297,0.47157894736842104
18183,0.6818855618144085,1.290138840675354,-0.0678346266324803,0.0176,0.9542543729617552,0.1664362565366352,0.5265274687660448
19001,0.9174311926605504,1.3157392740249634,1.16520103455167,0.040690001,0.9599153140437544,0.20698110486081056,0.5366568914956011
19003,1.0899182561307903,1.2645010948181152,1.57291540504064,0.02774,0.9803814713896458,0.20094235033259425,0.546205860255447
19005,0.5610656627814378,1.2362122535705566,0.868424543034565,0.02224,0.9046550351118512,0.2122470160871821,0.488626964433416
19007,0.8030838419530999,1.2008569240570068,0.529251409872164,0.02101,0.9516543527144232,0.27623230844314295,0.5363442309852826
19009,1.0770059235325795,1.2975797653198242,1.57079557295837,0.031640001,0.9657153114342129,0.1812811519291121,0.5238213399503722
19011,0.37057263223591824,1.2692545652389526,0.650081838561269,0.017960001,0.9602902168825088,0.1422324693910002,0.571573432482677
19013,0.511734004063659,1.2112165689468384,0.112351100360045,0.0167,0.8108887932141428,0.25133357949233637,0.6090565947585944
19015,0.6446719757299962,1.3106924295425415,0.623230632185912,0.02255,0.9434205536594616,0.1779526951421847,0.6238542003666558
19017,0.7038288288288288,1.3200101852416992,0.893862528021745,0.026459999,0.950530888030888,0.134358403289361,0.6345872899926954
19019,0.5800738706316886,1.2688441276550293,0.308082262622514,0.021469999,0.9610285064873568,0.1541856560326217,0.5555872902534809
19021,0.573337321766876,1.0749603509902954,0.789284145296671,0.01757,0.5956725496061422,0.23128644219152172,0.48105698822031207
19023,0.6152584085315833,1.295048475265503,0.98077564339461,0.02368,0.9655455291222312,0.17212771890685996,0.545472230327789
19025,0.7183908045977011,1.3018064498901367,1.93470008041386,0.026690001,0.9424261083743842,0.212511091393079,0.5580963269972845
19027,0.7272816922242493,1.278395652770996,1.4966014500791,0.019610001,0.969429515309896,0.1624365482233503,0.5688126725766603
19029,0.6302039569169658,1.2465018033981323,1.35881236473187,0.019409999,0.9529447712168666,0.23871521010368757,0.5009109420212196
19031,0.650159830958444,1.3170993328094482,1.09595318653101,0.018750001,0.9554640515793466,0.11535918907007492,0.5795691452397499
19033,0.5894849885604894,1.2129292488098145,1.0903003009783,0.021029999,0.9059392071718728,0.1842934186035412,0.6211724679403298
19035,0.9697610861324164,1.2533342838287354,1.29380418087574,0.02489,0.933879925945517,0.19811495102568843,0.5729650452212174
19037,0.2910360884749709,1.2348790168762207,1.07334164432018,0.023259999,0.95759188425079,0.1669761944960324,0.4919773193388828
19039,0.4273504273504274,1.2055537700653076,0.180892337686614,0.01698,0.8264957264957264,0.2679100383982447,0.48873239436619714
19041,0.7248164826352477,1.2840181589126587,0.944031887302017,0.021369999,0.9322682129418296,0.19629699603249573,0.59118888498065425
19043,0.5815602836879432,1.276152491569519,1.70434499414107,0.02935,0.9592624113475178,0.23710386305806153,0.4672279486977732
19045,0.484981560041783,1.223280906677246,0.5391439595894,0.01491,0.911402929075444,0.2307541069556099,0.5214701378254211
19047,0.5577081131853939,1.0792434215545654,0.142028749511756,0.01306,0.6582129857931196,0.25270414834185184,0.42800575953923686
19049,0.2841594048152103,1.173134207725525,-0.451524233522447,0.00825,0.8542348362208522,0.0976173151773444,0.7794394165714787
19051,0.6165919282511211,1.2181328535079956,0.363197896761405,0.0273,0.96816143497757845,0.18160081976545597,0.5059012875536482
19053,0.6893094372728412,1.2523354291915894,-0.421846584370737,0.01536,0.9268078706604838,0.29485049833887045,0.5161157024793389
19055,0.3782808589885352,1.3022749423980713,0.193611330180204,0.019060001,0.9657219344701158,0.16540069481245956,0.489145183175034
19057,0.4506677499619154,1.1616522073745728,0.791403977378936,0.01849,0.8733306250952115,0.2474975364348322,0.5858033468227059
19059,0.6568575932737782,1.3494727611541748,1.64357647444947,0.025389999,0.9569685292228644,0.16755413560525378,0.6971289614057107
19061,0.6418716875296446,1.2481682300567627,0.174532841439819,0.015769999,0.9074879874615908,0.17647311136132116,0.5998396398063343
19063,0.5827505827505828,1.2133018970489502,1.31217605892204,0.023569999,0.8707353252807798,0.22431446392844537,0.5782890673255096
19065,0.73221229106701,1.2094414234161377,1.6414566423672,0.019929999,0.9365247689743978,0.2170708760192348,0.5210602759622367
19067,0.6017990624604079,1.2166475057601929,1.18993240884476,0.02131,0.9153047003674142,0.23005267891558523,0.5468188932879108
19069,0.492029128124385,1.2019073963165283,1.62167154293273,0.01533,0.8676441645345404,0.24318637274549093,0.5516315863822574
19071,0.4678951914771091,1.305136799812317,-0.782924649049876,0.027589999,0.9470198675496688,0.2173076923076923,0.5850040096230955
19073,1.0335195530726258,1.2819432020187378,2.05906356257341,0.033640001,0.9460335195530726,0.20029455081001468,0.5372779187817259
19075,0.46751768436458246,1.2830073833465576,1.73119620051642,0.0219,0.969347101390357,0.12184839216334632,0.6298099211868335
19077,0.7264035992126723,1.233848214149475,2.03362557758623,0.0219,0.9503233667635204,0.1735662742119256,0.5417993630573248
19079,0.5334400213376008,1.1484873294830322,0.652908281337623,0.023870001,0.8918450356738015,0.17788136738278615,0.6090047393364929
19081,0.717459729679689,1.250347137451172,2.13891057100539,0.02537,0.9316793186446954,0.17639845297613432,0.5700338453527727
19083,0.630092022741926,1.1838467121124268,1.95024551568381,0.022530001,0.9184690229177656,0.18748843235239676,0.5772110242698478
19085,0.5500745262261338,1.249368667602539,1.55242369491207,0.01836,0.9620271133508412,0.18658934396520477,0.5432098765432098
19087,0.7020711097738328,1.2160515785217283,0.370970614396376,0.019090001,0.8804473195927988,0.2067897881586095,0.5656439920919674
19089,0.4606546715803165,1.232502818107605,2.25691455691815,0.01282,0.9650986342943856,0.17378252168112074,0.509235668789809
19091,0.392505756751099,1.1760426759719849,1.53122537408942,0.01263,0.934268369269416,0.22475846692854873,0.557827189971646
19093,0.7245326764237067,1.2834967374801636,2.18342704473296,0.01756,0.953485002173598,0.153093012906097,0.543918214062174
19095,0.4323923651862376,1.299008011817932,0.90022202426854,0.01333,0.94984248563839635,0.154320987654321,0.5667789996452643
19097,0.33503427658368123,1.2752615213394165,0.0918593902314837,0.01162,0.9547446007937735,0.21066415252461768,0.5057555539262408
19099,0.4057234048308133,1.2520015239715576,0.487561378920952,0.02406,0.9345703389142842,0.17317183865660635,0.5254543358819688
19101,0.8954154727793696,1.1725852489471436,1.02811855989853,0.035100002,0.8052677981044744,0.23681010019111604,0.6523907304194778
19103,0.607429144484005,1.117910385131836,-0.618284357327294,0.017929999,0.7837081109458395,0.2530322516466885,0.7866706269420582
19105,0.6931270976214796,1.1339898109436035,0.669160327301654,0.024350001,0.9387129724208376,0.19540585084466425,0.5278364565587734
19107,0.9079308990969768,1.1765952110290527,0.84086672596512,0.018279999,0.963682764036121,0.20264887472615012,0.52522006427274
19109,0.5508078515155561,1.1396554708480835,2.62081906437364,0.02507,0.9476565629590066,0.20099137638351328,0.5650356294536818
19111,0.4017296286557396,1.1779958009719849,0.912234406068042,0.01602,0.9081134776638328,0.23674836352565076,0.5212208702825325
19113,0.5751336767011672,1.194632053375244,0.0847932832906003,0.01368,0.8580771103497259,0.16989568491989682,0.674564112782704
19115,0.6038647342995169,1.1234768629074097,0.190784887403851,0.017349999,0.7814456969046341,0.18642993024730503,0.46410057024364954
19117,0.4369101712687871,1.2239983081817627,0.905874909821247,0.017510001,0.9749504835139228,0.2202643171806168,0.5080591000671592
19119,0.700577445652174,1.361446976661682,2.3261624049388,0.02177,0.9543987771739132,0.13347694959069367,0.534969164151686
19121,0.9524106919810142,1.3883049488067627,0.646548785090827,0.03184,0.953222583062703,0.1010069026660756,0.5767619741395011
19123,0.5414185165132648,1.219491720199585,0.814722130283851,0.025590001,0.9318715033387476,0.24801780497983028,0.5259635974304069
19125,0.6255275533582539,1.270416021347046,1.56514268740566,0.02286,0.9459785361147957,0.1496217516538474,0.5917652411282984
19127,0.5880292263036733,1.0809636116027832,-0.098925497172367,0.01259,0.7090131118006205,0.20780866192630895,0.4964712986375816
19129,0.6651589729945457,1.2894783020019531,-0.199970826426999,0.027070001,0.9406678196088866,0.16253796827539657,0.5871017720538395
19131,0.8719834087481146,1.3133455514907837,1.46268413676286,0.038079999,0.964366515837104,0.18176550125555344,0.5337279735682819
19133,0.7731958762886598,1.3350999355316162,0.679759487712979,0.0231,0.9462772050400916,0.22782281753025505,0.5396000629822075
19135,0.6724734212885871,1.24104905128479,0.655028113419888,0.020330001,0.962597668758806,0.1946361150891811,0.4863153975051201
19137,1.318014523027952,1.1961653232574463,1.74815485717454,0.018519999,0.937332139659803,0.24040609137055835,0.5523904952762668
19139,0.15155401151810488,1.1245572566986084,-0.144148581594021,0.01502,0.767329618317051,0.1941316227132336,0.5370001746114894
19141,0.6866642573183954,1.2042458057403564,2.06683628020838,0.02141,0.9245392121431152,0.19933333333333336,0.5223428690749635
19143,0.991407799074686,1.2302693128585815,2.08732799033694,0.018069999,0.8909451421017845,0.18752102253615877,0.5185882352941177
19145,0.5075975897301546,1.2510595321655271,1.36799830375502,0.02338,0.9104008383547288,0.1879640760907998,0.5505163897620117
19147,0.5276019104742864,1.233170986175537,1.65558885624897,0.021640001,0.933466622237032,0.1544143104443162,0.6348250610252238
19149,0.548508058082017,1.2179580926895142,0.695304922982923,0.01477,0.917065581617999,0.14975317633729868,0.5924494649227111
19151,0.6252758569957334,1.2142356634140017,2.72963711126324,0.031569999,0.9286449904369576,0.1998193043216383,0.5279885175312692
19153,0.7855308040666206,1.0776041746139526,2.98119051835869,0.01749,0.7771156684987032,0.17756556962885273,0.6705708859485838
19155,0.4336513443191674,1.2614325284957886,-0.551156341388902,0.0133,0.877646076258392,0.19460130517896768,0.5678660717111301
19157,0.6254078747008919,1.1878502368927002,0.820375015836558,0.0296,0.9164672612573418,0.1828434313137373,0.5600432144934763
19159,0.4029008863819501,1.2628493309020996,2.1205386929591,0.02809,0.9538678485092668,0.2081314514430166,0.5586186883343006
19161,0.45908998163640075,1.2641637325286863,1.86191917892277,0.024320001,0.9487859620485616,0.1776850886339938,0.5588531911828267
19163,0.5537965508043098,1.0939147472381592,-0.232474918355062,0.01396,0.7997344096122845,0.1922516956074003,0.6320941345733884
19165,0.8400827158366362,1.2841633558273315,1.4358329303875,0.024119999,0.94554540754782,0.1598558748571931,0.5709082078678971
19167,0.6675854940132656,1.278712272644043,2.10852631115959,0.02297,0.8690096764004939,0.13895552684997237,0.6006755126658625
19169,0.7246675813123447,1.3114033937454224,0.0381569774807701,0.02641,0.8383862349263985,0.2799981410911795,0.7972132567110131
19171,0.5137388445279474,1.121862769126892,0.561755501800227,0.020330001,0.8074800375763269,0.19363427326636817,0.5123924268502582
19173,0.4459218420625912,1.220675349235535,0.775858542108993,0.020509999,0.903843035511594,0.22017892644135184,0.5169988276670575
19175,0.86988185790581,1.212040901184082,0.793523809461201,0.017790001,0.940038841236446,0.2358342294648027,0.5471027372911482
19177,0.38461538461538464,1.1912041902542114,0.184425391157056,0.02633,0.9633566433566434,0.23096518539484856,0.5027899561578318
19179,0.3983950371361088,1.080665946006775,0.120830428689105,0.01481,0.8221450727070942,0.276173285198556,0.5320445910400401
19181,0.5791197379982427,1.2730984687805176,0.136375863959049,0.0188,0.9419881779694864,0.1246392458941511,0.6457858423756117
19183,0.8031674208144797,1.1219252347946167,1.3581057540377801,0.020230001,0.9102262443438914,0.18632825095582473,0.521665993809716
19185,0.3888629646912428,1.1536219120025637,1.54818403074754,0.020740001,0.9608026131591229,0.29367970853793757,0.43525097410038965
19187,0.6772472294431523,1.098042368888855,0.455057286992888,0.01582,0.8715008893145437,0.2585572759091179,0.5661555934128336
19189,0.6645149041199924,1.3048441410064695,1.62237815362682,0.027899999,0.9146573001708752,0.1781947261663286,0.5832513699592524
19191,0.8760240844931398,1.1724306344985962,1.471870075786,0.037050001,0.9501036422860528,0.14116798045964252,0.6220128156803619
19193,0.4240344686409452,0.9927786588668824,0.144148581594021,0.01626,0.7296317236270057,0.2219416386083053,0.5491051080251603
19195,0.5372733378106112,1.215226173400879,1.59623355794555,0.020719999,0.9426460711887172,0.1552957359009629,0.5689099526066351
19197,0.7064918753434335,1.2162868976593018,2.20957164041423,0.017759999,0.8540701781929508,0.22585806864549163,0.5547395774488758
20001,0.9158967824147818,1.2635729312896729,0.274164949306274,0.023,0.900844217903791,0.2824541094757731,0.5884345794392524
20003,0.797702616464582,1.3299078941345217,-0.115177543136399,0.022390001,0.9484365028717294,0.27366362451108217,0.4899521531100479
20005,0.6454388984509466,1.2217003107070925,0.374503667866818,0.02114,0.8812392426850258,0.23145539906103285,0.54366058214109525
20007,0.7028546712802768,1.3273890018463137,3.1196862144,0.02744,0.8946799307958477,0.26807295099978024,0.5740049751243781
20009,0.6804521226325937,1.1737464666366575,0.705904083394248,0.02203,0.8154840660794617,0.27223146249951646,0.5748362170334286
20011,0.7530120481927711,1.2387566566467283,0.251553407095448,0.02407,0.9008077765607886,0.3427619452715157,0.5984260230849947
20013,1.5842509869104509,1.2452337741851809,1.19487868370338,0.041639999,0.8301475171410763,0.23837086929067564,0.558491142333537
20015,0.6297040391016222,1.2320711612701416,-0.564581944576581,0.020190001,0.8881525682929023,0.1787733249350445,0.6662863141559597
20017,0.2844141069397042,1.3127996921539309,0.4543506762988,0.038369998,0.9120212362533182,0.23076923076923073,0.6274725274725275
20019,0.3761661149563647,1.227015256881714,0.869131153728653,0.027419999,0.8600662052362323,0.30039767513000915,0.5175879396984925
20021,0.6070667525645473,1.1482019424438477,0.317268201645663,0.02165,0.8801229000446008,0.28563524796298156,0.5714698030160906
20023,1.125703564727955,1.2658418416976929,3.40515693481169,0.043559998,0.9309568480300188,0.2503822629969419,0.6267015706806283
20025,0.246791707798618,1.3772157430648804,2.31697646591565,0.0178,0.8973346495557749,0.21739130434782605,0.6758669497523001
20027,0.9589210591437765,1.2892091274261477,1.4966014500791,0.03325,0.9397426379609009,0.17023689516129037,0.576391350584899
20029,1.146788990825688,1.2423901557922363,2.25267489275361,0.02627,0.9301857238755874,0.2634984119515351,0.6138976837193801
20031,0.969227041434456,1.318542718887329,0.422553195064825,0.02479,0.932881027380664,0.1938022626660109,0.6063775072861306
20033,0.43103448275862066,1.329443097114563,4.30043268422161,0.033890001,0.9603448275862068,0.1635598316295851,0.5905448717948719
20035,0.6647619586433199,1.161548137664795,-0.081966840514247,0.02125,0.7964414019405391,0.24449146138733568,0.6074870433032081
20037,0.8340176555122152,1.2012999057769775,-0.284764109717599,0.02313,0.8657616505850955,0.3159447753113156,0.6283478784231116
20039,1.486013986013986,1.3599992990493774,3.53305347044168,0.02424,0.9527972027972028,0.21842389348686575,0.5859338612016768
20041,0.8232419800297429,1.3164561986923218,0.79847008431982,0.02317,0.9083280220947524,0.22877486683335144,0.5827966881324746
20043,0.45549193128578863,1.260507583618164,0.35683840051461,0.01788,0.902915148360229,0.23788228505481823,0.5356785928442934
20045,0.9934325380330868,1.259748458862305,-0.599912479280997,0.02454,0.7839886939895253,0.25,0.7698342129417164
20047,0,1.240707516670227,1.10089946138963,0.02764,0.7615894039735099,0.24136690647482015,0.57169900615239
20049,0.2972651605231867,1.2233333587646484,1.32842810488607,0.043389998,0.9005152596115735,0.31307477009196316,0.45912951167728233
20051,0.7645525629887054,1.3389058113098145,-0.00211983208226501,0.02476,0.894144222415291,0.2530015597228772,0.6640311676406554
20053,1.2839030653185683,1.3043608665466309,2.10569986838324,0.04315,0.8571657839833092,0.18515728009041257,0.5728821057288209
20055,0.5306122448979592,0.927631378173828,-1.06839536946156,0.01448,0.4133333333333334,0.2502907459710916,0.48840667255239073
20057,0.4900670002048041,1.0196882486343384,-1.02458550642809,0.01495,0.3972322186137687,0.28794436319135597,0.4827416658471826
20059,0.8901322482197355,1.2503900527954102,-0.11871059660684,0.01839,0.9099303544878315,0.18714982466040553,0.5457839069713084
20061,0.5143277002204262,1.3333065509796145,-1.3870767924954,0.01155,0.5660249816311536,0.2569961411078363,0.6882249945283432
20063,0.47276853252647505,1.1687898635864258,4.62900665697269,0.039650001,0.9292738275340392,0.2209347238315952,0.5579220779220779
20065,1.6871774513695912,1.2753320932388306,2.96776491517101,0.059069999,0.8852719333068678,0.2366815778771858,0.607161664033702
20067,0.46872907459488417,0.9447855353355408,0.132136199794519,0.02318,0.51653944020356235,0.20341278439869992,0.5108892921960072
20069,0.16559032952475575,1.0457369089126587,1.18357291259796,0.02444,0.8181818181818182,0.13436345314074571,0.5487030174695606
20071,1.0548523206751057,1.3817216157913208,5.14059279949264,0.055152521,0.7451476793248946,0.1767764298093587,0.6012345679012345
20073,0.82223318533136,1.26073956489563,-0.130722978406342,0.034170002,0.918927807926328,0.2615512927439533,0.561268403171008
20075,0,1.1683125495910645,2.08662137964286,0.022430001,0.6449247394828251,0.23427248166730996,0.4096096096096096
20077,0.8938148015731141,1.232192039489746,1.28037857768806,0.035840001,0.9015016088666428,0.26498712762044874,0.5054291623578077
20079,0.9926673042923804,1.2272999286651611,0.36107806467914,0.024460001,0.8276671593774454,0.18344410876132933,0.6670920051040612
20081,0.06222000995520159,0.898964524269104,1.26765958519447,0.02667,0.6679940268790443,0.25094482237339377,0.5314262691377921
20083,1.199360341151386,1.180605173110962,0.606271975527792,0.042440001,0.8811300639658849,0.156369600874795,0.7022900763358778
20085,0.7538067239559777,1.1333949565887451,-0.51794563876675,0.019339999,0.8387607417458164,0.190621892450088,0.5557670772676372
20087,0.4499735309687665,1.3539495468139648,-0.430325912699797,0.0241,0.9357861302276336,0.1381420061181774,0.537973727917862
20089,1.3864818024263432,1.183786392211914,2.10146020421871,0.02857,0.951473136915078,0.278897136797455,0.5363636363636364
20091,0.8271260139373058,0.9798277020454408,-0.47130933295692,0.0136,0.7992378775532285,0.09644890195636524,0.8150294230379005
20093,0.2559508574353724,1.116992473602295,0.255793071259978,0.01991,0.6685436396211927,0.2929319371727749,0.43538594969644406
20095,0.715258855585831,1.159595012664795,1.00056074282908,0.03204,0.9313351498637602,0.13274213662186507,0.6057692307692308
20097,2.395209580838323,1.2091025114059448,5.58787736885056,0.064630002,0.886626746506986,0.20762895535327264,0.6110080395794681
20099,0.7082857000844972,1.2304635047912598,-0.842279947353296,0.021709999,0.8542174064317312,0.3035786905246035,0.5801156905278381
20101,0,1.4215285778045654,4.7738618492608,0.021539999,0.9104859335038364,0.2212957023733162,0.6241799437675727
20103,0.6161372221190167,1.2636303901672363,-1.11715150735366,0.018309999,0.7890271843457799,0.1454363490792634,0.6392706615356423
20105,0.657030223390276,1.3381052017211914,2.77132714221445,0.038789999,0.947437582128778,0.20755358965634577,0.6224202626641651
20107,0.4136076931030917,1.253864884376526,-0.703784251311983,0.020679999,0.9354771998759176,0.2762471300354832,0.5087719298245614
20109,0.7130124777183601,1.2617686986923218,2.3685590465841,0.01383,0.90053475935828875,0.20252707581227436,0.6287206266318538
20111,0.7894499413551472,1.1380670070648191,-0.516532417378574,0.023600001,0.7110162100387958,0.28235145225590075,0.589308144500829
20113,0.9188924283263906,1.3184804916381836,1.92268769861436,0.027690001,0.9158469562782232,0.17820871357079782,0.6337658325610133
20115,0.8149448345035105,1.315699815750122,1.87110511794591,0.033240002,0.9255265797392176,0.17015566290928608,0.6122623110677718
20117,1.5129756898143398,1.2993550300598145,2.36714582519593,0.028000001,0.9461483229049134,0.19214659685863875,0.4997787284260215
20119,0.11961722488038276,1.2489336729049685,2.06259661604385,0.042479999,0.7545454545454545,0.18134715025906736,0.54320987654321
20121,0.8004907681718886,1.2707566022872925,-0.0494627485861835,0.02788,0.926953347098782,0.11256760473003946,0.6417180616740087
20123,0.9764035801464606,1.3146498203277588,2.86459975383411,0.03269,0.949227013832384,0.2349458728010826,0.644578313253012
20125,0.6149872390147905,1.15462327003479,0.527838188483987,0.021120001,0.7943175179115033,0.29515878795554573,0.5966095515858548
20127,1.6169601149838304,1.3894999027252195,1.76935317799719,0.03176,0.9157384117858426,0.192630426851514,0.5506062855728779
20129,0.7262164124909223,1.2604550123214722,2.19826586930881,0.035750002,0.7120551924473493,0.21644859813084116,0.5601503759398496
20131,1.407963639956526,1.2940704822540283,0.553276173471167,0.023800001,0.9513882027467642,0.1613924050632911,0.5440132870300468
20133,0.6984107275887758,1.2043840885162354,0.391462324524938,0.01959,0.8977526694810032,0.29393258426966296,0.5823900538133234
20135,1.564673157162726,1.3541444540023804,3.07516974067244,0.035270002,0.8734353268428373,0.23330965909090903,0.5984776403425309
20137,1.239441792141021,1.1912392377853394,2.54238527732983,0.02627,0.8900110172603746,0.19552827707145992,0.5435871743486974
20139,0.5981991058497576,1.23250150680542,-0.192904719486116,0.02255,0.9323720168755116,0.2271736342651962,0.5166484716157205
20141,2.1246458923512748,1.2940852642059326,2.29719136648118,0.030130001,0.9444759206798868,0.2278184480234261,0.5930599369085173
20143,0.3005839917554105,1.290047526359558,0.948271551466547,0.03404,0.9409137753349364,0.20690858339148643,0.5957394711067581
20145,1.43309699803892,1.221972107887268,1.06980859084974,0.01957,0.8413033640066375,0.18160504959422907,0.5752623083131558
20147,0.5149812734082397,1.363193154335022,2.83421549398832,0.033130001,0.9365168539325842,0.2265745007680492,0.5576716738197425
20149,0.733844928083197,1.273017168045044,-0.176652673522084,0.0208,0.8987713339204093,0.15898156426959598,0.6516146144154896
20151,0.9257300042319084,1.1834486722946167,1.36658508236684,0.034449998,0.8834109183241642,0.2053452115812917,0.6717469682071452
20153,0.6994404476418865,1.1774215698242188,3.12392587856453,0.02444,0.8980815347721822,0.2604422604422605,0.6598049837486457
20155,0.681112084760615,1.2149815559387207,-0.387929271054496,0.01991,0.840452481478531,0.24275931184232505,0.608001114490701
20157,1.0197509660798627,1.2149779796600342,3.9379413981543,0.03022,0.9540575354229284,0.20934332304980163,0.6139425893380199
20159,0.1553116587285152,1.3083257675170898,0.363904507455493,0.02681,0.8313315386208324,0.22699798522498316,0.6231953801732435
20161,1.185781283308463,1.1735759973526,-0.434565576864327,0.024250001,0.7652419526753358,0.31993004310939965,0.7668159058998065
20163,0.9400356224025332,1.2412394285202026,1.59058067239284,0.03193,0.9412230358203048,0.1966269025092554,0.5828220858895705
20165,0.49636002647253474,1.3107428550720217,2.36431938241957,0.025669999,0.9242223692918596,0.2139219015280136,0.6233409610983982
20167,0.5397236614853195,1.1822079420089722,1.78913827743167,0.0285,0.9231433506044904,0.2217181325918337,0.6082126562190042
20169,0.7906619623041626,1.214267015457153,-0.148388245758551,0.018789999,0.8017220891757006,0.20520529925772812,0.6142086815853329
20171,1.3727882855399631,1.2168214321136477,1.62732442848544,0.02084,0.814317673378076,0.17457030441085108,0.5746662527165477
20173,0.5877769661553446,1.0114034414291382,-0.695304922982923,0.01446,0.6807304601899197,0.22575584149036945,0.6330048224357508
20175,0.45863349590585706,0.8872606158256531,-0.834507229718325,0.01377,0.3009083180455501,0.32654000092009017,0.3755319972142691
20177,1.0964172457998786,1.1882017850875854,0.541263791671665,0.01959,0.7394012999572679,0.1969819471234364,0.6084940868151736
20179,0.39904229848363926,1.448201298713684,3.52740058488897,0.03073,0.9297685554668796,0.1901094446696392,0.6197028068244359
20181,1.0946446615021892,1.253007173538208,1.45561802982197,0.03424,0.8361401145166723,0.18096234309623427,0.6205128205128205
20183,2.2746071133167907,1.277889847755432,5.14271263157491,0.039919998,0.9467879790460436,0.20968195890796515,0.5712699000370233
20185,1.6144463047117914,1.193940281867981,3.51256176031312,0.039110001,0.8337718249222674,0.2500617131572451,0.6133056133056133
20187,0.3654970760233918,1.090051293373108,1.66972107013074,0.029410001,0.5765107212475633,0.24530168150346188,0.4894117647058823
20189,0.22309477065857575,1.00334894657135,0.881143535528155,0.01661,0.605568445475638,0.28482972136222906,0.5239988639591026
20191,0.4975339621008912,1.154016375541687,-0.0113057711054134,0.0221,0.8957341870727697,0.2118320610687023,0.5738985655737705
20193,0.9282970550576184,1.1613917350769043,2.41378213100576,0.02275,0.9003841229193342,0.2409214092140921,0.6685942173479561
20195,2.816901408450704,1.218847393989563,2.10993953254777,0.032230001,0.9507042253521126,0.16400580551523947,0.6211908110642288
20197,0.32660763536071996,1.283561944961548,0.94261866591384,0.02853,0.9216141675134272,0.1110125646711012,0.604995766299746
20199,0.6353240152477764,1.3678507804870603,4.09622219363008,0.035459999,0.9155019059720456,0.2014202711426727,0.6887850467289719
20201,1.18332423083925,1.3059295415878296,3.92522240566071,0.01746,0.957400327689787,0.19913986537023187,0.5086855068706249
20203,0.5868544600938967,1.151525378227234,3.47581800422052,0.029100001,0.6173708920187794,0.13857142857142857,0.5913333333333333
20205,0.3453038674033149,1.2381267547607422,1.11079201110686,0.02063,0.9202348066298344,0.2710302457466919,0.5456061364015341
20207,1.5837820715869495,1.3581695556640625,0.944738497996105,0.023460001,0.926829268292683,0.32316677482154443,0.5550259965337955
20209,0.6566137534043831,0.8015433549880981,-0.846519611517826,0.01249,0.40876859900158313,0.3254233128834356,0.46776232616940583
21001,0.3381541983144314,1.0774381160736084,-1.847786965041,0.02039,0.9327853501196546,0.35208813445000287,0.40525797408894615
21003,0.3819709702062643,1.0374168157577517,-1.80044404853708,0.01435,0.9502005347593584,0.3034132171387073,0.4360130401609211
21005,0.6135927529117765,1.2803128957748413,-0.939792223137487,0.01485,0.9379267258690704,0.2287222046817915,0.5330210163315765
21007,0.03112549800796812,1.24433434009552,-0.439511851722945,0.022840001,0.924800796812749,0.2833607907742999,0.507823613086771
21009,0.39877859812232247,1.1241328716278076,-1.3630520288964,0.01019,0.903860176829824,0.3607457421208794,0.4098821638993037
21011,0.12140833670578711,1.054608702659607,-2.08591476894877,0.0083499998,0.9506272764063132,0.31237737083060824,0.3571254567600487
21013,0.21462431413534397,1.025197982788086,-1.3630520288964,0.01532,0.942443357844052,0.5076063932216446,0.3115949688193637
21015,0.443357284818835,1.2117674350738523,-1.40474205984761,0.01368,0.8774117107475922,0.12534831878134867,0.6565237167749385
21017,0.6231927410509522,1.09521746635437,-0.730635457687339,0.01918,0.8511815734370326,0.27972526074790127,0.4832859174964438
21019,0.5190637976594942,1.1618878841400146,-0.291123605964394,0.01013,0.9310221886665828,0.28062843263823545,0.5434929197572488
21021,0.7340184171893768,1.1949450969696045,0.092566000925572,0.02297,0.8540304283998399,0.26638945081291676,0.5361030660141816
21023,0.3612281757977122,1.1207985877990725,-0.983602086170964,0.021819999,0.960746538229982,0.27937591418820085,0.39364303178484106
21025,0.30823765122909763,0.9982309937477112,-2.11064614324186,0.01426,0.9655544424751484,0.4739082453097904,0.388508743347453
21027,0.3593378271213323,1.1462724208831787,-1.01822601018129,0.01477,0.9431007137192704,0.31397110819274676,0.3911743772241993
21029,0.20269174639208692,1.222890853881836,-1.58210134406378,0.01022,0.9440944980105026,0.16044639820634576,0.46857613109827
21031,0.17627702914446883,1.089643955230713,-0.820375015836558,0.02091,0.9471168912566592,0.30400000000000005,0.3673378573812437
21033,0.5510943158557707,1.1226187944412231,0.258619514036331,0.01777,0.908833254605574,0.2753634702470803,0.42011834319526625
21035,0.6437160439786801,1.2547588348388672,-0.876903871363625,0.022229999,0.8964647114864691,0.31262485017978425,0.5737704918032787
21037,0.5249781932135127,1.277221918106079,-1.023878895734,0.01393,0.9229816607617838,0.19537711807573657,0.625319833608037
21039,0.3658026755852843,1.1277868747711182,-0.696011533677011,0.016899999,0.9368729096989966,0.3183068783068783,0.4289120715350223
21041,0.374847718114516,1.0283184051513672,-1.15884153830487,0.01276,0.8865148533408302,0.3247372518489685,0.38005015324602953
21043,0.34058691409845726,1.093779683113098,-1.95801823331878,0.01101,0.966456791487168,0.3718907834276384,0.3890739149119037
21045,0.11016682404784388,1.1083738803863523,-1.71070449038786,0.016580001,0.9464274472773055,0.40329990294403106,0.3548064691986189
21047,0.31156355896602905,1.1133257150650024,-1.19770512647973,0.022290001,0.655543730921108,0.34147135416666663,0.5450832779786947
21049,0.5490534041311056,1.218898057937622,-0.888916253163127,0.01492,0.9015317894970948,0.24380024912240972,0.5194209318883001
21051,0.12274155538098978,0.9771739840507508,-1.98840249316458,0.0074700001,0.9257659073055774,0.5079892422085113,0.2938101788170564
21053,0.14715981555969784,1.057615041732788,-1.36022558612005,0.01215,0.950259982340822,0.43548869184019134,0.3341282087249264
21055,0.4444444444444444,1.130439043045044,0.0113057711054134,0.02142,0.9605555555555556,0.2893009328573074,0.4182503533846395
21057,0.22398088696431237,1.1555958986282349,-1.67749378776571,0.017550001,0.9241451396147528,0.3528875379939209,0.38748717948717953
21059,0.5374524752672333,1.189854860305786,-0.500280371414542,0.01495,0.8801779564862552,0.25662891405729515,0.5587436933880152
21061,0.10298236941835558,1.058466553688049,-2.13113785337042,0.01605,0.950898006261328,0.32650512115913066,0.38808684778901903
21063,0,1.0562465190887451,-2.49998863568453,0.0091599999,0.9563249001331556,0.4571283612379503,0.316579280419454
21065,0.40424634420697414,1.065758466720581,-1.1694406987162,0.01702,0.9902277840269966,0.4089327558048711,0.2981606012658228
21067,1.0371146690122612,1.0980011224746704,-0.288297163188041,0.01457,0.7100071428348633,0.25342521412667196,0.7162538669946006
21069,0.39619651347068147,1.1372287273406982,-0.882556756916332,0.01204,0.957899813959898,0.31848983543078413,0.3932265260596228
21071,0.34287908711871845,1.1732304096221924,-1.60612610766279,0.01175,0.9703203862190036,0.4249741482909925,0.37480996374693015
21073,1.410081339428843,1.315387725830078,1.24010176812503,0.031750001,0.8157493716479646,0.203340386630236,0.5764490714687676
21075,0.5709624796084829,1.198139190673828,-0.510879531825867,0.0251,0.7081566068515498,0.436443661971831,0.4164749194661758
21077,0.11445576284765938,1.2322112321853638,-2.20250553347334,0.022600001,0.9104955934531304,0.2622603786898742,0.3699075659020883
21079,0.2579535683576956,1.1513837575912476,-1.51850638159583,0.016100001,0.9418744625967326,0.2567269774994201,0.43962873284907183
21081,0.6813354174181395,1.2342634201049805,-1.54394436658301,0.017619999,0.9442908099875756,0.2697212458105126,0.392189731172782
21083,0.38928264604811,1.2156322002410889,-0.481908493368245,0.01353,0.8653350515463918,0.31676559892770195,0.4794662006513623
21085,0.28574694250771515,1.1986929178237915,-1.48741551105595,0.01465,0.95222311121271,0.3656644409278629,0.38482202820685024
21087,0.4781856271062938,1.2662814855575562,-0.635243013985414,0.01925,0.9429820566536116,0.32902033271719033,0.3769521410579345
21089,0.2250035156799325,1.2294191122055054,-1.24151498951321,0.01781,0.9618337786527914,0.2545589452355812,0.5300548604807198
21091,0.43004587155963303,1.3092795610427856,-0.374503667866818,0.015659999,0.9549311926605504,0.21187912469607503,0.42055593685655457
21093,0.4238576575414413,1.2331966161727903,-1.17580019496299,0.01442,0.760197923097478,0.2214125560538116,0.601162920408277
21095,0.3745458631409416,1.2786715030670166,-1.33125454766243,0.0090100002,0.9501104910296264,0.49976873265494914,0.3819864149328769
21097,0.4005982266851832,1.203825831413269,-0.876903871363625,0.01475,0.936545240893067,0.28230681261231827,0.4174134734239802
21099,0.25361738480431417,1.2520087957382202,-1.28391163115851,0.01386,0.9152650969085376,0.36010899182561307,0.35870169034203636
21101,0.33275873355299046,1.2098101377487185,-0.876197260669537,0.017929999,0.8656963931135307,0.27106218894319145,0.5091648420394119
21103,0.21997360316761988,1.1753147840499878,-0.741941228792753,0.01847,0.9143359939664384,0.27029759272129905,0.43904901780796773
21105,0.38802660753880264,1.1007150411605835,-0.515825806684485,0.018750001,0.8645232815964523,0.3434343434343434,0.3841704718417047
21107,0.3970792614325737,1.1289026737213137,0.153334520617169,0.018920001,0.8849352540204275,0.29753940356049435,0.4630197628458498
21109,0.14959982048021542,1.154152750968933,-2.14244362447583,0.01092,0.9789064253122896,0.4122045162752058,0.3196502825461136
21111,0.7505678123684715,1.1193495988845823,-0.625350464268177,0.015969999,0.6744737881131428,0.2264038382921039,0.639090953657718
21113,0.6929778247096093,1.2134885787963867,-0.856412161235063,0.01592,0.8883692864685473,0.24997062854905028,0.5678380399148789
21115,0.30926924096492003,1.2095162868499756,-1.64357647444947,0.01012,0.9723424935937086,0.3561389191149801,0.4433671220802115
21117,0.541746142888186,1.2030102014541626,-1.26553975311221,0.01014,0.8852403602385494,0.185026134327992,0.6118511672546633
21119,0.0327653997378768,1.214992880821228,-2.32757562632698,0.01148,0.9684796854521626,0.4911434282169688,0.4138028969042885
21121,0.2152080344332855,1.217185616493225,-1.86827867516956,0.01195,0.9576598118922366,0.47657867920186714,0.3553483060525314
21123,0.3168121655871585,1.147954344749451,-0.566701776658845,0.02583000099999999,0.9137566882568292,0.2862337284561123,0.4478632478632479
21125,0.21124310353397285,1.0817337036132812,-1.75451435342134,0.01288,0.9575691303411368,0.35049291746576494,0.4197963692248583
21127,0.07976517133558803,1.0588319301605225,-2.2653938852472,0.0099200001,0.980218237508774,0.391508826182193,0.3256609354779072
21129,0.29065542799011773,1.0729635953903198,-1.60047322211008,0.01798,0.9565470135154774,0.5270813989476942,0.3180169286577993
21131,0.09724788485850432,1.0090454816818235,-1.83860102601785,0.01139,0.9753962851307983,0.4641676992978109,0.29489448604492857
21133,0.26911863646557527,1.0584288835525513,-1.36093219681414,0.01257,0.9745682888540032,0.45395095367847416,0.3868031140130588
21135,0.26086308414697773,1.0823816061019895,-2.33040206910333,0.01127,0.9776403070731162,0.43091157288032766,0.33022664689684383
21137,0.30642261807484883,1.1454863548278809,-1.20830428689105,0.01196,0.9424742605000818,0.3355210902554241,0.371740412979351
21139,0.3519220357336221,1.2036596536636353,-0.647962006479004,0.01519,0.953546291283162,0.2691255335449272,0.40157597383288735
21141,0.5018214259162888,1.1270750761032104,-0.286177331105776,0.0149,0.8857334027209873,0.2908851224105461,0.4048640138971825
21143,0.12090436464756378,1.362630844116211,-0.5815406012347,0.025979999,0.9012211340829404,0.2324044814708417,0.4671644065214079
21145,0.6549917264202979,1.1473791599273682,0.0727809014910986,0.01736,0.8329962615676901,0.26049852266297857,0.5909753814675345
21147,0.0858860578299456,1.0418274402618408,-2.09722054005418,0.01036,0.8943028914972803,0.5093144326663739,0.3560874948411061
21149,0.37703328665302166,1.205311894416809,0.0579420769152436,0.01826,0.9606808143918992,0.24808826742407689,0.4608116480793061
21151,0.641505693707187,1.1659725904464722,-1.06203587321477,0.01816,0.8946278716327835,0.27595670615072054,0.5943380965219736
21153,0.06004323112641101,1.003953218460083,-2.12195191434727,0.0090899998,0.9876711232087104,0.4390164732613811,0.3331043956043956
21155,0.3897318644772397,1.1195106506347656,-1.46409735815103,0.01013,0.8778320515485346,0.34466811751904247,0.3612167300380228
21157,0.4648627853295717,1.2671587467193604,0.202797269203352,0.02293,0.9634842267248012,0.1916609302782968,0.5044977511244378
21159,0.06438873626373626,1.069048285484314,-2.17070805223937,0.01063,0.9228193681318682,0.3123003967869932,0.35383707201889014
21161,0.6136044880785414,1.1198886632919312,0.162520459640317,0.020749999,0.8896096306685367,0.2886074436943664,0.5161592107501276
21163,0.47015825704350295,1.2268129587173462,-1.68173345193024,0.01846,0.8944006812859272,0.20526676032998303,0.5320692156253238
21165,0.07760360080707746,1.083231806755066,-1.98345621830596,0.016519999,0.9712866677013814,0.3647521636506688,0.32666524792509044
21167,0.40524268247499073,1.2563236951828003,-0.401354874242175,0.018610001,0.9082067432382364,0.22468546840652912,0.4764838367779544
21169,0.02491032283778397,1.1656779050827026,-1.54041131311257,0.00508,0.9491829414109206,0.38477801268498946,0.3700227531285552
21171,0.3763997365201845,1.1368141174316406,-1.10372590416598,0.01067,0.9334713465700574,0.3416682573010117,0.35504314994606256
21173,0.31380002869028834,1.1513100862503052,-1.35951897542596,0.0096300002,0.9278439248314444,0.3088503317051834,0.4452673600168085
21175,0.18813967489464176,1.0643781423568726,-1.86686545378138,0.0091300001,0.9266255267910896,0.3859998269447088,0.34900964956830877
21177,0.21808665309683048,1.2311798334121704,-0.161107238252141,0.01277,0.9204549126037932,0.2879068536649907,0.3735050597976081
21179,0.44906900328587074,1.15293288230896,-0.981482254088699,0.011,0.903658269441402,0.16295852207123185,0.525338928340865
21181,0.4893051866349783,1.173824667930603,-1.51709316020766,0.017759999,0.957360548021809,0.4193548387096774,0.337312204157234
21183,0.166175065431432,1.1818702220916748,-0.858531993317328,0.01578,0.9425865148934404,0.2958627734740785,0.4029686641011545
21185,0.5570967301832734,1.2542895078659058,-0.932019505502515,0.02024,0.8830475843982597,0.08714771778904795,0.7318141177010019
21187,0.46313449425713227,1.19391930103302,-0.91718068092666,0.02304,0.9843460540941088,0.2841896486588591,0.328888302086084
21189,0,1.245363712310791,-1.62449798570908,0.01042,0.9342638451148132,0.400092936802974,0.31952088054386535
21191,0.4289047488333791,1.2375649213790894,-1.01963923156947,0.01392,0.9607466373867692,0.2350644823980481,0.40035763957878007
21193,0.2629206730769231,1.0563808679580688,-1.50437416771407,0.01123,0.9518479567307692,0.3920248978797899,0.4389502320371259
21195,0.2857286922029682,1.0718342065811155,-1.86191917892277,0.0121,0.9689732255407836,0.37660533941461904,0.3757040753538126
21197,0.406371911573472,1.15659499168396,-1.77712589563216,0.017519999,0.9574122236671,0.3324657879271262,0.402673350041771
21199,0.3923853923853924,1.1152396202087402,-1.15318865275216,0.01435,0.9423154623154624,0.34232549293095793,0.4716316768535743
21201,0,1.0294066667556765,-0.588606708175584,0.02313,0.9392369288742346,0.32987012987012987,0.46449900464499005
21203,0.178359096313912,1.143153429031372,-1.82517542283017,0.01321,0.971819262782402,0.3558909444985394,0.34986527450319976
21205,0.5406618517158363,1.1997780799865725,-1.01539956740494,0.021029999,0.94515852613539,0.43505010487065954,0.5078919677306208
21207,0.3234334570817865,1.1644937992095947,-1.13411016401178,0.016519999,0.9348070649116886,0.32804172158862976,0.4052526860326303
21209,0.6036548557630746,1.141304612159729,-1.02811855989853,0.01112,0.8696471362979494,0.18501294920508893,0.6066011235955057
21211,0.49128367670364503,1.1567779779434204,-0.618284357327294,0.01829,0.8016904384574749,0.1952816687627391,0.5622356029025783
21213,0.4262222955507892,1.2576998472213743,-0.638069456761767,0.02056,0.8516746411483254,0.2299006323396567,0.42100977198697065
21215,0.4148822269807281,1.245557188987732,-1.10796556833051,0.01426,0.9406852248394004,0.15147743262257818,0.5408838928241454
21217,0.31285440538109577,1.1527824401855469,-0.423966416453002,0.016559999,0.8953110945993509,0.29740142634642186,0.47935271201678153
21219,0.24358557973367975,1.227663516998291,-0.47130933295692,0.02368,0.8573400454693082,0.2708177667081777,0.3697520255340045
21221,0.3460447089763998,1.299955129623413,-0.108818046889604,0.023700001,0.8815142916464808,0.19706130483689543,0.5480461553379231
21223,0.11684973124561814,1.2473336458206177,-1.20194479064426,0.017200001,0.9399392381397524,0.2674790015379155,0.3648311429046748
21225,0.5294439131028829,1.212404727935791,-0.568114998047022,0.01027,0.8240196748189643,0.3047545365030243,0.42215223097112864
21227,0.6645835276560023,1.0810601711273191,-0.920007123703014,0.01581,0.7836877778814165,0.2731651603932863,0.6147359247439989
21229,0.37428262496880976,1.2807345390319824,-0.616164525245029,0.0178,0.8769857772602512,0.24161591903250712,0.41574130567419154
21231,0.19468509685583568,1.0024731159210205,-1.75592757480951,0.01157,0.9316168597293876,0.38831084781201775,0.3588383323131334
21233,0.5356596265687175,1.2113560438156128,-0.236007971825504,0.01925,0.8836088154269972,0.3570466608571655,0.354046881910659
21235,0.33904403420885115,1.2407865524291992,-1.39908917429491,0.0083799995,0.959895934239296,0.3666070748219572,0.4451811405789565
21237,0.17344248647148605,1.256044626235962,-2.06047678396159,0.01216,0.981545719439434,0.4963814389101745,0.343448009277155
21239,0.6744433467588723,1.1193256378173828,-0.0169586566581201,0.02242,0.8620715859867771,0.19355585568203748,0.6128291989946454
22001,0.18812943304993832,0.9791879057884216,-0.997027689358642,0.01068,0.7737963719038699,0.34819418616032105,0.3760951340856692
22003,0.2830041377156687,0.9975043535232544,-0.654321502725799,0.0089999996,0.7095792021235069,0.25016649224621823,0.35395361832914224
22005,0.3045957405331644,1.107048273086548,-1.21466378313785,0.0057799998,0.6841870136621343,0.1672153163333825,0.5630225765609919
22007,0.07785390159266839,0.9847407341003418,-1.00974668185223,0.0052299998,0.6556188272978023,0.32451046590141797,0.2929097249128245
22009,0.23359315449113577,0.9922596216201782,-0.677639655630714,0.0081500001,0.6503725196095306,0.37620971021171623,0.3896674712685088
22011,0.30370110412223633,1.119986653327942,-0.618990968021382,0.01279,0.8023648192640985,0.2581333625194955,0.4726138389239994
22013,0.2764671188439988,1.0355138778686523,0.44587134796974,0.01458,0.5430551459746388,0.44956903069711174,0.3957275803722504
22015,0.434786045739492,1.1703118085861206,-1.05567637696797,0.01128,0.6674123906117835,0.26450451035109357,0.5991812697500718
22017,0.5664460544032283,1.089863419532776,-0.328573972751076,0.0164,0.44855612188861455,0.35364841077418707,0.532962032030765
22019,0.417867363690922,1.1013137102127075,-0.721449518664191,0.01158,0.6742271313715473,0.2751328894430506,0.5276099827624972
22021,0.37530024019215374,1.028293251991272,0.155454352699434,0.0083400002,0.7918334667734187,0.3723862561731638,0.34143449911084767
22023,0.10822510822510822,1.1642621755599976,-0.820375015836558,0.02369,0.8828282828282829,0.27593691216900595,0.4441671865252651
22025,0.2815891869752202,1.0172793865203855,-0.696718144371099,0.01517,0.661171411017817,0.32500294707061184,0.3485963068608317
22027,0.20331560838285892,1.059889554977417,-0.468482890180567,0.01725,0.4516108852048796,0.498620389195469,0.3599264090985115
22029,0.29072707048235413,0.9896875619888306,-0.333520247609695,0.01174,0.569319445848923,0.4417593585907064,0.3934352179477527
22031,0.2198688116090733,1.028670072555542,0.01271899249359,0.01572,0.5877459782329877,0.32514317384075375,0.3995354866587447
22033,0.8495525764879001,1.156153440475464,-0.0473429165039185,0.01804,0.4463441071022145,0.2678086541913274,0.6319351631079795
22035,0.5636978579481398,1.0355665683746338,-0.313735148175221,0.01213,0.2897406989853439,0.5927182270465853,0.3003070624360286
22037,0.42589437819420783,1.0874762535095217,-0.559635669717962,0.0134,0.5335811264261009,0.26106361579079707,0.3656758272574313
22039,0.2084015600345351,0.8769477605819702,-0.795643641543466,0.0085399998,0.6632230789841913,0.439959731965898,0.3422100205902539
22041,0.2223539875481767,1.1321418285369873,-0.210569986838324,0.01314,0.6512501235299931,0.4206349206349206,0.32870130830068744
22043,0.2350044762757386,1.1471071243286133,-1.17368036288073,0.01293,0.7652193375111906,0.2872318158032444,0.35620976311019437
22045,0.3129912223350536,0.9368810653686525,-0.93837900174931,0.0078999996,0.5875888547303407,0.3316296996992757,0.3623650165722228
22047,0.3732252757296935,1.1673965454101562,-0.623937242880001,0.0098999999,0.4767533971116934,0.30606502356171816,0.3830692424571304
22049,0.4880659991183324,1.3598036766052246,0.146268413676286,0.012,0.6729642924617419,0.3464410495307255,0.3806980056980057
22051,0.4852247901575256,0.9319249391555786,-1.06768875876748,0.0088799996,0.5264642980338048,0.25239377930596063,0.5486410232911326
22053,0.24649343214274355,1.1378027200698853,-0.889622863857215,0.01159,0.7813682770904233,0.29621597125562427,0.4087672023866809
22055,0.5351836775177395,1.0717507600784302,-0.881143535528155,0.0091899997,0.656726163662888,0.26577387746129977,0.5823431324110672
22057,0.32617115831532595,1.0968397855758667,-1.23798193604276,0.0095899999,0.768316549109145,0.2521773679202869,0.37697727170304496
22059,0.06695232994108195,1.0790095329284668,0.0120123817995017,0.01398,0.8273299410819497,0.3189017169923032,0.35092453773113447
22061,0.4868136985141599,1.1403850317001345,0.0643015731620386,0.021509999,0.5329763366210896,0.4144522992294229,0.6165195167286246
22063,0.2105407117355753,1.1946004629135132,-1.24080837881912,0.00789,0.8768858689393066,0.2107775122224078,0.4709932562725382
22065,0.22112152839200425,0.9738520979881288,-1.20477123342061,0.0060999999,0.3384043870511233,0.5008556149732619,0.3690650352440484
22067,0.37094884810620854,1.0401840209960938,-0.191491498097939,0.0116,0.4932838734869192,0.4208679519238525,0.3665123908840589
22069,0.6126028527947587,1.0898709297180176,-0.203503879897441,0.01959,0.5205189713430833,0.4301518151815181,0.5327854596051831
22071,1.224910130614438,1.0370233058929443,-0.274164949306274,0.019090001,0.30668423543860096,0.3460993658904672,0.6373268368626659
22073,0.5852315844984373,1.1357314586639404,-0.268512063753568,0.0142,0.5784274634391038,0.3648691328159124,0.5243036321911846
22075,0.22495500899820037,1.1739213466644287,-0.88326336761042,0.0151,0.6392150141400291,0.2445120625950881,0.482776617954071
22077,0.22710755813953487,1.03918719291687,-0.53066463126034,0.01244,0.6032430959302325,0.302513258012451,0.40507152145643693
22079,0.45621134610979613,1.1885075569152832,-0.170293177275289,0.01557,0.6121859967931588,0.30829600824956505,0.4877232142857143
22081,0.20431990659661411,1.1303714513778689,-0.216222872391031,0.01068,0.566958552247519,0.4076969332531569,0.375993091537133
22083,0.2702702702702703,1.085686445236206,-0.617577746633206,0.01198,0.6057002457002457,0.4234090675439498,0.3736223897911833
22085,0.343878954607978,1.144752025604248,-0.250140185707271,0.01185,0.6757950898253512,0.29770636367490566,0.391388368862854
22087,0.2755803397743483,1.0354559421539309,-1.81033659825432,0.0077200001,0.623438378074612,0.32976426717840246,0.47559283968558025
22089,0.4500407405301954,1.1426374912261963,-0.720742907970103,0.01107,0.6512042142762398,0.17384370015948958,0.5551768214742224
22091,0.24278916189181315,1.1148803234100342,-0.946151719384282,0.01794,0.44148781198407305,0.30261728395061727,0.3903952515850533
22093,0.4223765721794631,1.186444640159607,-0.387929271054496,0.0057600001,0.4817908766660409,0.28487462672417885,0.4422196405385089
22095,0.3353221405115397,1.0559606552124023,-1.14965559928172,0.01112,0.34318486656491376,0.2551305860504478,0.4726652273835225
22097,0.30959938440821433,1.1028565168380735,-0.902341856350805,0.0077900002,0.5436324724666955,0.3832660721514174,0.35525239759125715
22099,0.19541427826993227,1.1489262580871582,-1.35457270056734,0.00685,0.643229360530038,0.3040777798754012,0.38898939575273456
22101,0.20110657667556112,1.148444414138794,-0.791403977378936,0.01234,0.5607636163867524,0.31804305752309503,0.31819762387713707
22103,0.5124336187807411,1.2206259965896606,-0.780804816967611,0.01252,0.7856283435558779,0.1834618978980882,0.6390163595897482
22105,0.3653725285293471,1.1004120111465454,-0.85358571845871,0.01192,0.6322724278152616,0.32700357802670654,0.46473183622626574
22107,0.10962508221881166,0.979155659675598,-0.406301149100793,0.019150218,0.4224950668713002,0.5473359753412594,0.3134657836644591
22109,0.35920181341139096,1.0355278253555298,-1.22172989007873,0.00868,0.6666696414228854,0.3099405128949182,0.400107947645392
22111,0.2684203462622467,1.0587042570114136,-0.360371453985051,0.0132,0.6892139757526954,0.29500436600946733,0.4085171490501084
22113,0.2881483337509396,1.0908122062683103,-1.24080837881912,0.0089999996,0.7831454105069741,0.27706742086812197,0.3660107782930192
22115,0.20142609676509687,1.261610746383667,-1.27967196699398,0.01221,0.7005599645490069,0.2925814017368521,0.4656966724115073
22117,0.39302250457628946,1.2303626537322998,-0.818961794448381,0.01336,0.6554107892753311,0.382235124673688,0.34793781725888323
22119,0.33764843789817034,1.194792628288269,-0.292536827352571,0.01589,0.619540288466439,0.4696981575852607,0.4187490812876672
22121,0.3448143749281637,1.2907586097717283,-0.657854556196241,0.0091300001,0.5585609746752997,0.204338171147593,0.49985833286110953
22123,0.2037858889593334,1.1862784624099731,0.110937878971869,0.01212,0.7877003894574767,0.34902367701160264,0.33068920676202856
22125,0.12963443090484833,1.1820106506347656,-0.556809226941609,0.02208,0.5236582836401348,0.1833581226243596,0.5024229837313949
22127,0.244532942080626,1.1798577308654783,-0.56034228041205,0.0094900001,0.6499685600503039,0.328176617516719,0.3607346297387547
23001,0.4414416088920281,1.1758426427841189,-0.628883517738619,0.01516,0.9060983996579988,0.2173742100670304,0.5472526296068303
23003,0.4756005839932752,1.2081190347671509,-0.12295026077137,0.02389,0.9412467371587844,0.29509296969142296,0.5129077167859984
23005,0.8073703332455261,1.2966058254241943,0.370264003702288,0.02228,0.9028897700020868,0.14690040704035578,0.7296232059394804
23007,0.6754052431458876,1.2248735427856443,0.107404825501427,0.027519999,0.9562404109132144,0.22654127481713693,0.5453703274815879
23009,0.6913792787677882,1.22079598903656,0.916474070232571,0.041159999,0.9472720279848356,0.18283336158032504,0.632637352063889
23011,0.6303746108925448,1.2598453760147097,0.34411940802102,0.02483,0.9457508233883354,0.2198032220065932,0.5982816500711237
23013,0.7545461404964914,1.2564988136291504,0.999854132134995,0.034120001,0.9515581377801252,0.17644592363531542,0.6064170053974812
23015,0.7309727785737259,1.307873010635376,0.892449306633568,0.03011,0.9589778076664424,0.2079343365253078,0.5868697997796436
23017,0.3649000868809731,1.3319005966186523,-0.128603146324077,0.021880001,0.952719374456994,0.25729798335918774,0.4993696301830407
23019,0.6111059865326077,1.2874499559402466,-0.339173133162401,0.020129999,0.936267081318276,0.24314122565935847,0.58425404122794
23021,0.5494179139938228,1.1616525650024414,0.329280583445165,0.031909999,0.9490971727251128,0.30864874748582927,0.4951893234016139
23023,0.7827485050208733,1.2332655191421509,-0.0770205656556286,0.02644,0.9455319869118808,0.1617852161785216,0.6403360078351603
23025,0.42062549485352335,1.198683261871338,-0.399941652853998,0.019130001,0.9570269200316708,0.32372594799130505,0.48022795376712335
23027,0.6765472065555528,1.1474049091339111,-0.0204917101285617,0.02911,0.9517185563620728,0.23526370217166492,0.5996919917864476
23029,0.5080816741291162,1.1610337495803833,-0.096805665090102,0.030160001,0.8943825219904099,0.3106815267777887,0.5126585017527157
23031,0.4796491708921475,1.2292773723602295,-0.568114998047022,0.01698,0.9423735781828148,0.1355732228821196,0.6325017799988022
24001,0.7523269647980965,1.229304552078247,0.606271975527792,0.02211,0.8696899713065995,0.26768171336513247,0.4842851705694998
24003,0.7505142006914358,1.336100935935974,-0.435978798252503,0.01542,0.6822458535731478,0.10005484137493104,0.6874059921135005
24005,0.803726489037678,1.242387056350708,-0.308788873316603,0.01212,0.5727399645901418,0.14529775886812868,0.6571979836606987
24009,0.6338035864540875,1.441573977470398,-0.443044905193387,0.01436,0.7815672432822284,0.08448872528489881,0.6437981645508906
24011,0.7186299131592484,1.1851823329925537,0.0607685196915969,0.02042,0.7554540228146086,0.2514357667147815,0.4441193421110964
24013,0.6380479311146757,1.4023061990737915,-0.190784887403851,0.017580001,0.8904823523097931,0.09006832601268921,0.6332381417925167
24015,0.53875107262657,1.2607793807983398,-0.898102192186275,0.01392,0.8511876901474374,0.17159874360443295,0.5333098442674935
24017,0.6539001931906566,1.3773399591445925,-0.607685196915969,0.01487,0.4016044860375843,0.10713535600404787,0.6152110407849893
24019,0.8012321861970253,1.1887965202331543,0.0409834202571235,0.020819999,0.6287261186134794,0.2515784821315823,0.4939717234799202
24021,0.8909323766416622,1.227704644203186,0.173826230745731,0.01833,0.7348442061553881,0.10860841161313883,0.6836054063542215
24023,0.8209338122113905,1.18845534324646,0.490387821697305,0.03018,0.9643577903198222,0.20797050561797747,0.465024217585693
24025,0.6185027475795133,1.064831018447876,-0.390049103136761,0.01331,0.760809921418433,0.12149794396710356,0.6667753430455697
24027,1.003590973953678,1.143838882446289,0.104578382725074,0.017000001,0.5201800191309529,0.08673011255849239,0.8202136553646076
24029,1.5996109746109746,1.1927191019058228,1.60612610766279,0.045329999,0.7773853398853399,0.19486548464679232,0.5878131055766884
24031,1.059384972161797,1.1184625625610352,-0.120830428689105,0.01915,0.43819056471783274,0.12119770898281734,0.7758336815712494
24033,0.9214016089449416,1.239438533782959,-0.623230632185912,0.01654,0.1270384187878988,0.1448452163459103,0.6091803321249963
24035,0.5691892327530625,1.115930676460266,-0.233181529049151,0.023390001,0.8652683752417795,0.09519152404237964,0.6429385290263773
24037,0.4898031881734794,1.3558402061462402,-0.609098418304146,0.0104,0.7409119244812539,0.1286485396677023,0.5950193065776905
24039,0.4469664580823195,1.246142029762268,-0.178065894910261,0.027799999,0.5153717594931789,0.3528180518684909,0.4160352422907489
24041,1.3318266203890547,1.0791633129119873,1.20901089758514,0.034669999,0.7782710468964404,0.15064460737550767,0.6679193958266223
24043,0.7677754165306544,1.0657634735107422,0.0812602298201586,0.019409999,0.7892531427162929,0.1991647496018404,0.5074753280864873
24045,0.7387433074244921,1.0419282913208008,-0.138495696041314,0.0188,0.6297603838539483,0.2511137043990055,0.549337009727988
24047,0.8644837245242925,1.2413259744644165,0.895275749409922,0.024809999,0.8015840819086255,0.1643426686044228,0.595186106738435
24510,1.116936384295078,1.1229854822158811,-0.347652461491461,0.017200001,0.27491166309816234,0.3066164980462526,0.5610356011500385
25001,0.5655843669202233,1.3707830905914309,0.592139761646026,0.031339999,0.8927239854610859,0.12630484132939468,0.7174881673751168
25003,0.7712082262210797,1.262773036956787,0.248726964319094,0.027179999,0.8810599169468064,0.18547842682957316,0.6199421341279094
25005,0.4161935843803528,1.2033241987228394,-0.837333672494678,0.01269,0.8127717066788821,0.18601520778849745,0.5576161806448329
25007,0.8086876155268022,1.3784488439559937,2.57842242272834,0.041809998,0.8555337338262476,0.13484389561975774,0.7119463505926388
25009,0.5908053838576146,1.1684520244598389,-0.400648263548087,0.01454,0.7029371832236792,0.16737576449609737,0.6422033217794247
25011,0.804086317072134,1.2449756860733032,0.431032523393885,0.024460001,0.9069810278135936,0.17744144144144147,0.6482143529146125
25013,0.4173158840791586,1.179843783378601,-0.80270974848435,0.01145,0.6274293555274851,0.2612028145914346,0.5514096708143015
25015,0.734326096676437,1.147490620613098,-0.0183718780462967,0.030680001,0.837013761240002,0.1842539517109606,0.7211109224731107
25017,0.7355504165932678,1.2066104412078855,-0.0805536191260703,0.016799999,0.7185481140549785,0.1179751077070369,0.7439316315402933
25019,1.0968839541547275,1.2473876476287842,1.79691099506664,0.031199999,0.8518087392550143,0.1500635093449465,0.7579345703125
25021,0.6331761457490109,1.2995116710662842,-0.0614751303856852,0.01558,0.7490994907464911,0.09840399419101364,0.7468662754259017
25023,0.4594384274882933,1.1422110795974731,-0.48826798961504,0.01598,0.8064963720374226,0.121573400788207,0.6511326139923425
25025,0.9176442527978108,0.9732818603515624,-0.0890329474551303,0.01925,0.44872050765435817,0.26138653045992355,0.6423024022064657
25027,0.4810420334346947,1.1694214344024658,-0.545503455836195,0.01585,0.7638329138234566,0.16017670341920365,0.6298791416967302
26001,0.9176084226794166,1.310136318206787,0.34411940802102,0.025690001,0.9577900125567468,0.26588972676525313,0.50046981442330285
26003,0.7376243033548247,1.2532873153686523,0.275578170694451,0.041839998,0.8359742104688013,0.21203897866041688,0.4467963386727689
26005,0.8932953342000809,1.1323047876358032,-0.676226434242538,0.019060001,0.8843322455937939,0.1837630662020906,0.5306210557058144
26007,1.0343618513323982,1.194189429283142,0.421846584370737,0.025690001,0.9571178120617112,0.25421368375946296,0.5819900732687309
26009,0.4847884167887615,1.2081077098846436,-0.0332107026221518,0.0328,0.946737912608808,0.20763025942882063,0.6011113657195233
26011,0.39814200398142,1.1445863246917725,-0.4119540346535,0.01344,0.946449900464499,0.28592572658772875,0.46602282704126424
26013,0.7125044531528322,1.1543409824371338,-0.660680998972594,0.025280001,0.7262795392471203,0.2598611111111111,0.4862223646267222
26015,0.35926660059464816,1.1963717937469482,-0.676226434242538,0.01719,0.9413115295672284,0.1504680108699299,0.5490946006563261
26017,0.6555944055944056,1.190037727355957,-0.51370597460222,0.01335,0.9006378237147468,0.2411477114780868,0.5588944562042817
26019,0.7238149304569969,1.2241780757904053,0.361784675373228,0.040169999,0.9376099914845304,0.18794876213452816,0.6207571310303305
26021,0.6650100886896382,1.1364185810089111,-0.600619089975086,0.020300001,0.7490219485768784,0.26442965501667126,0.6160235624227671
26023,0.6607220830556385,1.111910343170166,-0.766672603085844,0.016969999,0.9040516627214856,0.2622743110547988,0.4763805502408128
26025,0.5439155962209042,1.131175518035889,-0.77303209933264,0.0148,0.7752212916877775,0.2581083050210521,0.5422715252861078
26027,0.4464025774896648,1.123835206031799,-1.11503167527139,0.01819,0.8612852512470159,0.19366583150642025,0.5453704962610469
26029,0.9450893539025508,1.2288668155670166,0.540557180977577,0.029960001,0.9374140827860088,0.19389496547979213,0.6430794770699315
26031,0.875363915335589,1.1648664474487305,0.0204917101285617,0.02445,0.9205681013455032,0.25909090909090904,0.5208867905162681
26033,0.7241755029365649,1.200810432434082,-0.231768307660974,0.023080001,0.696165191740413,0.2916286865241554,0.5591885349829023
26035,0.4975367850967342,1.169179081916809,-0.737701564628223,0.01871,0.948125672898111,0.34722084449294055,0.4792714966380193
26037,0.5453571291890443,1.2594633102416992,-0.438098630334768,0.01945,0.898939902282208,0.15216017946701388,0.6774307295436409
26039,0.5938669737978692,1.237403392791748,-0.591433150951937,0.02303,0.9452202706593724,0.2645720158567024,0.5687267169739231
26041,0.6661855326708488,1.2216062545776367,0.179479116298437,0.021500001,0.9286626325431632,0.25205016204029873,0.6031056369956175
26043,0.7370572742639254,1.2426317930221558,0.259326124730419,0.016589999,0.949329769251936,0.2117826104369418,0.6181280258203335
26045,0.9158931442771524,1.2300012111663818,-0.293950048740748,0.016419999,0.8283876626224236,0.16645148106521512,0.6659675633426693
26047,1.1554494925084582,1.2437549829483032,0.649375227867181,0.02775,0.9115816819719672,0.1868835385652148,0.6919181437051181
26049,0.5859638369598529,1.1127604246139526,-0.967350040206932,0.01313,0.7244082133006435,0.2830103001714628,0.5898422401328504
26051,0.6032675343170221,1.0661118030548096,-0.825321290695176,0.018239999,0.9578306103880692,0.30945317511225146,0.4766250994958875
26053,0.9793506407277072,1.160799860954285,0.0296776491517101,0.02189,0.9010025894694909,0.2895574197280879,0.5638491547464239
26055,0.957355637278832,1.2197662591934204,-0.0211983208226501,0.022910001,0.92593918486456,0.17131460860894132,0.7124857331651349
26057,0.8187506110079187,1.1229270696640017,-0.476962218509627,0.01794,0.8602747091602307,0.2649098868611064,0.5065155807365439
26059,0.726664772603099,1.1679306030273438,-0.907994741903512,0.019090001,0.9465655528115916,0.27558625704417383,0.49293026231605885
26061,0.9495425561408372,1.1911355257034302,0.0416900309512118,0.037969999,0.9207374549487108,0.31797799832595963,0.5968160990127073
26063,0.6858272991163993,1.1799415349960327,0.457177119075153,0.02334,0.951928291173562,0.23428497442869167,0.47452118901117946
26065,1.2233857674293758,1.2076925039291382,0.117297375218664,0.02299,0.6961873724564416,0.28111370788171,0.7096863850617416
26067,0.5870917573872473,1.2182302474975586,-1.08182097264924,0.01495,0.8828771384136859,0.21185275951714655,0.5140221148783224
26069,0.9128070802079612,1.2316198348999023,-0.135669253264961,0.019880001,0.9379688058102156,0.28146536089952845,0.5067806151169336
26071,1.1881276901004303,1.1311529874801636,0.892449306633568,0.027939999,0.9438665710186512,0.26946825177403,0.4919632606199771
26073,0.7002602987777274,1.239661693572998,-1.17368036288073,0.018859999,0.8538224309642373,0.3647643066193412,0.5966210987877225
26075,0.5216344335459795,1.185224533081055,-0.991374803805936,0.01623,0.8464346050076905,0.2264864792215472,0.5816148707522509
26077,0.6850748824906278,1.5418378114700315,-0.640895899538121,0.015769999,0.7738529753182743,0.22926126097817723,0.716099172750574
26079,0.4549331816889394,1.159157633781433,-0.997027689358642,0.012070000000000001,0.9413136195621268,0.2748091603053435,0.45171437558980815
26081,0.8300919118497935,1.1586439609527588,-0.298189712905278,0.01426,0.7374656892771566,0.20510390598645967,0.6659064301521018
26083,1.4211274277593555,1.337192177772522,-0.580127379846524,0.063609913,0.9677877783041212,0.2045670789724072,0.6100998238402818
26085,0.73827202159973,1.1691725254058838,-0.325747529974723,0.03105,0.8498143773202835,0.3725234619395203,0.4186427712818271
26087,0.5054635498307549,1.2272353172302246,-0.859238604011417,0.018309999,0.9177059905949704,0.18896158129175944,0.5510465339563464
26089,0.6927766488084242,1.2408616542816162,0.470602722262832,0.061489999,0.9000554221319047,0.13080188459206044,0.7404794643390926
26091,0.6225795631270266,1.1583776473999023,-0.527131577789899,0.019640001,0.8666612455657088,0.2012950118459279,0.540388017368675
26093,0.6574301464000759,1.2522927522659302,-0.911527795373953,0.016349999,0.9434214825510924,0.09383497620666204,0.6936390098607758
26095,0.5127800568002524,1.117706537246704,0.562462112494315,0.021199999,0.7767434521931209,0.26133131044945956,0.5159941459335144
26097,0.950834879406308,1.2533018589019775,1.08959369028421,0.044599999,0.7312615955473099,0.258279388310348,0.5667581434196397
26099,0.40387211673800016,1.186792016029358,-1.37577102138999,0.0066800001,0.7902990262258351,0.1825554513634211,0.6023413355588301
26101,0.8586498752913276,1.2071917057037354,-0.0388635881748585,0.02984,0.8898474874269126,0.20802698728483693,0.5425705875940259
26103,0.9334792910056084,1.2497352361679075,0.325747529974723,0.024730001,0.9208529526437332,0.2305660317308763,0.6407799743607044
26105,0.8461697865579886,1.1926116943359375,-0.00141322138817667,0.02045,0.914588657871106,0.25444989488437286,0.5762873338731958
26107,0.7745485653510902,1.1890451908111572,-0.540557180977577,0.02407,0.9121407597512196,0.3062624254473161,0.5418554556933819
26109,0.6609170494929357,1.1854512691497805,-0.48826798961504,0.02,0.928924330415186,0.23949505649717517,0.5002618562700029
26111,0.8757722992022074,1.2010908126831057,-0.411247423959412,0.018920001,0.914762161837922,0.18301187486284165,0.6530647205947854
26113,0.5157040191642268,1.2024598121643066,-0.315854980257486,0.025900001,0.939645994144264,0.25908202466805963,0.4761950378388735
26115,0.6495154514549814,1.20240581035614,-0.965230208124667,0.0141,0.9130417359594462,0.1791980034400189,0.5617638950940598
26117,0.5992462113446769,1.120093822479248,-0.549743120000725,0.01499,0.9175405673915444,0.2478322508324816,0.48220519562950537
26119,0.8364813815434431,1.2763779163360596,0.54338362375393,0.015900001,0.958553696708041,0.27545304777594726,0.43997834619028287
26121,0.6592728091080631,1.0873595476150513,-0.88750303177495,0.01353,0.7636831566616848,0.2633416878534893,0.5725401733664521
26123,0.39800686432617954,1.077327013015747,-0.597086036504644,0.019330001,0.905429433899847,0.26556112287469336,0.47741151360645045
26125,0.7030087337464141,1.1748071908950806,-0.625350464268177,0.01427,0.7200301631443083,0.13431771328478248,0.7554531225968715
26127,0.681405208964264,1.200661301612854,-0.40771437048897,0.024669999,0.8170427013930951,0.2843204775022957,0.5092618191871716
26129,0.5981433630012442,1.0808449983596802,-0.204917101285617,0.024089999,0.9464542061441288,0.31034820510309025,0.47670708359923425
26131,0.4679258124893653,1.2446264028549194,0.927779841337985,0.0381,0.949123702569338,0.2598208132322536,0.4910401647785787
26133,0.6118505796479176,1.1359546184539795,-0.0098925497172367,0.01926,0.94516960068699,0.2899165173303029,0.4492735854839699
26135,0.8486905916585838,1.1353858709335327,0.243074078766388,0.064620003,0.9551406401551892,0.2628032345013477,0.460322633208408
26137,0.8881175990200082,1.244304656982422,-0.371677225090465,0.02537,0.9452429563086976,0.24359827070169604,0.5891944651776999
26139,0.5199645446995024,1.1110336780548096,-0.276991392082628,0.01657,0.8384655113449982,0.14680315598400318,0.6473593020191429
26141,1.1404750668554349,1.2830679416656494,0.943325276607928,0.02352,0.955403492213308,0.23517219387755103,0.5135407228430484
26143,0.6289044484507987,1.1955699920654297,-0.0473429165039185,0.026950000000000002,0.9488910318225652,0.2876992583752451,0.5155184264791414
26145,0.5669347985882672,1.177667260169983,-0.535610906118959,0.01424,0.6935789095041731,0.27325189439905073,0.5611042489182574
26147,0.527482464347837,1.168611764907837,-0.7815114276617,0.01174,0.9109747750350085,0.21186860664591145,0.5673509910293231
26149,0.579426655269906,1.1070185899734497,-0.707317304782424,0.015729999,0.8649976987310145,0.2556285413428271,0.50434931339490785
26151,0.46615813052427657,1.2290571928024292,-0.550449730694814,0.016890001,0.939750575130161,0.2625937307928703,0.4718189872555033
26153,1.1804174950298212,1.1553730964660645,-0.172413009357554,0.02813,0.856734592445328,0.27301387137452715,0.46538024971623154
26155,0.585308750365818,1.2363611459732056,-0.563168723188404,0.01668,0.9410740415569212,0.1920329139869592,0.5491596726159486
26157,0.6044692948487882,1.1575851440429688,-0.298896323599366,0.01492,0.9333950395738492,0.25615089686530645,0.4692952401033155
26159,0.5407521431035855,1.119611382484436,-0.740528007404576,0.01959,0.8120438440510629,0.2662906258393768,0.5580148979394408
26161,1.0074931880108993,1.2572715282440186,-0.483321714756422,0.02465,0.701275204359673,0.2012864944036629,0.8065757105221838
26163,0.6003531556098308,0.9716686010360718,-1.25494059270088,0.01373,0.4952150999915211,0.32572470342241466,0.5640283083118651
26165,0.5938777964878518,1.283116579055786,-0.404887927712617,0.01816,0.9451527543901852,0.26759405820041393,0.5316318571799982
27001,1.499936844764431,1.2842847108840942,1.93328685902569,0.03167,0.9393078186181636,0.23217034376603385,0.5438383838383838
27003,0.6645196472264334,1.2208051681518557,-0.566701776658845,0.01011,0.8126725538396531,0.11401948375824922,0.6608202574934621
27005,0.7424068683661168,1.254172444343567,1.26271331033586,0.02091,0.8624268618976214,0.20819623093030215,0.6156355986777143
27007,0.7003857509212766,1.2282429933547974,0.179479116298437,0.019330001,0.7189190354071935,0.3076975569810291,0.6437188749386267
27009,0.5420020434100027,1.2462894916534424,0.131429589100431,0.017000001,0.8989508834010317,0.18520114578316305,0.6184461302739265
27011,0.9507606084867894,1.3031182289123535,3.63833846386084,0.033690002,0.960568454763811,0.20543993406140537,0.4766867800329128
27013,1.0367542480724603,1.2831705808639526,0.218342704473296,0.01929,0.8790178905606707,0.2591604017941752,0.6806023074748825
27015,1.0531335691292771,1.2424882650375366,1.61177899321549,0.025280001,0.9338711600365616,0.14546209761163031,0.5737355095449564
27017,0.6945808660511323,1.2874958515167236,0.698837976453364,0.0196,0.8811775601268487,0.1909983873332356,0.6183646488522094
27019,0.7013310576857056,1.2312707901000977,0.0459296951157418,0.01395,0.8883265161992762,0.06985567255401137,0.7792693595583577
27021,0.5552138854721881,1.2618322372436523,1.40332883845944,0.033119999,0.8290282902829028,0.24680054104671736,0.598884357568087
27023,0.8575253074541956,1.2276289463043213,2.92748810560798,0.019239999,0.8711620513678574,0.21511429546229952,0.5526986052152819
27025,0.4022417065895327,1.2506928443908691,-0.142735360205844,0.01581,0.9339238904456296,0.1126281133163446,0.6086662153012864
27027,0.6068152444598556,1.2381950616836548,-0.182305559074791,0.01568,0.8716861583078523,0.1918683413891723,0.7120595327611688
27029,0.9069266523069948,1.2250522375106812,1.54323775588893,0.01501,0.8467293957601179,0.24782457361642884,0.5121910764637585
27031,1.3020833333333333,1.354387283325195,3.42494203424616,0.04752,0.8550967261904762,0.19860954528372787,0.7309668379262028
27033,1.1284184441100982,1.2195842266082764,2.45476555126288,0.026079999,0.8604301265598726,0.2253050158156349,0.533674775928297
27035,0.743572574240466,1.2429226636886597,0.935552558972957,0.025939999,0.9489543267359112,0.19484381178331356,0.6415279351520963
27037,0.6821638474515545,1.2187538146972656,-0.279111224164893,0.01054,0.783724401060142,0.11049299002941516,0.7461493297144123
27039,0.7136291063912139,1.225256323814392,0.999854132134995,0.01912,0.921573370748464,0.1051450865642526,0.6159782448919594
27041,1.01298216618239,1.240655779838562,1.66477479527212,0.022120001,0.95918748167302,0.1532791532791533,0.6599128459160489
27043,0.9238460981088328,1.2728657722473145,2.83421549398832,0.025869999,0.9079052242591116,0.20811918063314716,0.5489202068336206
27045,1.0143682276003627,1.3116390705108645,2.96635169378283,0.02641,0.9627667191751396,0.1786951642024106,0.569310703152061
27047,0.8452877260939501,1.0854675769805908,1.3086430054516,0.019339999,0.8505071726356563,0.2231728102128797,0.5378008451221753
27049,0.978463002205596,1.1259130239486694,1.47257668648009,0.019470001,0.9204471738096268,0.15570552688456618,0.6155752753977968
27051,1.2215669755686605,1.3662192821502686,3.83689606889966,0.035220001,0.9513058129738836,0.21029311520109065,0.5959357277882797
27053,1.2706317118531558,1.16068434715271,0.450817622828358,0.017209999,0.6882722218075077,0.1674878899857597,0.7694226830369024
27055,1.112719862719863,1.1436729431152344,1.30087028781663,0.02892,0.959942084942085,0.13875285667646098,0.6091979893465377
27057,1.1061420619439557,1.2182879447937012,1.07899452987289,0.02571,0.9281602359769732,0.203519768563163,0.618092749836708
27059,0.589652548820695,1.303734302520752,0.212689818920589,0.01308,0.937331980725336,0.13158029890606548,0.5787917975244782
27061,0.7365809352916417,1.159256100654602,0.710850358252866,0.02115,0.9174586296271682,0.2054288176334528,0.6402798232695139
27063,1.2055455093429777,1.239233136177063,2.4109556882294,0.026389999,0.9238497086598352,0.1731517509727627,0.5995237428211234
27065,0.7147740692398533,1.2286444902420044,0.722862740052368,0.017589999,0.9482254956802784,0.20528879610299233,0.5081623745089481
27067,0.8344809878387526,1.161501169204712,1.13552338539996,0.021810001,0.8000280105506408,0.22600796356786912,0.6314875889602499
27069,1.6237531895151938,1.3390295505523682,4.73005198622732,0.032609999,0.953375086986778,0.18670199951818833,0.5833604159896002
27071,1.3583699560527367,1.26344633102417,1.76935317799719,0.021640001,0.9320815021973632,0.23126583312903493,0.5620726495726495
27073,1.2278612888822742,1.320296049118042,2.98755001460548,0.031160001,0.949546063402292,0.1611922141119222,0.5627514078841512
27075,1.4204545454545454,1.3030000925064087,1.75592757480951,0.03915,0.9549242424242425,0.15633449208188488,0.6373395853899309
27077,0.6629541235746487,1.2897249460220337,4.17536259136798,0.030510001,0.9297268629010872,0.19418260166980883,0.5438034188034189
27079,0.7347213370157921,1.222332000732422,0.743354450180929,0.022949999,0.910558742298704,0.1396412491960266,0.5805534005689165
27081,0.6605601550114497,1.3658652305603027,3.74856973213862,0.037319999,0.9605425400739828,0.18661331393233904,0.5359739283028327
27083,1.310272536687631,1.203013896942139,1.25847364617133,0.020749999,0.8378367885705412,0.23623778501628667,0.6031166301436572
27085,1.1512056262558608,1.1849104166030884,1.10443251486007,0.019990001,0.9091035945523556,0.17667465801720494,0.5712379720223175
27087,0.6362479549172878,1.1623353958129885,0.226822032802356,0.01489,0.453553899291038,0.3745130773511408,0.5022421524663677
27089,0.986982501067008,1.3024123907089231,3.7316110754805,0.030160001,0.9321382842509603,0.1385860766324879,0.53170359052712
27091,0.9193028410235744,1.2067053318023682,1.72695653635189,0.02526,0.9291759016723756,0.2097186700767263,0.5527570259694059
27093,0.941354685133088,1.232688307762146,0.994201246582289,0.02008,0.93923393204934,0.16056238705980874,0.5727151645842583
27095,0.8215735549971003,1.1726497411727903,1.23444888257232,0.017519999,0.8883433210902765,0.20770539140065655,0.5122416891284816
27097,0.7636704572949431,1.2162981033325195,1.16096137038714,0.0164,0.956750544398742,0.1867194452115745,0.5239298001132257
27099,0.7222347828271409,1.1232426166534424,0.956750879795607,0.01695,0.7857160800864169,0.2325557575602386,0.5566568543428848
27101,1.56702025072324,1.2537795305252075,4.50252334273088,0.02562,0.9304484088717454,0.1552825552825553,0.5393503014065639
27103,0.7657418860811687,1.2217299938201904,2.69713301933518,0.01681,0.8864640395829652,0.16542662656324203,0.688145841794143
27105,0.48311401490751815,1.131758451461792,1.45915108329241,0.01555,0.5945523143461857,0.24330283837673009,0.4494494494494494
27107,1.0352760736196318,1.2744274139404297,2.50917457470768,0.027519999,0.894478527607362,0.18973390017320105,0.5504546462630295
27109,0.970550807769574,1.1574407815933228,0.267098842365391,0.01588,0.8007092610894715,0.14440717056295205,0.7470509012063844
27111,0.9021393590514648,1.2458022832870483,1.65064258139035,0.023809999,0.9256809004209984,0.1702570379436964,0.6256176633644275
27113,0.775576394274836,1.23166024684906,1.19982495856199,0.01422,0.9066488049072834,0.18515865625671513,0.6005334427574888
27115,0.6159531875577456,1.217163324356079,0.593552983034202,0.016480001,0.8915580193683058,0.22361222554526228,0.4972810800675042
27117,1.3056250680013055,1.4007493257522583,2.04069168452711,0.02135,0.8799912958328799,0.21795439450963028,0.5417941697535834
27119,0.6582912978649155,1.2371245622634888,1.87463817141636,0.02568,0.8690714127089877,0.2043766839718736,0.61240858693088
27121,1.7650253439536567,1.3104853630065918,2.65544298838397,0.02782,0.95954018826937,0.14833241201400404,0.6360248447204968
27123,1.3908735916773505,1.0826568603515625,0.671280159383919,0.017240001,0.6190540039159359,0.2299572970100369,0.694185130721654
27125,0.49813200498132,1.1651060581207275,1.9262207520848,0.0094699999,0.9205479452054794,0.18693467336683425,0.5517487508922199
27127,1.0320424611755454,1.1021735668182373,2.70561234766424,0.028139999,0.8700609396500885,0.19322147651006716,0.5348034515819751
27129,0.7678132678132679,1.2235565185546875,2.71197184391103,0.019780001,0.8787196287196287,0.17939709085798605,0.539771059583211
27131,0.8989952406134321,1.183219313621521,0.187251833933409,0.023560001,0.8223766714512352,0.17342567964351097,0.5968269897020524
27133,1.2763241863433312,1.2202504873275757,2.6349512782554,0.022600001,0.935226547543076,0.16349518810148733,0.6026104733448655
27135,0.8300240869735044,1.241239070892334,1.28179179907624,0.018309999,0.9192760887963024,0.14594953519256304,0.5783039753585524
27137,0.96240970369295,1.2337309122085571,0.906581520515335,0.02334,0.9111579453241156,0.2236078599022986,0.6730007045974987
27139,0.6935123042505593,1.0267393589019775,-0.499573760720454,0.0094499998000000009,0.8115023231801756,0.09177409453652564,0.7244134012581035
27141,0.6536950975514223,1.2973241806030271,-0.303842598457984,0.0086599998,0.9117220499031368,0.11031104739562968,0.6608579958463136
27143,0.8058017727639001,1.3047592639923096,1.91774142375574,0.02204,0.8836959441310771,0.15615248948582283,0.5147372503393446
27145,0.6279504203165628,1.2746152877807615,0.455057286992888,0.01443,0.8601910988816802,0.2059764715197181,0.6370012659778658
27147,0.9813810211814736,1.114505410194397,0.932019505502515,0.01787,0.8656053212659816,0.1712548369264787,0.5885918873835387
27149,1.1747880273776687,1.1889458894729614,2.58619514036331,0.0403,0.8725099601593626,0.19608049731324417,0.6253641816623822
27151,1.3089005235602094,1.142586350440979,3.1380580924463,0.02709,0.9118495565765572,0.23656263545730383,0.5789236319903789
27153,0.7961133338776843,1.290652871131897,1.16025475969305,0.016650001,0.9113660488282844,0.21694368643016623,0.5035234203825428
27155,1.0570824524312896,1.3526546955108645,2.70985201182877,0.025280001,0.8870431893687708,0.16775193798449617,0.579093799682035
27157,1.0331058178947856,1.2085940837860107,1.40827511331805,0.01809,0.9466035195245392,0.14928243129162366,0.6035744350191026
27159,1.263366046579757,1.2840523719787598,2.2321831826250502,0.02176,0.9416288267174454,0.2636049308478653,0.5348258706467662
27161,1.027214514407684,1.1281450986862185,1.13764321748222,0.015659999,0.8922091782283885,0.19516192844627825,0.5656213704994193
27163,0.6251514038556213,1.0888885259628296,-0.291123605964394,0.01381,0.8269463698239418,0.08043388626343995,0.7508909996001368
27165,1.3215457528253738,1.085352659225464,2.89710384576218,0.01859,0.7178271965001822,0.22729789590254712,0.431959040689841
27167,0.9140041328882532,1.2681829929351809,1.07687469779062,0.021029999,0.981719917342235,0.14478607450789005,0.6616507067943457
27169,0.9906357811729916,1.1339561939239502,0.452230844216535,0.024499999,0.9112666338097584,0.20887756185621753,0.6625254841997962
27171,0.5318436751513709,1.154489517211914,-0.0671280159383919,0.01298,0.9235409631205462,0.09022986343628904,0.6554377880184332
27173,1.0699001426533523,1.2714924812316897,3.3316694226265,0.02706,0.8947422050132464,0.20079232693911597,0.558793381168546
28001,0.5996929572059105,1.0436749458312988,0.0303842598457984,0.01256,0.36208661165483275,0.439832723470988,0.44881395453118694
28003,0.25613372876786195,1.057384967803955,-1.3446801508501,0.015860001,0.8286600161768671,0.3240248104755341,0.49122394608995457
28005,0.24170157911698356,0.9963721632957458,0.0452230844216535,0.01315,0.573557847244602,0.3771344934135632,0.4258807888322623
28007,0.28475348484026686,1.0678280591964722,-0.466363058098302,0.0092799999,0.5360416553669252,0.3769387867748524,0.45165228715611266
28009,0.15184645286686102,0.9442833065986632,-0.88750303177495,0.0091800001,0.6045918367346939,0.29266797449730264,0.3920604250834358
28011,0.3846395378045717,1.074324369430542,-0.679759487712979,0.01502,0.32466716905300175,0.4944398614090084,0.5297798040547095
28013,0.2758810952479481,1.0483955144882202,0.077727176349717,0.0072300001,0.6448720601420788,0.3531687416473236,0.4024934117170079
28015,0.17378351539225423,1.0511751174926758,-0.728515625605074,0.0088799996,0.6435948361469712,0.29941092829575466,0.4475198684571115
28017,0.3926016402024079,0.9956587553024292,-0.583660433316966,0.01145,0.49584133077415227,0.3843716369723783,0.3705726872246696
28019,0.12081672103419114,1.0228142738342283,-0.712970190335131,0.01969,0.673794853207684,0.3195582030280467,0.44571230982019366
28021,0.5776213004730993,1.1081693172454834,-0.675519823548449,0.01572,0.1127736824733194,0.5586504982590947,0.5236175115207373
28023,0.3329105897273304,1.0430755615234375,-0.187958444627497,0.01343,0.6324667089410273,0.276526510559561,0.4346030289123451
28025,0.420061099796334,1.0423777103424072,-0.0374503667866818,0.0094799995,0.3880855397148677,0.4087549744172826,0.47380987912251904
28027,0.26875940657923025,1.006751298904419,-0.791403977378936,0.011,0.20786927542463987,0.5201993472700008,0.543031226199543
28029,0.16666081891863443,1.0348442792892456,-0.626057074962266,0.01218,0.4388968808111996,0.34555753240623066,0.4582254399408127
28031,0.2898092528190536,1.0445700883865356,-0.750420557121813,0.01282,0.604384023606281,0.38884428028478135,0.46619017025377446
28033,0.38971923452996227,1.1546465158462524,-1.17156053079846,0.01015,0.6428439726218745,0.16142256205523786,0.6119988018314861
28035,0.5450388173987025,1.202629566192627,-0.112351100360045,0.020749999,0.569073699883016,0.3678608297759549,0.601426679765922
28037,0.129315918789603,1.1283900737762451,0.425379637841178,0.018959999,0.631578947368421,0.3212930244732365,0.492078460958129
28039,0.2090563197725467,1.1932073831558228,-1.16378781316349,0.0092900004,0.8711376844922022,0.3063063063063063,0.4773617622503371
28041,0.07328691828508611,0.988770306110382,-1.29592401295801,0.02076,0.7226823012092342,0.2400777414075287,0.4254797876684361
28043,0.2726669195751138,1.2311476469039917,-0.502400203496807,0.01226,0.5466616084977238,0.31248490702728815,0.529757737011623
28045,0.4312088754498414,1.2179492712020874,-1.36234541820231,0.01482,0.8468516428525799,0.28392072844134975,0.5933563109103874
28047,0.3642996156516807,1.0674248933792114,-1.24858109645409,0.01091,0.6386979100448895,0.3112977145269251,0.5914753080946893
28049,0.8228746592293873,1.2440757751464844,1.13199033192951,0.01918,0.2449653890124248,0.3349029121992365,0.6256888263571345
28051,0.21142245024525003,1.1315091848373413,-0.430325912699797,0.01259,0.15425381969893442,0.5908850338135843,0.35832725947521865
28053,0.08940278936702825,1.0276081562042236,-0.785044481132141,0.00349,0.2062224341399452,0.5494637908181709,0.3609106052193226
28055,0.9184423218221895,1.114837884902954,-0.582953822622877,NA,0.3703159441587068,0.46472248353715895,0.28648648648648645
28057,0.22376608984741284,1.2039097547531128,-1.4902419538323,0.0095300004,0.900179012871878,0.2669707539576066,0.4796385848816493
28059,0.28094622689217286,1.1759037971496582,-1.1270440570709,0.01243,0.6760970950160139,0.25154358224632023,0.5746931125391332
28061,0.13632232656770676,1.0762009620666504,-0.4543506762988,0.01011,0.4470766434413814,0.35736028247899676,0.4572435050638486
28063,0.657439446366782,1.248366117477417,-1.22596955424326,0.0037453461,0.12982698961937716,0.4983635822671824,0.40082304526748974
28065,0.33071699444395447,1.0150208473205566,-0.575887715681994,0.0088200001,0.3770173736661081,0.39965940665053334,0.45839617898441426
28067,0.2633426966292135,1.0500973463058472,-0.243780689460476,0.01287,0.6456577715355806,0.3385527379419778,0.5422129231865025
28069,0.15085990143819772,1.222381353378296,-1.02317228503991,0.01295,0.33943477823594487,0.4811946902654868,0.4380740740740741
28071,0.5411457361448031,1.142609715461731,-0.289710384576218,0.01808,0.7004851651427505,0.30557715127460205,0.7166847237269772
28073,0.4195646210201875,1.1373815536499023,-1.15036220997581,0.00538,0.7410318062256935,0.26867736579966794,0.6523528838659391
28075,0.44245467297683505,1.0886176824569702,-0.161107238252141,0.01685,0.5251641998453047,0.33630940135774534,0.570557881413689
28077,0.15831552283701417,1.0867921113967896,-0.0572354662211552,0.0098799998,0.6487770125860841,0.30983905494331243,0.48140350877192983
28079,0.25228150228150226,1.0227428674697876,-1.0966597972251,0.0078299996,0.47016497016497016,0.39814982768002904,0.4204089951763027
28081,0.3408877186383299,1.086564064025879,-0.553276173471167,0.01188,0.6545161745345119,0.23998712630524963,0.5772958415280214
28083,0.3593183218123332,0.9801615476608276,-1.63439053542632,0.01135,0.22188761891725411,0.5287817458896014,0.4345896758973206
28085,0.2768065268065268,1.0877536535263062,-0.529958020566252,0.01107,0.6717074592074592,0.3142967107795245,0.48716515457711657
28087,0.5240912933220625,1.1787621974945068,-0.594259593728291,0.01436,0.5174133558748943,0.29391249760231575,0.5405377903279147
28089,0.6933685277634323,1.1762982606887815,-0.476962218509627,0.01263,0.5534132858973624,0.1723011087337094,0.7474403718882597
28091,0.2801120448179272,1.020535945892334,-0.202090658509264,0.01553,0.6480192076830732,0.3977005810359748,0.4219615701992219
28093,0.4143374813899267,0.9996824264526368,-0.862771657481858,0.01352,0.47726059720778674,0.31402750255209266,0.4329218443427077
28095,0.287332155972304,1.110201358795166,-0.567408387352934,0.01664,0.6700585877274129,0.3096316554140671,0.44988288506582663
28097,0.422129519268971,1.0760295391082764,-0.267805453059479,0.01146,0.5214541120381406,0.3908567968513472,0.44611528822055135
28099,0.23012409654984317,1.0881820917129517,-0.698837976453364,0.0092399996,0.5827423973816992,0.403207887793362,0.44635170038743
28101,0.36282771535580527,1.0642750263214111,-0.488974600309129,0.01096,0.6024812734082396,0.37923872089653177,0.5430782710280374
28103,0.4439252336448598,1.134425401687622,-0.190784887403851,0.0077399998,0.25850467289719625,0.43089973313000385,0.4127898602909405
28105,0.41404104055582486,1.3219144344329834,-0.505933256967249,0.0167,0.5644288253352723,0.4201545539822218,0.6901130380922886
28107,0.2997952617724481,1.2050650119781494,-0.765259381697668,0.0118,0.4692015209125475,0.3740890449355324,0.43955801104972375
28109,0.3169199007587968,1.1799654960632324,-1.16096137038714,0.01175,0.818142306090295,0.2695236144982035,0.5336598279285241
28111,0.1249375312343828,1.2439894676208496,-1.18922579815067,0.01584,0.7756121939030485,0.3731431465226198,0.4255683207039843
28113,0.4553273297581706,1.1546236276626587,0.123656871465459,0.0135,0.4338257614084792,0.44224491394844745,0.47265011002829294
28115,0.21348598899361124,1.0671759843826294,-0.899515413574452,0.0094400002,0.7644696059206781,0.3090740563173203,0.4739960180643908
28117,0.21777865769154625,1.1391193866729736,-1.40615528123579,0.01146,0.824787170857256,0.41020958705125543,0.4564190386205268
28119,0.06957005704744677,1.3221216201782229,-0.277698002776716,0.01258,0.26033115347154584,0.5352916013118494,0.40268872802481903
28121,0.34550063205328896,1.1787536144256592,-0.508759699743602,0.0121,0.7393124046189014,0.16996232562875468,0.6280024772521557
28123,0.24707045037413525,1.0280721187591553,-1.45844447259833,0.0077599999,0.4933290978398984,0.4145216645216645,0.3650010838933449
28125,0.17029972752043596,1.153639316558838,0.671280159383919,0.010853245,0.2506811989100817,0.5237099023709902,0.49572357167293873
28127,0.1766587325200833,1.1528193950653076,-0.634536403291326,0.01042,0.6158881285331747,0.30926425342803965,0.4961865569272976
28129,0.3279405334499344,1.1327379941940308,-0.635243013985414,0.0125,0.7403335623711662,0.30925110132158595,0.4004366414991358
28131,0.04103742613263296,1.330597758293152,-0.722156129358279,0.01247,0.7649923396804552,0.3290691033695031,0.4636002647253475
28133,0.28660959951085296,1.097622632980347,-0.545503455836195,0.01138,0.23769489452766737,0.4578379367111761,0.4261873464022404
28135,0.05297358383952536,1.1407804489135742,-1.13834982817631,0.0075300001,0.3491312332250318,0.4644990612732548,0.4070310912416176
28137,0.1936346993381214,1.0762940645217896,-0.830974176247883,0.0137,0.6460005633009436,0.2900552486187845,0.4754538618541197
28139,0.5790716686347533,1.1417871713638306,-0.634536403291326,0.01061,0.7699609410482333,0.37630533222437856,0.43674951130969
28141,0.10287536649349312,1.0839146375656128,-1.33408099043878,0.01637,0.9318965073813076,0.3479076554275887,0.414816443174324
28143,0.3253904685622747,1.0109308958053589,-1.57574184781699,0.01289,0.18992791349619545,0.3658057851239669,0.5011986814504046
28145,0.33325148209211775,1.2148394584655762,-0.429619302005708,0.013,0.7819833725049987,0.2623503924423767,0.44428698892562857
28147,0.08634385577122332,1.1302094459533691,-1.54111792380666,0.00605,0.5265593700352283,0.41456935123042504,0.378709810387469
28149,0.5750338571336443,1.23550546169281,-0.869131153728653,0.01664,0.4707108923235667,0.33309415090237005,0.5660725652450669
28151,0.4559567492455001,1.1161943674087524,-0.406301149100793,0.0106,0.25136244219119785,0.4899997799731567,0.46525730367193785
28153,0.20860943405487656,1.1743842363357544,-0.727102404216898,0.0065700002,0.5740440779463015,0.3213525422050597,0.40850235760796344
28155,0.3071253071253071,1.0848840475082395,-0.259326124730419,0.0081099998,0.782043407043407,0.32276177602162837,0.4825765575501584
28157,0.08450704225352113,1.2549457550048828,-1.20053156925608,0.0089800004,0.27819718309859154,0.5123216601815823,0.3423756019261637
28159,0.34286027757968074,0.9995722770690918,-0.209863376144236,0.0088299997,0.4993691370892534,0.3505148837994485,0.4593620189670037
28161,0.2830112395892294,1.1587028503417969,-0.192904719486116,0.01362,0.5801730411579202,0.3195164075993091,0.4307190304160354
28163,0.28881498337125855,1.1261625289916992,-1.27967196699398,0.0091800001,0.34668300367582705,0.45768822905620365,0.4026757208736634
29001,1.0840001576727505,1.2718174457550049,0.267805453059479,0.028449999,0.8982616579289684,0.3408032340275947,0.5566637115839244
29003,0.4284979717762669,1.2536687850952148,-0.73487512185187,0.02015,0.9447523281723134,0.17112888270746407,0.5434871710795967
29005,1.0040160642570282,1.317063331604004,3.00874833542813,0.029890001,0.965576592082616,0.2091121495327103,0.5251024590163934
29007,0.5946810170020278,1.165147066116333,-0.472015943651009,0.0184,0.8665964748089222,0.27794561933534745,0.4040967283072546
29009,0.4432873627920067,1.110936999320984,-0.0254379849871801,0.01812,0.8563467492260062,0.3146327522149186,0.42292839903459367
29011,0.8052894803763668,1.216414451599121,-0.220462536555561,0.024970001,0.9243875561583452,0.3227826385314805,0.4602722772277228
29013,0.5983063328424153,1.1734000444412231,-0.130016367712254,0.02166,0.9413966617574864,0.2489952273298166,0.43204832119381775
29015,0.497199979065264,1.257130146026611,0.390049103136761,0.028379999,0.948081854817606,0.29072974119643613,0.4415883108976528
29017,0.16359918200409,1.1359848976135254,-1.09242013306057,0.01184,0.959918200408998,0.29909390444810546,0.3247304427621014
29019,1.0624764285030763,1.2592695951461792,-0.305255819846161,0.02131,0.788821903620019,0.260997258843493,0.7320232121331053
29021,0.7432737960660185,1.1809386014938354,-0.195024551568381,0.0123,0.8327379606601854,0.2681827348541467,0.505489410323072
29023,0.6036665416354089,1.1416879892349243,-0.948271551466547,0.01363,0.8855729557389347,0.36009113802614223,0.4567066297776411
29025,0.3872109746653391,1.1967566013336182,-0.0996321078664554,0.01619,0.9447947781834274,0.30994487827285255,0.4605923288558019
29027,0.9634877141393214,1.2054181098937988,-0.703784251311983,0.01477,0.9019358862973113,0.18281997791140017,0.501173632392254
29029,0.6158448071086087,1.2689040899276731,-0.00141322138817667,0.02307,0.9425284828223288,0.2243072174632641,0.5252645656471683
29031,0.8058248716413347,1.2366604804992676,-0.126483314241812,0.019099999,0.859461594322916,0.2460614755187163,0.598390230363586
29033,1.7367042478077668,1.2154799699783323,0.599205868586909,0.015830001,0.9471586379683408,0.25020224199699526,0.4156920077972709
29035,0.284691719537986,1.1590495109558103,-0.946151719384282,0.01481,0.9619326500732064,0.2596666666666667,0.4162724692526017
29037,0.5333166018320994,1.231741189956665,-0.87054437511683,0.01224,0.879716594109868,0.1601228854601845,0.5855215559433119
29039,0.6052837712739443,1.1760207414627075,0.092566000925572,0.019440001,0.945524460585345,0.3397343343921455,0.4652285567539805
29041,0.6013630896699185,1.2953583002090454,0.936965780361133,0.017929999,0.9496191367098756,0.24551228942281136,0.4128039513677812
29043,0.411520231618763,1.2177292108535769,-0.861358436093681,0.0146,0.93336290830979,0.1979757180650038,0.6258315726982242
29045,0.6269361262723115,1.2585678100585938,-0.0529958020566252,0.01455,0.9691694940256677,0.2698580489278164,0.4275876460767946
29047,0.6247010506523281,1.218640923500061,-0.733461900463693,0.01036,0.8112124560853717,0.1484283297479062,0.6498655092309573
29049,0.6219512195121951,1.2770007848739624,-0.308082262622514,0.01323,0.937219512195122,0.15744423745027947,0.5192239609148198
29051,1.713958004770408,1.264852523803711,2.09510070797192,0.03005,0.8159873831836607,0.17989395842053857,0.6261627244770113
29053,0.594563986409966,1.2000365257263184,-0.201384047815176,0.02482,0.8778029445073613,0.2135055857205267,0.5115498034076016
29055,0.3519085865695123,1.0830157995224,-0.850759275682356,0.01953,0.9516436201043306,0.3218230879500801,0.3881504440603207
29057,0.5608339931380312,1.1936509609222412,0.077727176349717,0.025669999,0.9370546318289786,0.35756918068366794,0.4242535262868657
29059,0.22567250406210507,1.0975356101989746,-0.922126955785278,0.01533,0.9455978816874284,0.2830096494442409,0.3890142311697328
29061,0.5726341169379144,1.3008650541305542,-0.516532417378574,0.021579999,0.9592525617842074,0.2872695781269331,0.43947892165731856
29063,0.11975091809037204,1.2393628358840942,-1.04861027002709,0.02682,0.838096758741817,0.2122795558458523,0.4021542071024848
29065,0.4985525892569958,1.1308144330978394,-0.219049315167384,0.01761,0.9431328401415248,0.32790849673202616,0.4186257601887992
29067,0.22546219750488505,1.1953363418579102,-0.404181317018528,0.19542867,0.9800090184879002,0.3798230898276651,0.381066444490731
29069,0.2997302427814967,1.0136899948120115,-0.37803672133726,0.01318,0.8037432976987378,0.4052388289676425,0.3806325497468799
29071,0.5039199154965065,1.0761919021606443,-0.290416995270306,0.01539,0.95023790834472,0.1781250307315586,0.5573316163708638
29073,0.8836924750186935,1.1988204717636108,0.690358648124304,0.024040001,0.9590782407722112,0.1832050481936065,0.4929207688701359
29075,1.1336154776299878,1.1061480045318604,1.09807301861327,0.016650001,0.9594921402660218,0.2546775939384568,0.4671272565188322
29077,0.7497687709659161,1.0704452991485596,-0.491094432391393,0.019540001,0.8753054293957675,0.2777719821430499,0.6376125709758352
29079,0.7506004803843075,1.1506612300872805,0.737701564628223,0.03042,0.940652522017614,0.26754023937267846,0.4745712596096984
29081,0.6477446708279354,1.2558162212371826,0.488974600309129,0.01363,0.9513602638087386,0.3239725201880198,0.42278783737615305
29083,1.0006901311249137,1.2136744260787964,0.346239240103285,0.02194,0.9352196917414308,0.2958452386528643,0.4715002573340196
29085,0.5316886431305827,1.0689890384674072,-0.103871772030985,0.024350001,0.9477881752445768,0.29484425349087007,0.39722297849169613
29087,1.128158844765343,1.412488579750061,1.52981215270125,0.035750002,0.9582581227436824,0.23990719257540605,0.47759829320329167
29089,0.8948101014118115,1.3282341957092283,0.0996321078664554,0.03088,0.9055478226287532,0.2550149381135297,0.5083943833943834
29091,0.44259924197087575,1.2515316009521484,-0.426792859229355,0.018619999,0.942773788150808,0.35825513568348977,0.4816954979336576
29093,0.4181424635970091,1.2237107753753662,0.265685620977214,0.021229999,0.9436245572609208,0.323646375038238,0.4008696833808941
29095,0.963063187286704,1.080641746520996,0.0395701988689468,0.015900001,0.6219334229606903,0.2337750326711494,0.6232469206228475
29097,0.4565543695797198,1.0089377164840698,-0.455057286992888,0.01549,0.8416861240827218,0.275582038731645,0.5317122053936119
29099,0.3728494179530344,1.07511568069458,-1.18498613398614,0.0097899996,0.9440815178320258,0.16289543654023553,0.5751543469538318
29101,0.7032152304310569,1.2743232250213623,-0.797763473625731,0.02146,0.8575872732014456,0.23438360354848575,0.6175341770545881
29103,1.5834811249049912,1.293059468269348,2.22087741151964,0.01258,0.9619964530022802,0.3162106350025813,0.4367988032909499
29105,0.4292026680926515,1.13042950630188,-0.186545223239321,0.01657,0.93110241760716,0.29044673147646605,0.44352639841361646
29107,0.5828757247599472,1.3312432765960691,0.351892125655991,0.018409999,0.9197472160014726,0.21507864536101817,0.4703989420321799
29109,0.39917286148047326,1.0847647190093994,-0.238834414601858,0.017859999,0.8910061773636269,0.31360551488270183,0.4594276292545047
29111,1.0045203415369162,1.217259645462036,0.00282644277635334,0.020570001,0.9261677548970366,0.28885742293867767,0.4258689633958782
29113,0.5710289144253413,1.1385514736175537,-1.09807301861327,0.01007,0.9303433256015724,0.19848550255414055,0.4721464848970863
29115,0.7636423677041195,1.252207636833191,0.89598236010401,0.020230001,0.9481548749277636,0.25004175714047105,0.4365568030906676
29117,0.9586143064921328,1.2631795406341553,0.498160539332277,0.02538,0.9236414121380404,0.26289553532726484,0.4690562867544105
29119,0.3072601176367308,1.0677542686462402,-1.26341992102994,0.016030001,0.7727153015538583,0.3601299047958003,0.36216180283188193
29121,0.7401802750180932,1.2501415014266968,0.0529958020566252,0.01795,0.9359826304362128,0.22884370176498223,0.4311725452812202
29123,0.6158141062484604,1.1776353120803833,0.150508077840816,0.0163,0.946383118482634,0.2672225029476166,0.4789424426766495
29125,0.1419970464614336,1.2979776859283447,-0.0423966416453002,0.018549999,0.9545609451323412,0.25951398441082074,0.46467178442738527
29127,0.926314317673378,1.1512041091918943,0.334933468997871,0.01956,0.9004124720357942,0.2800722101462624,0.5104535053047639
29129,0.686059275521405,1.278836369514465,1.06274248390886,0.01874,0.9574643249176727,0.1965978806469604,0.4112303881090008
29131,0.27776675528748856,1.1758394241333008,-0.693891701594746,0.024259999,0.948295702551486,0.26918879592579115,0.4670877274307568
29133,0.349933696773243,1.1066173315048218,-0.640189288844032,0.02008,0.7146751141888905,0.4289221911777157,0.3387096774193548
29135,0.623208276205908,1.2726131677627563,0.387222660360408,0.01338,0.9161784868503052,0.1859687436019928,0.45242485709017144
29137,1.2168269787924442,1.2065496444702148,0.464949836710125,0.0196,0.9290763703789549,0.24323370204754055,0.4090029041626331
29139,0.7399669191259685,1.16992449760437,0.241660857378211,0.01623,0.9405414816749368,0.29983763305069455,0.4050849529397384
29141,0.5056484633219871,1.1702404022216797,0.11023126827778,0.021050001,0.9412954466972522,0.35757453666398065,0.39995808299566865
29143,0.2989749430523918,1.1654052734375,-0.794937030849378,0.017759999,0.798633257403189,0.35565268065268063,0.32067057560492196
29145,0.6789274664833276,1.105410933494568,-1.02034584226356,0.02692,0.8611206600206256,0.2446136343747265,0.5260253769674778
29147,0.8609508475334318,1.2268885374069214,-0.0826734512083353,0.028069999000000002,0.9258911400330962,0.311082407646603,0.5461032713277743
29149,0.2582887198271814,1.2346861362457275,-1.10655234694233,0.01808,0.9403587865126328,0.4072411157814291,0.4010382004525489
29151,0.23870730811604848,1.3177146911621094,-0.250140185707271,0.02265,0.985016525890562,0.15058292591199696,0.46204442527496226
29153,0.2715325295970457,1.21975576877594,-0.400648263548087,0.0242,0.9528619528619529,0.4356010568031704,0.3889131383675251
29155,0.2700594130708756,1.0571913719177246,-0.637362846067679,0.0093,0.6852307507651684,0.4337938623303582,0.3446879027803351
29157,0.7295086238340889,1.1585675477981567,-0.164640291722582,0.01684,0.9515397842738784,0.2088355546115861,0.44378608325736857
29159,0.6315665210718924,1.2116354703903198,-0.440925073111122,0.01536,0.8492267736985007,0.27817266221718917,0.516729943583011
29161,0.9746807080439166,1.1801568269729614,-0.0395701988689468,0.02736,0.8872507282097244,0.3039062311969001,0.5781852238752206
29163,1.0295312923327011,1.161905288696289,0.705197472700159,0.01921,0.8805743700894066,0.26759426051307533,0.3658365211960341
29165,0.7647841719473193,1.2131789922714231,0.351892125655991,0.01038,0.8100653542837846,0.12145118335762016,0.7373442225371456
29167,0.41734912435429006,1.2845451831817627,-0.641602510232209,0.01969,0.9373503842761748,0.2995358090185677,0.49395577395577395
29169,0.2861230329041488,1.252183437347412,-0.814722130283851,0.01915,0.6937529804482594,0.2460341423760306,0.653255910410618
29171,0.5229031583350764,1.2994440793991089,-0.666333884525301,0.01757,0.959631876176532,0.275736864587783,0.4765906362545018
29173,0.3664256400234512,1.2906992435455322,-0.845813000823738,0.021989999,0.954563220637092,0.2245666171371966,0.4074989699217141
29175,0.6330894766460327,1.1549807786941528,-0.0897395581492187,0.018139999,0.8848380094862931,0.27522935779816515,0.5062274473285997
29177,0.5901639344262295,1.288232445716858,-0.703784251311983,0.0146,0.9366120218579236,0.18241836146927204,0.4304268331126663
29179,0.5961844197138315,1.260173201560974,0.269218674447656,0.01695,0.9373608903020668,0.29860997547015533,0.3943326844040666
29181,0.294833050784993,1.2073355913162231,-0.838746893882855,0.01345,0.9504680474681212,0.42516398330351823,0.3766670166964192
29183,0.5402115194400061,1.1567503213882446,-0.954631047713342,0.01056,0.8713890791042126,0.08933370305199295,0.701879775054332
29185,0.880469583778015,1.123942494392395,-0.118003985912752,0.02345,0.9449306296691568,0.3083915308724088,0.4339026840821013
29186,0.7283729269385926,1.2905529737472534,-0.0869131153728653,0.01371,0.9565777678171224,0.22103041022422543,0.5007502171681276
29187,0.35262518193958853,1.2174549102783203,-0.816135351672028,0.01595,0.9176957820026108,0.269068756607985,0.4755709987711344
29189,0.947669770563105,1.0718698501586914,-0.211983208226501,0.01251,0.6603886574536146,0.1601413644744929,0.7229726891212801
29195,0.750783426183844,1.1709167957305908,-0.387929271054496,0.0184,0.8026636490250696,0.2853646146030573,0.4616558312325859
29197,0.2195389681668496,1.2390230894088743,0.842986558047385,0.02063,0.9690450054884742,0.2759848653460939,0.4133333333333334
29199,1.8869849041207671,1.1936568021774292,0.820375015836558,0.01945,0.99265605875153,0.30431160174963545,0.3842412451361868
29201,0.5112209768850464,1.0615991353988647,-0.400648263548087,0.01506,0.832423058007403,0.30330314472051334,0.4334537160235696
29203,0.517220396738469,1.0829105377197266,-0.944031887302017,0.01294,0.9386637458926615,0.39524517087667166,0.3507513661202186
29205,1.2472975220355895,1.2226858139038086,1.5630228553234,0.01784,0.9521037751538334,0.29142657586869214,0.47349310094408137
29207,0.4084828267011608,1.2009713649749756,-0.144148581594021,0.01682999899999999,0.9538754808183272,0.30799889096832334,0.39348651543179824
29209,0.20559860825557488,1.1530091762542725,-0.452230844216535,0.031780001,0.948030997944014,0.2631426920854997,0.5422958870472683
29211,0.44021130142468384,1.1456297636032104,-0.116590764524575,0.01197,0.7678885865215304,0.28835978835978837,0.34112792297111416
29213,0.5715426207497187,1.1672881841659546,-0.198557605038822,0.02208,0.88786878107196,0.275651358950328,0.5531068983675618
29215,0.37103577566005314,1.2654473781585691,-0.210569986838324,0.02665,0.9100921730979534,0.390369234594505,0.4497873732417403
29217,0.8133042000485555,1.1250444650650024,-0.524305135013545,0.017340001,0.9391599902889052,0.3228903486609399,0.478790976126159
29219,0.4353757292543465,1.2592583894729614,-0.763139549615403,0.01474,0.916669085420718,0.23355783308931188,0.5107310671802904
29221,0.5128720836685439,1.264167547225952,-1.20901089758514,0.01437,0.942357200321802,0.32550648469949983,0.39581049108430955
29223,0.4168245547555892,1.3748748302459717,-0.272045117224009,0.01905,0.9483895414929898,0.3793103448275862,0.3728226652675761
29225,0.20695899624886815,1.0149469375610352,-0.685412373265686,0.01578,0.9405510283275126,0.30720474967907574,0.4875835721107928
29227,0.986679822397632,1.372361421585083,1.54182453450075,0.041170001,0.9639861864824864,0.2397364419665484,0.46237288135593224
29229,0.54935999560512,1.1820515394210815,-0.275578170694451,0.019090001,0.950008240399934,0.4101905134365048,0.3498126730737905
29510,1.452912964753678,0.964237630367279,0.100338718560544,0.02554,0.4364125461589881,0.33112993803576374,0.6384764128570908
30001,1.5666489644184811,1.3144469261169434,1.92127447722619,0.034639999,0.9030270844397238,0.2399642178239965,0.6631792629606497
30003,0.6536191827892732,1.1502968072891235,-1.04437060586256,0.019060001,0.2677224172704863,0.4098137210358927,0.5430864359952638
30005,0.8185741925881828,1.2355831861495972,1.26765958519447,0.020230001,0.44560202411073074,0.41057095259730425,0.6254237288135592
30007,0.9251471825063078,1.2228705883026123,0.51299936390813194,0.029170001,0.943986543313709,0.18534848227912493,0.6098414179104478
30009,0.283098990280268,1.3657506704330444,1.36870491444911,0.045759998,0.9426252713031992,0.15052942859868357,0.6312938569494029
30011,0.5634861006761833,1.4542357921600342,2.37986481768952,0.055498078,0.9684447783621336,0.2234123947972456,0.5979274611398964
30013,0.7013782542113323,1.2404626607894895,0.154041131311257,0.01701,0.8522021439509954,0.23241050961029797,0.5899376750067745
30015,0.34891835310537334,1.254534363746643,2.15728244905169,0.043359999,0.7691905094207956,0.2946554149085795,0.5874268261644184
30017,1.1296785744735272,1.2438688278198242,0.893155917327657,0.02399,0.917981072555205,0.20428684837258537,0.6325886352598348
30019,0,1.4002643823623655,2.32474918355062,0.01017,0.930057803468208,0.1559202813599062,0.583008573655495
30021,1.1090163025396471,1.306584715843201,2.08874121172512,0.024089999,0.9225906620827328,0.176789077212806,0.5888308811896852
30023,1.0707226004831978,1.298845648765564,0.929193062726162,0.02609,0.9011640676477048,0.33243433395872424,0.5299046518347298
30025,0.2567613830879836,1.484479308128357,3.42635525563434,0.033130001,0.9435124957206436,0.12176991150442472,0.5712136409227684
30027,1.5150164869441227,1.3912464380264282,1.58280795475787,0.030579999,0.940647001158542,0.2399417440378664,0.6416798925650103
30029,0.7032102423447683,1.1222660541534424,0.512292753214044,0.0221,0.9275868627313588,0.21005474858077944,0.6526108959316954
30031,1.0040439373328522,1.1250591278076172,0.333520247609695,0.022089999,0.9161415100450664,0.1792628408066156,0.7896949054279295
30033,0.2413127413127413,1.472862720489502,0.756780053368608,0.043380883,0.9922779922779924,0.2152509652509652,0.5320600272851296
30035,0.3641130206816195,1.218931794166565,-0.528544799178075,0.01537,0.2994465482085639,0.4563643150429265,0.5034389584868583
30037,1.03021978021978,1.3934035301208496,0.142028749511756,NA,0.8956043956043956,0.2678571428571429,0.5128205128205128
30039,1.0570824524312896,1.1423879861831665,1.29804384504027,0.041370001000000003,0.9426155240108728,0.16558741905642926,0.6071719641401793
30041,0.7757361888537357,1.1470433473587036,0.749713946427725,0.01439,0.691774154295449,0.29695829413609287,0.6045236463331048
30043,0.944029537635311,1.3598662614822388,0.711556968946954,0.02468,0.9265754804061423,0.15689112113731163,0.6775089709457113
30045,0.7676560900716479,1.3505895137786863,1.97709672205916,0.024329867,0.9268167860798362,0.20829068577277376,0.621712744436952
30047,0.9412587878585946,1.16294264793396,0.255086460565889,0.02138,0.6504181521340753,0.298509485094851,0.6329163029774028
30049,1.2609689550918073,1.3006398677825928,2.06118339465568,0.031029999,0.9136936804070496,0.1773747449557923,0.7207025928021967
30051,0.21267545725223308,1.2418184280395508,2.65402976699579,0.016425673,0.9829859634198214,0.30686695278969955,0.4870466321243523
30053,0.6654041050314787,1.234684944152832,1.03801110961577,0.02857,0.9262425142038184,0.29714226654953235,0.5229950083194675
30055,0.8379888268156425,1.4574257135391235,3.19741339074972,0.02616,0.8877094972067039,0.1593123209169054,0.5370219690805533
30057,0.6323777403035413,1.2784440517425537,2.22865012915461,0.02603,0.9245964827752348,0.1579139758742537,0.6463433176220161
30059,1.0593220338983051,1.2880120277404783,1.69798549789427,0.059700001,0.9263771186440678,0.22907725321888417,0.5494011976047904
30061,0.29404845918607386,1.2837010622024536,0.303842598457984,0.02798,0.9141378499176664,0.3152095808383234,0.5189121600500156
30063,1.020808292628869,1.1936806440353394,1.35527931126143,0.0272,0.8924123468787561,0.2240619260036736,0.7398419292734826
30065,0.9441879983214436,1.302627682685852,1.94529924082519,0.02925,0.9112463281577844,0.28122344944774846,0.4874329285512567
30067,1.2689579256360075,1.2486200332641602,1.97073722581237,0.032170001,0.9334026418786692,0.20023462583353913,0.6457517384701463
30069,2.759381898454746,1.2150731086730957,-1.04154416308621,NA,0.9448123620309052,0.20956719817767655,0.5942857142857142
30071,0.4905567819475104,1.143276929855347,2.26468727455312,0.02365,0.8381162619573216,0.23228052723203185,0.5142262317834837
30073,1.3763763763763763,1.185041904449463,2.6596826525485,0.0286,0.8118118118118118,0.26663254861821906,0.5952732644017725
30075,1.400124455507156,1.1766437292099,3.13593826036403,0.037447151,0.9303049159925326,0.2112316528398213,0.64332784184514
30077,1.2401517362124308,1.3058911561965942,1.26271331033586,0.025140001,0.8937846512985118,0.21387504791107703,0.5151915455746368
30079,0.3993610223642173,1.391451358795166,4.46295314386193,0.055895466,0.977635782747604,0.2740619902120718,0.5726681127982647
30081,0.9820756492284533,1.1682233810424805,0.449404401440182,0.02864,0.9294787354158826,0.22411091591092536,0.6117643330269704
30083,1.0492008215019195,1.2780869007110596,1.38001068555452,0.024669999,0.8882043039557104,0.11305518169582772,0.5712555510698425
30085,0.4026845637583893,1.2934861183166504,-0.565995165964757,0.01242,0.3435346756152125,0.42813681202175713,0.5595219618190285
30087,0.3277972027972028,1.3630379438400269,1.35033303640281,0.018829999,0.5482954545454546,0.2798093971631206,0.5931585344677895
30089,0.42804554404588646,1.272181749343872,0.818961794448381,0.0361,0.9011214793254002,0.33075854886304457,0.4694814648896852
30091,0.8613264427217916,1.3770723342895508,4.83463036895239,0.029300001,0.9107091587711744,0.18422584400465655,0.5977830562153602
30093,0.913143514524015,1.134387493133545,0.216222872391031,0.022050001,0.9044003451251078,0.27032376225924615,0.6048951048951049
30095,0.5017959011197972,1.1666401624679563,1.52769232061898,0.035689998,0.9278470314810904,0.13893016344725106,0.5843810087265197
30097,0.5449591280653951,1.234527587890625,2.15162956349898,0.039469998,0.9411444141689372,0.15625859697386524,0.5798165137614679
30099,0.7804797896812357,1.2113728523254397,3.81569774807701,0.042750001,0.9360828130134736,0.22207357859531773,0.6019184652278178
30101,0.4599345870809485,1.353213906288147,1.50154772493771,0.038630001,0.8708094848732625,0.2230386347475705,0.4874511991076408
30103,1.122754491017964,1.2692888975143433,1.74532841439819,NA,0.94311377245509,0.26347305389221554,0.5826923076923077
30105,0.7361798955963057,1.2590205669403076,2.8532939827287,0.025189999,0.8450006692544505,0.2493548825207117,0.594050258684405
30107,0.35014005602240894,1.3635135889053345,2.50140185707271,0.021895351,0.9337068160597572,0.2875414495499763,0.4766619519094767
30109,0.6684491978609626,1.326974391937256,1.20830428689105,NA,0.9322638146167558,0.2074954296160878,0.5148005148005148
30111,0.6933613403099215,1.261147141456604,0.11023126827778,0.01483,0.8636043469510968,0.18543699331073504,0.6388878662936239
31001,1.0289042960711683,1.1904311180114746,0.534197684730782,0.02194,0.8588659891727609,0.2227042178323545,0.6191263741609107
31003,1.8135940703359092,1.3245822191238403,2.44628622293382,0.035810001,0.951111812017032,0.2028429963264654,0.5915396861496475
31005,0,1.3367769718170166,0.529958020566252,NA,0.9578454332552692,0.3114754098360656,0.6783216783216783
31009,2.0964360587002098,1.5423779487609863,0.662094220360771,NA,1,0.1719077568134172,0.6398891966759003
31011,1.610153438151165,1.343314528465271,1.27119263866492,0.024809999,0.963629475279409,0.18797137884355053,0.5735735735735735
31013,1.0711030082041932,1.1933279037475586,0.975122757841904,0.01991,0.8140382862351869,0.19561175158051325,0.576679682240474
31015,1.9359834796076407,1.4098498821258545,2.23783606817776,0.021330001,0.9499225606608156,0.1801896733403583,0.5209910529938059
31017,1.4096185737976783,1.3020215034484863,2.12548496781771,0.02306,0.9555555555555556,0.2939588255146811,0.5428954423592492
31019,0.8484220366193176,1.2456045150756836,0.279111224164893,0.01771,0.8702066695116747,0.23465572859920103,0.6749321326888698
31021,1.3440860215053765,1.3003772497177124,2.27599304565853,0.02359,0.9293394777265744,0.2192229677016695,0.555699481865285
31023,1.6191306513887158,1.3094143867492676,0.9510979942429,0.020190001,0.944202266782912,0.14251022494887522,0.5546536796536796
31025,0.6759888751545118,1.3238131999969482,0.0635949624679502,0.018449999,0.9357617428924598,0.13161331170115942,0.6450377379745409
31027,1.0002353494939986,1.3342690467834473,0.934845948278869,0.02311,0.964344551659214,0.1333333333333333,0.571328793434608
31029,0.7269362939466032,1.2849992513656616,1.77288623146764,0.024809999,0.8704731694422416,0.1869612068965517,0.6231775700934579
31031,1.7736632635404048,1.3346827030181885,2.09439409727783,0.02165,0.8790448174424641,0.2002459160372387,0.6341403162055337
31033,1.0412328196584757,1.3298780918121338,0.349772293573726,0.02091,0.8950437317784257,0.17337134410305144,0.6595680863827235
31035,0.44333387070772207,1.3684102296829224,1.45915108329241,0.0196,0.8923101724971788,0.21904761904761905,0.5708185053380783
31037,0.8866903117416465,0.9198682904243468,0.248726964319094,0.01272,0.48935971625910024,0.2617759858393156,0.40344569288389515
31039,1.2008489722966935,1.2668107748031616,1.15884153830487,0.02145,0.8811438784629133,0.17477498006152448,0.5329706561160567
31041,1.316275632736006,1.3292617797851562,1.52981215270125,0.02767,0.9456863107334196,0.22102984091123035,0.6339712918660286
31043,0.7187825311059337,0.8655983209609985,-0.937672391055222,0.0092099998,0.47984930352451294,0.24036817221607487,0.41221803002328006
31045,1.1066969353007945,1.2673949003219604,0.791403977378936,0.03159,0.8510783200908059,0.20035985091890507,0.7037463976945245
31047,0.610963637129735,0.948513686656952,0.197850994344734,0.01473,0.5879155606118064,0.2306409543763629,0.46363338788870706
31049,0.5461496450027308,1.2859927415847778,3.68780121244703,0.050159998,0.878208629164391,0.17770419426048567,0.5558019216555803
31051,0.56828116803637,1.269554853439331,1.60895255043914,0.01368,0.8424549746459171,0.16193181818181823,0.525989138867339
31053,0.8523114687031229,1.1646513938903809,0.232474918355062,0.016559999,0.8367380335469794,0.22576107140847448,0.5372277630775494
31055,0.9721431922328436,1.127782106399536,-0.336346690386048,0.01392,0.6940460242910935,0.20061582491152308,0.6918625192748546
31057,1.1761630946157868,1.3361616134643557,3.08859534386012,0.021020001,0.8761108207004704,0.3087606837606838,0.5886415963161933
31059,1.0365963583919235,1.1937458515167236,2.1749477164039,0.020710001,0.9363619974761132,0.16152688980819865,0.5863256271519921
31061,1.5065282892534315,1.2255291938781738,1.57856829059334,0.02385,0.9568128557080684,0.22569563723806252,0.5715559518502006
31063,1.0416666666666667,1.2633265256881714,2.08026188339606,0.05528,0.9609848484848484,0.18930693069306925,0.6675839295542102
31065,1.2639561828523278,1.1890705823898315,1.0542631555798,0.02063,0.9336423004002528,0.25992234685073334,0.5571428571428572
31067,1.1924608687598406,1.184019923210144,1.02175906365173,0.01733,0.944660553857553,0.19301984183359375,0.543123849592427
31069,1.7435622317596566,1.3541980981826782,3.58110299763969,0.037315845,0.9425965665236052,0.17460317460317465,0.6224843858431646
31071,1.999000499750125,1.2439391613006592,4.36614747877183,0.051449999,0.9705147426286856,0.17105943152454783,0.6501021102791014
31073,0.7451564828614009,1.352665901184082,1.18851918745658,0.023460001,0.9259811227024342,0.12347560975609762,0.6541878172588832
31075,4.1551246537396125,1.4191796779632568,5.86769520370954,0.01352638,0.9570637119113572,0.2580174927113703,0.6115879828326181
31077,1.2594458438287153,1.192949891090393,1.29875045573436,0.033750001,0.961376994122586,0.1665247018739353,0.5963855421686747
31079,0.6814657634864931,0.9888620376586914,-0.391462324524938,0.01543,0.6667101934220191,0.2252880836608273,0.5334775416719684
31081,1.2479652740097666,1.3485177755355835,1.447845312187,0.029449999,0.946825827455236,0.10244225881312852,0.6510523817059661
31083,1.5373352855051243,1.210132122039795,0.770205656556286,0.031769998,0.95402635431918,0.1871657754010695,0.6585884353741497
31085,1.6797312430011198,1.2827963829040527,0.0579420769152436,NA,0.9171332586786114,0.25307950727883544,0.6396946564885496
31087,1.0657193605683837,1.227192521095276,1.3934362887422,0.02551,0.9914742451154528,0.19862268938021024,0.5859840954274353
31089,1.0071730372408372,1.260592341423035,1.01822601018129,0.02421,0.9326913628770758,0.16876624675064988,0.6046743622630754
31091,2.886002886002886,1.488985896110535,6.74530568576726,NA,0.9191919191919192,0.18816388467374812,0.5831702544031311
31093,0.9350163627863488,1.2156492471694946,-0.0635949624679502,0.023010001,0.9549633785257908,0.16718847839699436,0.5865621500559911
31095,1.15481522956327,1.2595868110656738,1.98557605038822,0.027659999,0.9346304591265396,0.24138912610304583,0.5386407766990291
31097,0.8719240457275722,1.1634055376052856,0.882556756916332,0.01299,0.8039139701608216,0.17757236682072486,0.43534711181770003
31099,1.455046714657681,1.1571038961410522,1.29380418087574,0.024390001,0.9209679889722776,0.19186588016144057,0.6725503507580901
31101,1.2704511650966783,1.1124253273010254,1.11008540041278,0.033829998,0.8968765493306892,0.2026823765354725,0.598326359832636
31103,0.986842105263158,1.4139031171798706,2.89074434951538,NA,0.9855263157894736,0.23815789473684212,0.6291913214990138
31105,1.2386457473162675,1.30291485786438,0.214809651002854,0.022700001,0.8620974401321222,0.24029058396200056,0.5245410266017234
31107,1.0681224780441492,1.2577438354492188,1.17650680565708,0.02406,0.856396866840731,0.18790312766216377,0.5830049683056364
31109,1.19029371754833,1.220572590827942,0.325040919280635,0.01595,0.812168298430824,0.20562247655911103,0.7214213637018885
31111,0.7018688143379747,1.2384272813796997,0.383689606889966,0.016690001,0.877293480418569,0.18210434275721368,0.6504061705095594
31113,4.314994606256742,1.4728020429611206,3.63268557830813,0.051495273,0.9439050701186624,0.22549019607843135,0.6385737439222043
31115,1.2396694214876034,1.299015760421753,-0.541263791671665,NA,0.9785123966942147,0.21157024793388435,0.6861471861471861
31117,1.2658227848101269,1.4266009330749512,0.260739346118596,NA,0.9848101265822784,0.2632911392405063,0.653250773993808
31119,0.9478335233751424,1.1639423370361328,0.449404401440182,0.016319999,0.7973204104903079,0.2300567496839072,0.6000174550532379
31121,0.9617850730956656,1.312834858894348,1.03094500267488,0.02165,0.924852526288792,0.20380327868852455,0.5892824704813806
31123,0.575193474168584,1.2714619636535645,0.841573336659208,0.02258,0.8176113783727254,0.19372294372294377,0.5523186682520809
31125,0.4937923250564334,1.3284022808074951,1.24080837881912,0.01719,0.9644469525959368,0.19482407676650193,0.5546318289786224
31127,1.4699555428079736,1.3457589149475098,1.64569630653173,0.02293,0.938046751756776,0.19143654979832456,0.6193070385704946
31129,2.1206409048067862,1.310267686843872,3.80721841974795,0.022299999,0.9460414703110274,0.25787827760404136,0.57896450667535
31131,1.0502225844880555,1.2646199464797974,0.861358436093681,0.02031,0.8875791585679353,0.185230179028133,0.5745367382686457
31133,2.2650056625141564,1.4078140258789062,1.97921655414143,0.025529999,0.9543223858059644,0.30651340996168586,0.470404984423676
31135,1.3788348845225784,1.2671798467636108,2.53107950622442,0.039799999,0.9517407790417096,0.09821740650122324,0.6224438902743141
31137,0.989010989010989,1.131073832511902,1.94600585151928,0.02476,0.921868131868132,0.16458285974085018,0.6341346919280368
31139,0.8748600223964166,1.3350844383239746,1.16449442385758,0.019540001,0.9616461366181412,0.14624335583967818,0.6216439487814953
31141,0.6782419967444384,1.150287628173828,-0.096805665090102,0.01108,0.783625730994152,0.16928953399541635,0.591502067064768
31143,0.8133971291866029,1.1892666816711426,1.86262578961685,0.034159999,0.9282296650717704,0.15663354763296322,0.6036283672347444
31145,1.0215453194650816,1.0534363985061646,1.18569274468023,0.01675,0.9169762258543832,0.2317285382830626,0.5993206521739131
31147,1.9155884939078005,1.3502615690231323,0.98925497172367,0.02596,0.9218691119206128,0.2293483837865572,0.5602493074792244
31149,1.4144271570014144,1.3225128650665283,2.85753364689323,0.030790176,0.9653465346534652,0.12780269058295968,0.6267190569744598
31151,0.7358093903293623,1.0551575422286987,0.254379849871801,0.01908,0.6900490539593553,0.30958471260908815,0.5019165727170237
31153,0.5545378299638033,1.270094394683838,-0.914354238150307,0.0103,0.8096197139578,0.1042171567696758,0.7376698442824483
31155,0.6378454996456414,1.2971007823944092,0.469189500874655,0.021059999,0.9526104417670684,0.14025762582004497,0.6222252956227093
31157,0.7900426900260575,1.0914547443389893,0.178772505604349,0.020640001,0.720047679769363,0.25127971789329995,0.5925481266818464
31159,1.0482790751849047,1.1764039993286133,1.08606063681377,0.03142,0.9468289557975657,0.15575649516046863,0.6538355281333457
31161,0.4779200917606576,1.3032997846603394,1.97003061511828,0.022019999,0.8111259797361882,0.2725338491295938,0.5772335844994618
31163,1.9782393669634024,1.3404905796051023,2.02514624925717,0.041839998,0.963402571711177,0.2236087689713322,0.5673726904010815
31165,0,1.3578633069992063,0.50522664627316,NA,0.92616899097621,0.206726825266612,0.6379928315412187
31167,0.5455766325331542,1.2240371704101562,-0.0614751303856852,0.01723,0.9180795702534832,0.13849287169042768,0.6204774796948068
31169,1.087601344670753,1.311401605606079,2.66392231671303,0.037390001,0.94898160964999,0.17008196721311475,0.567401618755233
31171,3.10077519379845,1.4317855834960938,6.74742551784952,0.051116455,0.9503875968992248,0.10387596899224805,0.7103594080338266
31173,0.6962818548948614,1.1346508264541626,-0.868424543034565,0.01719,0.35733184793204287,0.38772349711389553,0.5621929144039308
31175,1.6642891107941036,1.30865478515625,1.7566341855036,0.03002,0.9474560152163576,0.17826825127334467,0.5810223855663215
31177,1.0191051520062866,1.2340030670166016,-0.34835907218555,0.022709999,0.9449928785423112,0.1327274543093978,0.6394119351100811
31179,1.5002143163309043,1.362837314605713,0.604858754139616,0.036060002,0.899271324474925,0.22187655550024887,0.6847133757961784
31181,1.6256714729997173,1.274274826049805,0.91294101676213,0.030510001,0.9151823579304496,0.21146015125072715,0.5834690553745928
31183,2.234993614303959,1.279008150100708,0.200677437121087,NA,0.9693486590038314,0.3116219667943806,0.6309719934102141
31185,1.2186249545289196,1.375033259391785,1.16096137038714,0.022679999,0.9052746453255728,0.16434912404745072,0.6568206229860365
32001,0.741992662517004,1.1321539878845217,-0.378743332031348,0.01338,0.7321818706459459,0.2258704368010128,0.6004281127363539
32003,0.5277258886784809,0.9351590275764464,-1.59552694725146,0.01146,0.4277462369454868,0.23124556980593255,0.5759845496582632
32005,0.6077038145100973,1.2564934492111206,-0.303135987763896,0.025280001,0.8077162802293693,0.14277949661342926,0.6882682769031702
32007,0.4111134481901447,1.0756551027297974,-0.953924437019254,0.01194,0.6673614165248485,0.16095058585780075,0.5358116406554234
32009,0,1.1964417695999146,-0.330693804833341,NA,0.7987616099071208,0.3302180685358256,0.476961394769614
32011,0.2689618074233459,1.185870885848999,-0.500280371414542,0.017759999,0.898870360408822,0.16612729234088452,0.4717682020802377
32013,0.415973377703827,0.9166040420532228,-0.270631895835833,0.01489,0.6536724506774424,0.21567801708578993,0.5160158358826704
32015,0.531632110579479,1.0191826820373535,0.103871772030985,0.01832,0.6407939039517987,0.24553252323087915,0.5029708085765953
32017,0.09652509652509653,1.179450750350952,-1.07687469779062,0.02062,0.8694980694980695,0.11164205039096442,0.5192566657689199
32019,0.40915777859507174,1.0956770181655884,-1.1390564388704,0.01279,0.7488414858403825,0.2150817854172442,0.5402287088439203
32021,0.2242152466367713,1.137677788734436,-0.744061060875018,0.024725305,0.6031390134529148,0.3268003646308113,0.5325115562403698
32023,0.4619197836863452,1.14141583442688,-1.03094500267488,0.017419999,0.7629788192879675,0.26986849628359066,0.4716323482030403
32027,0.41572184429327286,1.2136648893356323,-0.949684772854724,0.02506,0.6515495086923658,0.1836864406779661,0.4371511068334937
32029,0.12537612838515547,1.2874634265899658,-0.559635669717962,0.026450001,0.8460381143430291,0.13551637279596973,0.6587143803843606
32031,0.667489539016405,1.049239993095398,-0.847932832906003,0.01183,0.6307535409772922,0.2014709628825556,0.6510579509925107
32033,0.4649240624031408,1.201285719871521,-0.951804604936989,0.01925,0.715879739642525,0.21445250092171564,0.4653072783913905
32510,0.958501451445055,1.1171071529388428,0.187251833933409,0.021090001,0.6698190714403082,0.2228629062951968,0.6102634523446242
33001,0.4393384466306437,1.2904739379882812,0.439511851722945,0.0239,0.9499893244863435,0.1451895043731778,0.6370749656425944
33003,0.3843117703269766,1.284937024116516,1.1510688206699,0.042119998,0.958265819103411,0.16824435188691156,0.6466513319781748
33005,0.7134215302069908,1.2899534702301023,0.387222660360408,0.02416,0.9409536834907024,0.16019159127195315,0.6197477016788555
33007,0.6064711256734192,1.1958346366882324,0.604858754139616,0.02726,0.9204498913077724,0.22581523589080263,0.48864384463462807
33009,0.7351548837675574,1.104461908340454,1.03377144545124,0.02963,0.9064682491061185,0.17350555722439176,0.6636063397752952
33011,0.5223528272422434,1.149066925048828,-0.219755925861472,0.01542,0.844480491967993,0.1279076949684369,0.6632906088581163
33013,0.8788196135194808,1.3251405954360962,1.10655234694233,0.02589,0.9242447487609812,0.11688311688311692,0.6554896058960871
33015,0.5026782304420631,1.341378927230835,-0.10599160411325,0.02031,0.9252837357479298,0.08192175061508,0.6977238961726804
33017,0.4975837179765187,1.2955690622329712,-0.329280583445165,0.01763,0.9063148601344444,0.15555760014051878,0.6517383478590375
33019,0.34219561989606534,1.2541717290878296,0.202090658509264,0.022770001,0.9500742390497402,0.19084023501097191,0.5479516265116715
34001,0.6566956652449221,1.0958088636398315,-0.756780053368608,0.016240001,0.563950320362263,0.21772214134538936,0.5504180294136758
34003,0.7292640720558046,1.1700831651687622,-0.431032523393885,0.01442,0.5656133449413687,0.11258132745536632,0.6983388481624346
34005,0.8206155682496377,1.2619876861572266,-0.457177119075153,0.014880000000000001,0.6742913426459832,0.10901717392256638,0.6566054563697463
34007,0.6309966886241016,1.1101717948913574,-0.905874909821247,0.01354,0.5667011354980286,0.19386981609448284,0.5915022082435352
34009,0.9104484025524784,1.3273800611495972,0.163933681028494,0.02592,0.8526846142277034,0.17768177121122175,0.6051025670410268
34011,0.5365160033178413,0.9659489393234252,-0.953217826325165,0.01266,0.4640962173976011,0.2820820992688615,0.39960822722820766
34013,0.7933075518855827,0.9636111259460448,-0.681172709101156,0.01253,0.30546112415828935,0.25070423261528463,0.5804639521419579
34015,0.6431061425652121,1.2615340948104858,-0.869131153728653,0.01279,0.7850394106434496,0.12048784224159537,0.6088103534096565
34017,0.567125242147554,0.745788037776947,-1.74532841439819,0.0065100002,0.2878608334353164,0.24121914021110036,0.5966540184828035
34019,1.0354662201677576,1.1381194591522217,0.0374503667866818,0.02667,0.8553151262187257,0.07667335761901217,0.7401313196157269
34021,1.3120987600632743,1.0869041681289673,0.195731162262469,0.0209,0.49706731318051106,0.17969300538746558,0.6394879087317298
34023,0.6020558891902363,1.1090017557144165,-1.1447093244231,0.01385,0.43061434521503295,0.13727114364172155,0.6452255891307296
34025,0.799473666431275,1.289238452911377,-0.669866937995743,0.01476,0.7524253650313114,0.11389780533622984,0.7002725295699173
34027,0.8968764377892047,1.1860390901565552,-0.306669041234338,0.01723,0.7138508124585765,0.08397653215719836,0.7444257430896567
34029,0.5176764501228172,1.123179912567139,-1.01610617809903,0.01225,0.8466772297812765,0.17164356449088647,0.5796952183845208
34031,0.4884470362582574,0.8697636127471924,-1.16237459177531,0.0090800002,0.4130057958410522,0.24774770234392163,0.49195787960036547
34033,0.7818701381171614,1.1259546279907229,-0.0438098630334768,0.01636,0.7425305604064137,0.20393200103815212,0.5040838551592703
34035,0.976236819287044,1.0591280460357666,-0.501693592802719,0.01629,0.5629339251390076,0.08172189976525679,0.7422679064741304
34037,0.85169242947916,1.1512411832809448,-0.514412585296309,0.01661,0.8628669168734053,0.08274248541307039,0.6427540387163111
34039,0.6759525154638804,0.9536024332046508,-0.708023915476513,0.0112,0.3950234011331455,0.1722309490757653,0.5773783602935709
34041,0.8194630745687782,1.1497900485992432,-0.606271975527792,0.016690001,0.8167519978840377,0.1244605558432591,0.6087462631286542
35001,0.7328230986430786,1.0389305353164673,-0.956750879795607,0.01402,0.3867830725609198,0.2664810988245876,0.6571808596222125
35003,0.2127056154282473,1.299967885017395,0.499573760720454,0.051636558,0.8091321610890527,0.3629032258064516,0.4698837618879887
35005,0.4605182365221663,0.9118950963020324,-0.860651825399593,0.0097399997,0.3887541446641287,0.35582676417513537,0.5049789723014454
35006,0.15804544271317542,0.877294659614563,-1.50720061049042,0.01305,0.19311293741400468,0.3938169406410609,0.5082717547149002
35007,0.6574621959237343,1.0627248287200928,0.801296527096173,0.034949999,0.4673734385272847,0.3521686538793848,0.5885570506509135
35009,0.4323172203008124,1.0278081893920898,-0.723569350746456,0.01138,0.4762728223276764,0.34865420176700224,0.55190934695749
35011,0.24509803921568624,0.952367901802063,1.90926209542668,0.018691998,0.4441176470588235,0.33647642679900747,0.4803493449781659
35013,0.46281511924431545,0.9291771054267884,-1.3814239069427,0.01206,0.27235744137289475,0.3993574388806509,0.5674338337482245
35015,0.31178549158179175,1.000906467437744,-0.575181104987906,0.01074,0.46788609436707546,0.23740286226660567,0.47813129279097866
35017,0.6234413965087282,1.1903539896011353,-0.11023126827778,0.03167,0.45809389569554376,0.3378824402002596,0.6103284031085484
35019,0.11486331265793706,1.0199260711669922,-1.07051520154383,0.01229,0.19388927176659776,0.25917808219178085,0.3518742442563482
35021,0.5668934240362812,1.3367788791656494,2.73670321820413,NA,0.5895691609977324,0.3242630385487528,0.5887323943661972
35023,0.6981615080288573,0.9840333461761476,-0.982188864782787,0.029379999,0.39003956248545496,0.36265837915371746,0.47155839784584314
35025,0.19209698763464575,0.9028545618057252,-1.13128372123543,0.0092599997,0.35409878053986366,0.2758085266847079,0.4275960170697013
35027,0.6037716458558142,1.1452021598815918,0.960283933266048,0.031500001,0.6490930579106932,0.23422013562858637,0.5960752248569092
35028,1.5973154362416109,1.4639341831207275,1.68738633748295,0.031369999,0.7182281879194631,0.06833872707659117,0.8880090497737556
35029,0.3114229954739858,0.8966602087020874,-0.996321078664554,0.01678,0.29514595357721213,0.43394154417976005,0.3538321523759995
35031,0.16565890830779426,0.9504011273384094,-1.73826230745731,0.01111,0.08640492559154035,0.4960062450339434,0.4287006876583423
35033,0.5511463844797179,1.273918867111206,-0.589313318869672,0.033473715,0.15718694885361553,0.3529411764705882,0.5517339397384878
35035,0.47628407699169906,1.1681231260299685,-0.877610482057713,0.019579999,0.48859186234634167,0.3286402252691871,0.5615089836848023
35037,0.8707662743214029,0.9816339015960692,0.926366619949808,0.02593,0.49615661782368486,0.35981824880265256,0.4624072825354012
35039,0.363901018922853,1.0618393421173096,-0.93837900174931,0.016930001,0.12436476927398554,0.3573945020186695,0.5423062523399476
35041,0.569144430326133,1.0828049182891846,-0.742647839486841,0.022779999,0.5183185091063108,0.383212295220402,0.5194673078701564
35043,0.5343227940352058,1.068773865699768,-1.38849001388358,0.01115,0.43485816795604887,0.20131246203184383,0.6444296946798734
35045,0.33197644548077304,1.1112149953842163,-1.04719704863891,0.01357,0.3819309963245465,0.32054043627127904,0.5443567172596425
35047,0.5678131083711876,1.0999195575714111,-1.27896535629989,0.02276,0.17827529021558872,0.41325029610667485,0.5562573218560587
35049,1.3831860837413676,1.1043463945388794,0.094685833007837,0.028720001,0.42778295030577457,0.23210026306104925,0.6702736363308184
35051,0.7705557066449098,1.0840686559677124,0.48826798961504,0.042509999,0.6469041791315384,0.4069223573433115,0.5533147890588781
35053,0.5190414046743386,1.006230115890503,-1.10301929347189,0.02287,0.34191481789061573,0.4046388581272302,0.4439400817067635
35055,0.7625205880558775,0.8870850205421448,0.0402768095630352,0.038910002,0.35268102238760446,0.3285666063154018,0.6192570066573518
35057,0.2738578516657001,1.075673222541809,-0.833800619024236,0.030069999,0.5469424576325794,0.39569580142593086,0.468747097613077
35059,0.4839099927413501,1.1553208827972412,0.565995165964757,0.02471,0.5129445923058311,0.29026651216685984,0.3509933774834437
35061,0.345272074394623,1.034129619598389,-1.25282076061862,0.0108,0.3259894511160509,0.29979510406556675,0.5144454618067055
36001,1.3918388887441036,1.3019548654556274,0.40771437048897,0.022879999,0.7217104062964218,0.18721685460022183,0.6918377106940337
36003,1.022746744345442,1.2214964628219604,0.50098698210863,0.0243,0.944032727895819,0.27612476642230843,0.5411811705173447
36005,0.2789066441450858,0.7092335820198059,-2.26751371732947,0.0064900001,0.09138242926467596,0.40352099952797216,0.4483102503802931
36007,0.8735014597179949,1.2223961353302002,-0.467776279486478,0.01678,0.8338043770834628,0.25796676495113935,0.5921648550724637
36009,0.6515735013809468,1.2030928134918213,-0.322214476504281,0.018859999,0.9058103499695284,0.28147136410503626,0.49650892164468585
36011,0.6167258637391023,1.1961740255355835,-0.714383411723308,0.01564,0.9009105586051016,0.2221947670428026,0.5452774370445198
36013,0.7529417258124766,1.1863117218017578,0.0197850994344734,0.019160001,0.87437741252646,0.28683090123175925,0.5331277857837059
36015,0.7391483597385005,1.169208526611328,-0.572354662211552,0.01866,0.8622769303256964,0.2348610367122196,0.5498792027380712
36017,0.5740048842597424,1.1745307445526123,0.180892337686614,0.019610001,0.9474002796969254,0.2452922422954303,0.4913813184253435
36019,0.586351960090838,1.2253103256225586,-0.961697154654225,0.017820001,0.8992963776478909,0.22538079447418025,0.49962869717990976
36021,1.0145599708469295,1.2732558250427246,0.0678346266324803,0.0306,0.8634774974739527,0.20153344375949864,0.603238688726028
36023,0.9140290400083568,1.2162879705429075,-0.527131577789899,0.022,0.9261882377520108,0.23988452343362351,0.5861920100953076
36025,0.7834203800422269,1.2624551057815552,0.235301361131416,0.03785,0.9208578730970108,0.2516941402677797,0.5136487022295422
36027,0.6953096808894517,1.2494291067123413,-0.791403977378936,0.018680001,0.7146830341033654,0.1507823715705866,0.6425469206713583
36029,0.8163331901169842,1.20563805103302,-0.549743120000725,0.01396,0.7549499377280812,0.2178697444315918,0.6422030988527526
36031,0.8676152593502229,1.2874624729156494,0.356131789820521,0.038240001,0.9195920873488348,0.1843239825247184,0.5703073220078836
36033,0.6587158507835251,1.253622055053711,-0.827441122777442,0.021369999,0.8162331358836697,0.26945867676542656,0.4970483387993726
36035,0.6803862356932483,1.2021971940994265,-0.848639443600091,0.018130001,0.92694702307721,0.2495852007247068,0.51648921012409
36037,0.8952048159424301,1.1267848014831543,-0.281231056247158,0.01522,0.9052207306947136,0.18749450974191395,0.5628538249383075
36039,0.6800354251012146,1.284476399421692,-0.299602934293455,0.02413,0.8528382253711201,0.21865002836074876,0.4796798551995249
36041,0.8859357696566998,1.4228401184082031,2.3261624049388,0.079159997,0.959468438538206,0.22147800848403665,0.5029436501261565
36043,0.487455081618512,1.2592055797576904,-0.758899885450873,0.01792,0.9451149749423916,0.22942180779459564,0.5291777188328912
36045,0.7111713723613549,1.2011600732803345,-1.00268057491135,0.01626,0.8163715637794439,0.24749465997948683,0.562845960301929
36047,0.5559901373527302,1.0249576568603516,-1.72978297912825,0.0060299998,0.36404419503825136,0.3019989167643775,0.566461283181491
36049,0.8185307842842089,1.2390739917755127,0.0360371453985051,0.02098,0.9585277735962668,0.23901789113056715,0.4549564270152505
36051,0.7273041782642198,1.2193937301635742,-0.42467302714709,0.023840001,0.9075812614992688,0.2065353563474388,0.587000328037865
36053,0.807527561266765,1.2511873245239258,-0.37803672133726,0.019470001,0.9309037286707394,0.18323569038860377,0.5723309775470636
36055,0.9057081474047576,1.0999095439910889,-0.631003349820884,0.01242,0.7057164881259073,0.21861577902791665,0.6701405956198457
36057,0.6287777372114721,1.1545836925506592,-0.716503243805573,0.01554,0.8127053669222344,0.30676473635139334,0.5143425246352232
36059,0.6964568609570596,1.2530102729797363,-1.03942433100394,0.01306,0.5998360497423902,0.09490051295553036,0.6871145996926872
36061,2.0425945454422907,0.8539115786552429,0.447284569357917,0.025760001,0.4691362034028333,0.22895160135117656,0.748537056824867
36063,0.6296840906934826,1.1828196048736572,-0.808362634037056,0.01784,0.854354425576321,0.21964767880518,0.5797473561296658
36065,0.6631616940411117,1.2568413019180298,-0.597086036504644,0.01349,0.820111411164599,0.2430371033248434,0.5659980873766861
36067,0.9106189184050882,1.2001237869262695,-0.485441546838687,0.01637,0.768460827183325,0.21613958216410056,0.6561710533813687
36069,0.9199989042196676,1.2430317401885986,-0.51299936390813194,0.021369999,0.8983937686625088,0.16088931614265245,0.6747654589747576
36071,0.5288290777063025,1.1487798690795898,-1.0175193994872,0.016039999,0.642432613757449,0.1851801848021558,0.6048563484708063
36073,0.6356346567572854,1.1584436893463137,-0.768085824474021,0.01343,0.8636808136123606,0.2498096563312242,0.4942201430556967
36075,0.642222766797083,1.2021191120147705,-1.03518466683941,0.015860001,0.940383136582192,0.2555701063585043,0.507310251832245
36077,0.8295537917694924,1.239819884300232,0.0360371453985051,0.024080001,0.9112919362369104,0.24042370872759755,0.6043466286086282
36079,0.6756961948434511,1.1193385124206543,-0.792817198767113,0.0178,0.787148106532236,0.08660802367642217,0.6589053908508588
36081,0.388215729032416,0.804480254650116,-1.92763397347298,0.0046899999,0.25046166194803854,0.2149367748421528,0.5448019807997588
36083,0.8794798504884254,1.308192014694214,-0.705904083394248,0.015790001,0.8321010145428275,0.17955219502656194,0.6291224772900166
36085,0.4601036443998964,1.200568437576294,-1.86262578961685,0.0087599996,0.6101395472243221,0.17487254964697851,0.5836854058990931
36087,0.8407259680292952,1.0383292436599731,-0.214103040308766,0.018060001,0.6313227832884329,0.21218434895605565,0.6567382644615921
36089,0.7666669727213464,1.3421553373336792,-0.755366831980431,0.0229,0.9197157364134676,0.27898248110454626,0.5184699331537742
36091,0.7144357598620581,1.2629308700561523,-0.918593902314837,0.0163,0.9035457020069846,0.10830681151432175,0.6916385497822221
36093,0.8362445837826669,1.0789145231246948,-0.791403977378936,0.01016,0.7259507035432232,0.18437224472478744,0.6118022029528942
36095,0.7046313496893216,1.2378880977630615,-0.53066463126034,0.027550001,0.931682787777849,0.20987199249380073,0.5392890761576046
36097,0.6696428571428571,1.1954336166381836,-0.436685408946592,0.033709999,0.9495535714285714,0.2636559383499547,0.569279612971502
36099,0.6833381797034022,1.125812292098999,-0.529958020566252,0.02053,0.8901134050596103,0.2163787343705259,0.49575070821529743
36101,0.7052332455248802,1.2420326471328735,-0.604858754139616,0.019440001,0.9356785795772748,0.24707844648305133,0.5375407572775608
36103,0.5059535041702834,1.0662351846694946,-1.25211414992453,0.01064,0.6756762221060066,0.11378413390148512,0.6323277476082658
36105,0.5391660897811386,1.1476266384124756,-0.406301149100793,0.02124,0.7151472389371106,0.2473964073176108,0.5293862788682515
36107,0.6778129236330773,1.219104528427124,-0.345532629409196,0.02214,0.9499856221501048,0.20011191014030216,0.5522250403504727
36109,1.665984684632022,1.0473830699920654,-0.149094856452639,0.040630002,0.7712339977786871,0.24417639138240577,0.7545253789272928
36111,0.8311644698178154,1.128599762916565,-0.685412373265686,0.033349998,0.790501777068816,0.20837282780410735,0.610039173515631
36113,0.96459020474205,1.1382808685302734,0.0713676801029219,0.022539999,0.9376905843549692,0.16020598363504246,0.6130913804277381
36115,0.6856985198649701,1.270901083946228,-0.796350252237555,0.01706,0.9231530771228252,0.20503838029983,0.49170963726884775
36117,0.7180812868016659,1.1207497119903564,-0.569528219435199,0.01574,0.899280813972757,0.19797721850744265,0.5546359170134869
36119,0.809947465656576,1.0266289710998535,-0.665627273831213,0.01653,0.5347872307485886,0.1486045392785582,0.6883778000568616
36121,0.7753380473886614,1.160804271697998,-0.00635949624679502,0.02165,0.8991192159781665,0.19090860673199828,0.49877725347018914
36123,0.8396305625524769,1.1537917852401731,-0.0628883517738619,0.032529999,0.947103274559194,0.20862011079402387,0.5372758351826306
37001,0.5036002057260415,1.0725153684616089,-0.603445532751439,0.0146,0.6405855844823786,0.2740186421796623,0.5865006553079948
37003,0.24185096606024775,1.0696121454238892,-0.152627909923081,0.016559999,0.8678956278719803,0.2360451472313796,0.4373206098333768
37005,0.3179505813953488,1.135771632194519,0.443044905193387,0.0287,0.8688226744186046,0.37839574155653455,0.48533428333927087
37007,0.3212593365994699,1.0050784349441528,-0.842279947353296,0.016319999,0.4459882740342141,0.3263034817252728,0.40526286570809966
37009,0.3629527603022745,1.1691436767578125,-0.42043336298256,0.025939999,0.9251758924915312,0.2487556561085973,0.533405384161918
37011,0.4855478121786816,1.1739943027496338,0.534197684730782,0.030300001,0.8873529075745459,0.29852763354434886,0.5335484839387572
37013,0.7049270691994572,1.1173053979873655,0.163933681028494,0.023460001,0.6582216757123474,0.31217838765008576,0.5517705589698566
37015,0.12899896800825594,0.988289713859558,0.85358571845871,0.01616,0.3455108359133127,0.34306124709270125,0.4026118366212837
37017,0.16463615409944024,0.9848086833953856,-0.453644065604712,0.01873,0.5474900469961386,0.3607752597363145,0.479579491886029
37019,0.5462200811743732,1.1888532638549805,-0.770205656556286,0.0186,0.8190873572810378,0.19011877646483333,0.6335580538752271
37021,0.861276986678916,1.212184190750122,0.0579420769152436,0.02107,0.8354484090219008,0.23002133081943896,0.6783253842077371
37023,0.32233683087319936,1.0782853364944458,-0.597792647198732,0.02004,0.8155677574248622,0.2939855653568565,0.5022079116835327
37025,0.5662705999080415,1.1226091384887695,-0.595672815116467,0.01074,0.6559204317208335,0.18034668529200593,0.6475001461048449
37027,0.32057544819500755,1.1121861934661863,-0.705904083394248,0.01528,0.873052122514777,0.27688245357399643,0.4746314184036604
37029,0.5449720405648754,1.288528323173523,-0.889622863857215,0.018200001,0.8045682873661264,0.18405838309165012,0.5711406690850463
37031,0.6515129578688287,1.2944256067276,-0.133549421182695,0.03008,0.8637758795424931,0.1929477430119753,0.6596441499243483
37033,0.13225180744136836,1.0442836284637451,-0.419020141594383,0.028650001,0.6117086933521425,0.26007275406363684,0.46826204008375705
37035,0.4885383819862575,1.0807092189788818,-0.325747529974723,0.015969999,0.7553691637111152,0.2349825261784332,0.5589473201595525
37037,0.46258655975777285,1.2009183168411257,-0.42467302714709,0.02877,0.7169530965263955,0.189858891533492,0.6773804279119658
37039,0.5273695877578748,1.2406384944915771,-0.583660433316966,0.02328,0.909936000572062,0.29030503064814484,0.5335285096891119
37041,0.5320280910832091,1.070356011390686,0.308082262622514,0.021749999,0.5993473788749379,0.27970458330316417,0.5338871059090051
37043,0.4796272610999452,1.27669095993042,-0.219049315167384,0.031099999,0.9340398319020646,0.2480542074901566,0.5475167144221585
37045,0.4034662116321622,1.0688397884368896,0.0431032523393885,0.0186,0.7290660142677988,0.3201406750301822,0.4982497082847141
37047,0.3210387386744667,1.0053237676620483,-0.883969978304508,0.01497,0.5931547406720411,0.37039553140096615,0.4663485940513653
37049,0.622005834658653,1.1983526945114136,-0.602738922057351,0.01763,0.6587602813905611,0.24904443505764295,0.627548070508354
37051,0.4528917476063582,1.139427900314331,-1.16520103455167,0.01333,0.4345988265372032,0.29821274552238575,0.6502030032830195
37053,0.3698365132951485,1.2232438325881958,-0.710850358252866,0.01228,0.8720555323749194,0.1679841142551648,0.6172386272944932
37055,0.6556788691955165,1.296499490737915,0.00635949624679502,0.03112,0.8726464579537297,0.1723380594940228,0.7141531839097521
37057,0.2569823619400052,1.0966269969940186,-0.850759275682356,0.01421,0.8017728759651955,0.2723567754686177,0.5109510408867547
37059,0.5679532385166954,1.1569774150848389,-0.472015943651009,0.01901,0.8440968360271671,0.1997282608695652,0.5581318426884531
37061,0.30949514135024675,0.8640339374542236,-0.806242801954791,0.01283,0.51561042617057,0.3752184191592147,0.441289966923925
37063,0.9571970960211384,1.0828920602798462,-0.226115422108268,0.01512,0.4247229419460763,0.23549859079318217,0.7064019823326007
37065,0.3276477738945449,1.0013706684112549,-0.332107026221518,0.01236,0.3621220179304057,0.37867257489644546,0.4365332746188143
37067,0.7229573954876798,1.0555325746536257,0.488974600309129,0.0132,0.5669265315369342,0.2668069647864524,0.6352636849132177
37069,0.4106265633947138,1.1658477783203125,-0.717209854499661,0.01271,0.6347005816581779,0.24012294195780437,0.5637665437188111
37071,0.41957212764113816,1.0067203044891355,-0.43739201964068,0.0142,0.7246512306688982,0.2562992527016641,0.5414500250732402
37073,0.4329754069968826,1.1779167652130127,-0.92566000925572,0.02028,0.6325770696224454,0.2212250588132787,0.5111855485105874
37075,0.2644259019861323,1.0818908214569092,-0.549743120000725,0.018309999,0.8659066870372547,0.2949253731343283,0.4559960519822339
37077,0.37503371089536136,1.0395348072052002,-0.43739201964068,0.0111,0.5799622437971953,0.23693379790940772,0.5368345667223681
37079,0.4873294346978557,1.073891043663025,-0.780098206273523,0.017580001,0.4675985356344792,0.335553884173203,0.420943736234399
37081,0.6838830919851175,1.03777277469635,-0.157574184781699,0.018789999,0.5034989808058075,0.25663992966080573,0.6580114248056335
37083,0.4834928697011135,1.0262168645858765,-0.382982996195878,0.01914,0.3840007814026177,0.398595928191756,0.41397626359033945
37085,0.24568538663320305,1.101853847503662,-1.24787448576,0.01443,0.6133667969429178,0.269651834067582,0.5757664301826809
37087,0.6469788544379473,1.1164543628692627,-0.161813848946229,0.02131,0.9261625145365502,0.2207580987785449,0.6163922972795948
37089,0.6156831690061176,1.0190744400024414,-0.604858754139616,0.01729,0.8310722024488091,0.19107550479010785,0.6576919028292729
37091,0.19781775778777275,1.2040566205978394,0.302429377069808,0.018130001,0.3325004164584375,0.34875836158709794,0.4809366556589613
37093,0.17143280760605667,0.9760162830352784,-1.70081194067062,0.0092799999,0.39881757695943065,0.29227521351117935,0.5836578120042687
37095,0.1918281220026856,1.3099451065063477,-0.313028537481133,0.04417,0.5887205064262421,0.3399653979238755,0.4207764952780692
37097,0.5169820779546309,1.0912491083145142,-0.537024127507135,0.01356,0.7597785094965193,0.19142960733421188,0.6100509591084227
37099,0.5181890167217849,1.1268863677978516,-0.639482678149944,0.030950001,0.8066281615352369,0.2934467823368103,0.6252188503063905
37101,0.3492152181642708,0.9814242124557496,-0.864184878870035,0.01364,0.6780007111291715,0.221061542802904,0.5908399513869249
37103,0.3648113404210966,1.253037452697754,-0.753953610592255,0.036400001,0.625703564727955,0.3825503355704698,0.4674033149171271
37105,0.5580264876572808,0.9849756956100464,-0.122243650077282,0.015799999,0.5812734577801293,0.291672976292632,0.5662869488362958
37107,0.4052434984847417,1.1391441822052002,0.086206504678777,0.01891,0.49215941926844736,0.3600187773083451,0.4775079517342353
37109,0.3617988639515672,1.1207115650177002,-0.546210066530284,0.0164,0.8481288968752638,0.19983674861723644,0.5676270813218829
37111,0.3924646781789639,1.1006994247436523,-0.468482890180567,0.015860001,0.8737700930859884,0.27808867843306073,0.5150805003500015
37113,0.710941315025996,1.1777734756469729,0.375210278560906,0.027179999,0.8904145003303364,0.25580923683143075,0.5823899371069182
37115,0.8139913484348109,1.2277088165283203,-0.78999075599076,0.02334,0.9404158332945718,0.257137260663043,0.5570636215334421
37117,0.5033043021576437,1.0387110710144043,0.0226115422108268,0.018279999,0.5205917107969714,0.3357670693393513,0.4946953622309791
37119,0.8967170013262291,1.0027313232421875,-0.681879319795244,0.01303,0.4683310453942623,0.2000831098182917,0.7328573687583401
37121,0.5498533724340176,1.142013430595398,0.250140185707271,0.03032,0.9199546787523328,0.2559928566522426,0.521707800396325
37123,0.2385146044327022,0.9954166412353516,-0.778684984885346,0.01668,0.6326508146191105,0.2746036608715632,0.449177562210038
37125,0.698912574259461,1.1329528093338013,-0.134962642570872,0.019239999,0.770797788147265,0.20076270656636175,0.690543758823781
37127,0.5104753801978092,1.0639331340789795,-0.354011957738256,0.017480001,0.4988407954908008,0.26381114890934587,0.5191586549590285
37129,0.7545911607542402,1.164473056793213,-0.666333884525301,0.01774,0.7710693258693153,0.25024539183535,0.7190472220262565
37131,0.2005414619472576,1.2066234350204468,-0.244487300154564,0.019440001,0.387345833751128,0.3468659847888802,0.4190622290402187
37133,0.3588473822083468,1.2684470415115356,-1.81033659825432,0.0090399999,0.6613711045835063,0.2512986455141605,0.6152104549188941
37135,1.315280731309895,1.121307134628296,-0.0466363058098302,0.02599,0.6938192162169626,0.20007802067547897,0.7908937418079222
37137,0.3739863002913156,1.1295654773712158,-0.123656871465459,0.044829998,0.7421462876938824,0.27486014861818486,0.5695324283559577
37139,0.6073796629042871,1.1360608339309692,-0.418313530900295,0.018409999,0.5475527661082148,0.26668471639366453,0.5501782796018422
37141,0.37252272388615704,1.1347160339355469,-0.743354450180929,0.01877,0.7507077931753837,0.22805471279174228,0.6014986376021798
37143,0.6142963514519731,1.1336948871612549,-0.332813636915606,0.021439999,0.722933730454207,0.2563503429562072,0.581351565596512
37145,0.5528021349599695,1.0885882377624512,-0.144855192288109,0.01456,0.6639725505146779,0.256857083934832,0.49102564102564106
37147,0.526808381857616,1.0878195762634275,-0.669160327301654,0.0165,0.5441145976360875,0.31678544953625065,0.6547806762750468
37149,0.7783236853626502,1.172562837600708,1.08676724750786,0.039900001,0.8565452157415966,0.20704976303317535,0.6564289760211468
37151,0.384298271356503,1.0866923332214355,-0.861358436093681,0.0153,0.7902220545284311,0.2788906663646531,0.4794466642450661
37153,0.35557926083961156,1.1673691272735596,-0.294656659434836,0.01462,0.5705935951285641,0.3938145753273351,0.4869371873262924
37155,0.19796977284382636,1.1115208864212036,-1.09877962930736,0.01017,0.25138013213068267,0.4254287642436606,0.4390232498334288
37157,0.4007597966555771,1.1957130432128906,-0.305962430540249,0.01537,0.7235306389099333,0.2886449583347278,0.4777993310015122
37159,0.44014084507042256,1.1402816772460938,-0.266392231671303,0.018409999,0.7203840451616582,0.2734740403000441,0.5305050212537104
37161,0.3753810117269028,1.197895050048828,0.214809651002854,0.02042,0.8329404345410591,0.314811979421852,0.5134847187114834
37163,0.38258262995976966,1.0280945301055908,-0.351892125655991,0.01317,0.5098840419657648,0.32819823711026863,0.4510698330590171
37165,0.37062378834530735,1.104222536087036,-0.529251409872164,0.0134,0.4318622419888243,0.3928122797879837,0.4626492758533074
37167,0.3896863025264662,1.2398756742477417,0.0756073442674519,0.01873,0.8082256283691628,0.2353158416007789,0.5201576446041498
37169,0.3549507437583277,1.1709561347961426,-0.756073442674519,0.021500001,0.9108800594132938,0.2327873925248105,0.4381263940520446
37171,0.4168345583637854,1.1715961694717407,-0.388635881748585,0.018279999,0.8386572369426575,0.30744395883265196,0.5057622459998037
37173,0.19284712482468444,1.1598666906356812,-0.663507441748947,0.023429999,0.6170406732117812,0.3332859276114627,0.4917798427448178
37175,0.843819393042191,1.1868977546691897,0.541263791671665,0.034150001,0.9038638045891932,0.25153674424294326,0.6228497874166244
37177,0.1221001221001221,1.191625475883484,0.662800831054859,0.030772101,0.5311355311355311,0.3511565034544908,0.3755247013238618
37179,0.5572314577174934,1.088022232055664,-0.970176482983285,0.01443,0.7213799431299313,0.15226335643477495,0.6506011833677126
37181,0.38782346725420985,1.1137778759002686,-0.105284993419162,0.016170001,0.39614199959531465,0.3716351856921252,0.4336038853037056
37183,0.8844061103061607,0.9811962842941284,-0.166760123804847,0.01353,0.6002577919873087,0.15486878716996133,0.778715676100188
37185,0.27640968941602173,1.1377017498016355,0.0289710384576218,0.02318,0.38340536737360537,0.35105765680223666,0.44927835051546383
37187,0.6710283509478275,1.1379244327545166,0.666333884525301,0.01518,0.44371749706425095,0.3347829794491345,0.4627522935779817
37189,0.7146108329540283,1.2547413110733032,-0.341999575938755,0.03912,0.9168320436959492,0.35468392682130023,0.7004598135550516
37191,0.33777497309935844,1.1465699672698977,-0.391462324524938,0.01466,0.5342346059561661,0.32271217405746555,0.5400012175077616
37193,0.4162467686106121,0.9951207637786864,-0.224702200720091,0.01919,0.8724824373073946,0.29565372125094536,0.4839350912778905
37195,0.4021612328851231,1.1397732496261597,-0.137082474653137,0.01406,0.4696752010806165,0.33130409730312027,0.4881449985586625
37197,0.45875219403223233,1.0280187129974363,-0.166053513110759,0.02042,0.842800914844955,0.2798711755233494,0.4850127074301091
37199,0.5771396396396397,1.3319106101989746,-0.42043336298256,0.026210001,0.9249436936936936,0.28521126760563376,0.5129117758424839
38001,1.9472090004327132,1.3672388792037964,1.83365475115923,0.036910001,0.922977066205106,0.15909090909090906,0.6017052375152253
38003,1.821408555949935,1.3413333892822266,2.11559241810048,0.032900002,0.925182140855595,0.1794166748502406,0.6078482668410726
38005,0.07274843590862796,1.150923490524292,-1.00056074282908,0.01702,0.4049177942674233,0.44503155731689414,0.5682515337423313
38007,0.5422993492407809,1.3871688842773438,2.50493491054315,NA,0.9707158351409978,0.1442516268980477,0.565155807365439
38009,0.9996924023377424,1.361156344413757,2.02655947064535,0.03737,0.9134112580744388,0.16171938361719385,0.6395681868252919
38011,0.8735705209656925,1.31901752948761,2.15728244905169,0.029759999,0.926620076238882,0.1254480286738351,0.544131455399061
38013,0,1.5097891092300415,4.1619369881803,0.037009999,0.9578368469294224,0.1337021668971876,0.6481975967957276
38015,1.2237190509847773,1.32648766040802,0.502400203496807,0.01771,0.8891162849577501,0.13221589297016523,0.7158851031226056
38017,0.8772425483825399,1.2369272708892822,-0.534197684730782,0.01369,0.8544257663511795,0.17080669675488158,0.7475032857385536
38019,1.2490139363660269,1.4532999992370603,2.56923648370519,0.04874,0.9487246910333949,0.16179653679653683,0.6037527593818984
38021,1.4682057513163225,1.2568048238754272,3.43554119465749,0.043140002,0.9325637910085056,0.12650985378258106,0.6351879699248121
38023,0.21413276231263384,1.4473836421966553,4.76043624607312,0.0081200004,0.8916488222698072,0.21447721179624668,0.5935147654892878
38025,0.2844141069397042,1.3285651206970217,0.652201670643534,0.024870001,0.834584755403868,0.13283790060380862,0.5739101933792199
38027,0.8691873098652759,1.3443543910980225,2.05129084493844,0.02244,0.8987396784006954,0.19666215606675683,0.6019300361881785
38029,1.2084592145015105,1.334336757659912,1.6414566423672,0.01344,0.9549848942598188,0.18673218673218672,0.5202619729840361
38031,1.303680981595092,1.248695731163025,2.9868434039114,0.028659999,0.9521472392638036,0.1589403973509934,0.6435344827586207
38033,0.948509485094851,1.2925477027893066,2.75366187486224,0.02935,0.9018970189701896,0.18197088465845468,0.6754658385093167
38035,1.007490316700843,1.3197696208953855,-0.557515837635697,0.01526,0.8371354522670312,0.2482813045391772,0.7291238918814464
38037,0.7437314067148322,1.4122557640075684,1.64640291722582,0.03128,0.9562260943476412,0.2387799564270152,0.5398280802292263
38039,0.933997509339975,1.2398710250854492,6.27752940628078,0.02248,0.9530925695309256,0.18036332179930792,0.5587229190421893
38041,0.6870828425598744,1.2615067958831787,1.62237815362682,0.032650001,0.9096976835492736,0.18963337547408343,0.5324607329842932
38043,0.5068937550689375,1.3431870937347412,1.91562159167348,0.01105,0.9412003244120032,0.2637633525061627,0.5702247191011236
38045,0.42424242424242425,1.4032871723175049,2.50352168915497,0.037769999,0.96,0.22296626984126988,0.5724932249322494
38047,1.0683760683760684,1.3852684497833252,2.25620794622406,0.034111802,0.970619658119658,0.1636971046770601,0.5478260869565218
38049,0.7655665192242259,1.374480962753296,0.799883305707996,0.020269999,0.952364749914937,0.1384005515339538,0.571532141130981
38051,0.7701193685021178,1.3781344890594482,3.41151643105849,0.022530001,0.9491721216788602,0.21370967741935487,0.4882441220610305
38053,0.3374831258437078,1.2084187269210815,-0.0996321078664554,0.01342,0.7748612569371531,0.2116743938587824,0.6233994476525233
38055,0.4434474123539232,1.4093496799468994,1.5510104735239,0.022430001,0.8910684474123539,0.14058524173027986,0.5869064748201439
38057,0.3545261167572678,1.3375329971313477,1.78419200257305,0.02699,0.9143228551169936,0.13780147860865355,0.6440026729034414
38059,0.7208111960606454,1.2635493278503418,0.0805536191260703,0.0099400003,0.8979201762342879,0.14489924224876738,0.6251483882750434
38061,0.19377967251235345,1.2998278141021729,0.088326336761042,0.01282,0.6064334851274101,0.18521044427123937,0.5849832470301553
38063,0.3455425017277125,1.4275497198104858,3.31612398735656,0.018209999,0.9530062197650312,0.1867469879518072,0.6262024736601007
38065,2.1715526601520088,1.3514556884765625,1.81810931588929,0.01361,0.9022801302931596,0.12703583061889245,0.6049766718506998
38067,0.9356556787102346,1.344021201133728,2.73528999681595,0.028829999,0.9088815315963724,0.14383054362316694,0.5774231678486997
38069,0.9694619486185168,1.310927152633667,1.54253114519484,0.03026,0.9348036839554048,0.2535317860746721,0.5812310797174571
38071,0.8849175515842183,1.1546179056167605,0.694598312288834,0.022220001,0.8302684969351636,0.1838367493707299,0.6314920634920635
38073,0.42340986074520137,1.355382204055786,2.10781970046551,0.027100001,0.9422280767783214,0.15948777648428403,0.5559046870908615
38075,0.5118755118755118,1.3052582740783691,0.358251621902786,0.018340001,0.9066339066339066,0.12962962962962965,0.6123662306777645
38077,0.9689922480620154,1.2214593887329102,1.19629190509155,0.02141,0.9126984126984128,0.19124454437243751,0.6366221211259595
38079,0.1550547860243953,1.2646645307540894,-1.68244006262433,0.0080599999,0.18144855626765904,0.40975780975780973,0.6173954945187328
38081,1.033057851239669,1.3475836515426636,1.97992316483552,0.01959,0.9194214876033058,0.0954258675078864,0.5554371002132197
38083,0.7097232079489,1.412464618682861,4.18313530900295,0.046583939,0.9886444286728177,0.2178289000718907,0.5004591368227732
38085,0.1143379830779785,1.3330557346343994,-2.52118695650718,0.016030001,0.12622913331808827,0.5288775034932465,0.5127551020408163
38087,0,1.1706862449645996,0.455057286992888,NA,0.9636118598382748,0.17385444743935308,0.6158088235294118
38089,0.7721759274154628,1.2126879692077637,-0.39923504215991,0.01374,0.8733953219008398,0.15336473533383843,0.5839398111723052
38091,0.8600917431192661,1.281848430633545,1.26553975311221,0.024469396,0.9753440366972476,0.1236342725704428,0.7103610675039247
38093,1.097066539470546,1.26067054271698,1.13340355331769,0.019400001,0.9214881946100644,0.1935085007727976,0.5706164383561644
38095,1.2365107913669064,1.3099186420440674,3.32107026221518,0.02815,0.8857913669064749,0.21352968246663595,0.5756639901173564
38097,0.9365634365634364,1.3625423908233645,2.44204655876929,0.01657,0.9202047952047951,0.13091482649842268,0.6745681734656376
38099,0.6976095246953772,1.2313239574432373,1.96649756164784,0.024250001,0.8430843642451865,0.2179681576952237,0.5240099986843836
38101,0.5631285240946347,1.1053656339645386,-0.94261866591384,0.01203,0.8277044701505551,0.14834835734179874,0.6374179029072705
38103,1.1946680080482897,1.2515764236450195,3.79167298447801,0.032079998,0.9627766599597586,0.15146078933880058,0.5410116199589884
38105,0.2556237218813906,1.4177957773208618,-0.737701564628223,0.01178,0.7953590093160645,0.11522609856620424,0.6342281879194631
39001,0.45902937788018433,1.1019879579544067,-0.797763473625731,0.01427,0.9808107718894008,0.362400204148591,0.3565597514088587
39003,0.8553428640659074,1.1590242385864258,0.293243438046659,0.017550001,0.8070947419433002,0.23514355103644957,0.514643141224962
39005,1.0226763299462045,1.217986822128296,0.342706186632843,0.022430001,0.9559735505080692,0.21897767332549944,0.4688477470623045
39007,0.6848614944291117,1.1391735076904297,-0.260739346118596,0.01725,0.8949606460186037,0.3154001416056389,0.41452891791044777
39009,1.0467709392114326,1.2583894729614258,-0.49250765377957,0.02836,0.8961117769315958,0.3906937002687933,0.5488589660393683
39011,0.7052417503116184,1.2271909713745115,0.491094432391393,0.01754,0.9564171532288044,0.1483701927347011,0.4919063588288405
39013,0.5145242855462778,1.1936159133911133,-0.11871059660684,0.01282,0.9269228507585558,0.2080484530610971,0.477679281284783
39015,0.3672082989075553,1.1245874166488647,-0.939085612443398,0.01371,0.9640365372257412,0.2388787751482052,0.42276931178619626
39017,0.5743133895936782,1.1973985433578491,-0.495334096555923,0.015869999,0.8100594970251488,0.19885126306620204,0.577236707513957
39019,0.6311283477242793,1.1928163766860962,-0.0833800619024237,0.02276,0.9801331772281576,0.20040846639435572,0.3975370210167421
39021,0.6564551422319475,1.1980082988739014,-0.142028749511756,0.01682999899999999,0.9329386021366972,0.18230994537826217,0.44968717413972886
39023,0.5900865460267506,1.1902883052825928,-0.106698214807339,0.01407,0.8405652954886214,0.2571128385117285,0.508422697868276
39025,0.6131440460163995,1.2019166946411133,-0.7815114276617,0.01304,0.935195202545588,0.16716560950066195,0.5787932835449694
39027,0.7328932001811378,1.1721084117889404,-0.169586566581201,0.017000001,0.9334556808160736,0.2554865118114119,0.4920893934019156
39029,0.678360306231224,1.1626054048538208,0.192198108792027,0.01774,0.9392479891462352,0.24412686574685305,0.43808818579602826
39031,0.5603389367227005,1.1866027116775513,0.240954246684123,0.01781,0.958726253929206,0.2691592932626966,0.3813997552599376
39033,0.8309222639343871,1.174222707748413,0.590726540257849,0.01997,0.952559718801559,0.2666682954240063,0.4333831318755942
39035,0.8974300393362145,1.1358418464660645,-0.197850994344734,0.01506,0.5891622195982047,0.2656393544636497,0.6206031758364049
39037,0.7037058606565333,1.2000174522399902,0.481908493368245,0.018959999,0.9608254227088308,0.2093889863759143,0.4397798831338288
39039,0.8647798742138365,1.1336592435836792,0.739114786016399,0.018440001,0.8639675052410901,0.1740780331373597,0.49007875231624454
39041,0.6948069704427374,1.2705941200256348,-0.264272399589038,0.01469,0.8504437318219107,0.07783606557377043,0.7810891645285196
39043,0.9193634661674244,1.200213074684143,0.358251621902786,0.015790001,0.8312516715699385,0.20096129041017777,0.5452189638136431
39045,0.7202651870747199,1.0864989757537842,-0.498160539332277,0.01537,0.8602782651482289,0.16264256168311986,0.5859764516376467
39047,0.4542278127183787,1.1086379289627075,-0.529958020566252,0.01684,0.9244234800838574,0.27340664033308426,0.3975332551857703
39049,0.9051737499612512,1.1350085735321045,-0.121537039383194,0.01347,0.6300830775907499,0.2391637114174325,0.665747430607543
39051,0.6094241828982557,1.17312753200531,0.332813636915606,0.01476,0.889995976617045,0.15978550989491913,0.4957488326712663
39053,0.5899361871842596,1.1914767026901243,-0.3271607513629,0.01523,0.9314012230789684,0.2835703541638178,0.4280532043530834
39055,0.7219504917788221,1.136765956878662,-0.0727809014910986,0.02183,0.9555321121447524,0.12182855912125778,0.6495455604754136
39057,0.5885815185403178,1.1479820013046265,-0.55186295208299,0.01809,0.8381400824014126,0.1813762249138906,0.6931798935667615
39059,0.6200301705402572,1.2290914058685305,0.404887927712617,0.01387,0.9419856306409962,0.29170880987577474,0.428284084259801
39061,1.06319038236751,1.1445658206939695,0.0551156341388902,0.015969999,0.652079858503495,0.2366078439995225,0.6508427682114384
39063,0.7582050977754922,1.0513358116149902,-0.161813848946229,0.020479999,0.8901855294908818,0.17443645800779928,0.5650098178878066
39065,0.9466984884645984,1.111283302307129,0.0494627485861835,0.021609999,0.9490533015115354,0.2477674723304486,0.4144764288694201
39067,0.5259351784892512,1.185112237930298,0.238127803907769,0.016419999,0.9484583525080534,0.24569776821726275,0.3891522333637192
39069,0.8177741840635108,1.146698236465454,0.537730738201224,0.020059999,0.8980446927374302,0.1505972217021755,0.4902054721601193
39071,0.4533196949972104,1.2479122877120972,-0.42891269131162,0.0163,0.9509949786126092,0.30021486081269333,0.39718655267549985
39073,0.6868615709756957,1.1544097661972046,-0.35683840051461,0.018069999,0.9630503698485382,0.24784692443515544,0.4352287516267895
39075,0.3815402838204141,1.0739383697509766,-0.796350252237555,0.02479,0.9784742944352064,0.17472749668812604,0.24008733283948697
39077,0.6385094019438112,1.1957460641860962,0.265685620977214,0.01702,0.9013352988566824,0.24235212368626768,0.42367245405624937
39079,0.5701078582434514,1.1682997941970823,-0.468482890180567,0.015869999,0.9599075500770416,0.3062856784392447,0.41411001486687393
39081,0.5160386313299483,1.0601104497909546,0.362491286067316,0.01469,0.9033312742010818,0.2709084382851882,0.462618700167079
39083,0.6872041769001805,1.2479195594787598,-0.0346239240103285,0.02337,0.9537092760364992,0.20505298036102584,0.5149078312507732
39085,0.6642632874400967,1.2496669292449951,-0.328573972751076,0.01387,0.8822851526827105,0.14286659579067174,0.6049157447631246
39087,0.2990828127076964,1.1406093835830688,-1.36375863959049,0.0095199998,0.9476771234879702,0.2883148872992307,0.43569002924252426
39089,0.5884892086330935,1.2189064025878906,-0.322214476504281,0.017729999,0.9006906474820144,0.18416323828439016,0.572019719533066
39091,0.6951187218642422,1.2107443809509275,0.0317974812339751,0.01959,0.9335775443551948,0.19978548924094475,0.44159050825717494
39093,0.6175447719959697,1.2239978313446045,-0.666333884525301,0.01258,0.7821367049111061,0.20584555629718823,0.5870087947560856
39095,0.7434435470027975,1.0944222211837769,-0.50522664627316,0.01475,0.6862505857082547,0.28367024749243275,0.5957728415328579
39097,0.9176390619689588,1.2161933183670044,-0.179479116298437,0.019339999,0.8849212643027076,0.1638996088994794,0.4538877128684718
39099,0.7457786320289093,1.1484884023666382,0.0586486876093319,0.015760001,0.7595287896643343,0.27401492998490884,0.5327323695927005
39101,0.6853091165255211,1.1504939794540403,-0.122243650077282,0.01506,0.883367279743947,0.27312404158872994,0.4341582447957156
39103,0.6615911900213507,1.2693142890930176,-0.551156341388902,0.01458,0.9383020564108326,0.104842826513596,0.6409342516010684
39105,0.5308085622670942,1.1112326383590698,-0.223288979331914,0.01375,0.9665482277493715,0.30883125985631676,0.4178977960765318
39107,0.5381078172390177,1.2294050455093384,0.272751727918098,0.01764,0.9537716466099208,0.15302349817622396,0.46839474171449735
39109,0.7853204392100294,1.2362937927246094,0.174532841439819,0.01763,0.9229104782150688,0.17846810392056978,0.5457979742677251
39111,0.6276000573805767,1.2473900318145752,0.580127379846524,0.017349999,0.9713814373834456,0.2791609203745373,0.3734296171728163
39113,0.8177064720597363,1.198889136314392,-0.33987974385649,0.01462,0.7072225252506253,0.25729343853271003,0.6233250034974338
39115,0.5293715846994536,1.09606671333313,0.246607132236829,0.019789999,0.9211065573770492,0.3398058252427184,0.4142215425786103
39117,0.3709728048397683,1.178918719291687,-0.8663047109523,0.02025,0.9593071369460378,0.18422570966997465,0.4375490966221523
39119,0.7285414078554759,1.1751890182495115,0.0706610694088336,0.01574,0.9140263087622342,0.2677962042746812,0.4618532094450601
39121,0.5029134295227525,1.1213746070861816,-0.110937878971869,0.025140001,0.9247364039955605,0.23499085315150503,0.3682023486901536
39123,0.7383343177790904,1.2157950401306152,0.623937242880001,0.030950001,0.9229425083677888,0.17766510140873215,0.5653733504459144
39125,0.4784943378170025,1.1939692497253418,0.0317974812339751,0.01836,0.9250890531128716,0.17334905660377353,0.4257746261754277
39127,0.4580534118038976,1.0752781629562378,-0.605565364833704,0.01114,0.966076286713675,0.2671256065906783,0.39875162127107655
39129,0.5193725979017347,1.1951674222946167,-0.527838188483987,0.01487,0.926301028357744,0.1874233533950909,0.4457777446523068
39131,0.42857142857142855,1.1758617162704468,-0.813308908895675,0.01314,0.9518214285714286,0.3196742081447964,0.4002371011803515
39133,0.6968759037849745,1.23478102684021,-0.542677013059842,0.017510001,0.8958408969239006,0.1998760498641068,0.5580423697429518
39135,0.4562820918404594,1.135198950767517,-0.524305135013545,0.015799999,0.9636921130119483,0.17129927296107617,0.4651760294423999
39137,0.5897791277166701,1.2485748529434204,0.520065470849015,0.01175,0.920114417150777,0.12707842025135074,0.5145919135556442
39139,0.685383980181668,1.1824908256530762,-0.11871059660684,0.016319999,0.8548059454995871,0.24241703027898984,0.47577644154095144
39141,0.5393252586162084,1.1060668230056765,-0.370264003702288,0.01454,0.8960466808753964,0.2711640025350327,0.4463624023186704
39143,0.9105693811516372,1.203789472579956,-0.0932726116196603,0.01521,0.8439241728641854,0.20180942147041492,0.4797668122057712
39145,0.5424776433456076,1.0787261724472046,-0.645842174396739,0.01346,0.9328905839032088,0.3464805071052741,0.4368151106232375
39147,0.8671930046430959,1.092734694480896,0.459296951157418,0.017139999,0.8979241567451356,0.22129508574944248,0.4648307361633531
39149,0.5897556872961497,1.0861629247665403,0.477668829203715,0.017130001,0.9287164864920306,0.17578165630005615,0.4893669634025717
39151,0.6578876703794804,1.044453740119934,-0.154041131311257,0.015769999,0.8638279932546374,0.21559440752281944,0.5339497855762494
39153,0.7149005974130573,1.1717694997787476,-0.141322138817667,0.01565,0.769741047116937,0.2137696901302487,0.6153621610533873
39155,0.5327723627144191,1.1162976026535034,-0.312321926787045,0.01311,0.8711614187965084,0.27120911541787474,0.4485185391847781
39157,0.6200249092976661,1.0868276357650757,0.402061484936263,0.018540001,0.9447663399577624,0.2203999472016895,0.4127227019346377
39159,0.5907559913238225,1.144877791404724,-0.0805536191260703,0.01403,0.895286296224452,0.12015147822500516,0.6140080060699615
39161,0.9996107710272106,1.127660870552063,0.499573760720454,0.02909,0.9391387424365734,0.2046655404191079,0.4700850296315383
39163,0.515936711763357,1.1569948196411133,-0.936965780361133,0.024150001,0.9650691737369104,0.31958762886597936,0.3699453551912568
39165,0.6077282963531938,1.1966257095336914,-0.522891913625369,0.01377,0.8616605275561685,0.08803749468945765,0.6807940922853494
39167,0.9308906761989872,1.2783657312393188,0.0438098630334768,0.021819999,0.9505510872803098,0.23064205484822145,0.5033146236112074
39169,0.609393707094807,1.2160273790359497,-0.262152567506773,0.02039,0.936717801186918,0.19872832473327903,0.4751562152036365
39171,0.8352346805736637,1.2082760334014893,0.839453504576943,0.0174,0.9260104302477185,0.18581404516528688,0.481909371218922
39173,0.7837111025739532,1.173759937286377,-0.571648051517464,0.01681,0.8828582404917403,0.20871003575801317,0.6365908584721226
39175,0.8295454545454546,1.2303858995437622,0.920713734397102,0.01681,0.9497727272727272,0.20145048041389504,0.4616294349540079
40001,0.15751575157515751,0.9946048259735109,-1.53193198478351,0.0082700001,0.3989198919891989,0.42044577602251576,0.34197108332751275
40003,0.5985975714041388,1.3057646751403809,0.82814773347153,0.034299999,0.8383786557208825,0.17215189873417724,0.4767787691603752
40005,0.16277219127541054,1.040879726409912,-0.515825806684485,0.01438,0.7098314403530348,0.3552045362494938,0.4296234830411783
40007,0.09298865538404316,1.227161169052124,1.63368392473223,0.021819999,0.7215919657801748,0.25465248765666537,0.48874507597073713
40009,0.17962996227770792,1.0597896575927734,0.0346239240103285,0.0144,0.7528740793964434,0.2888061553735418,0.4927565664771189
40011,0.44474675596483887,1.1152551174163818,1.72413009357554,0.019959999,0.7268731686898284,0.28091565065936797,0.46775800711743776
40013,0.2529220569558947,1.1169750690460205,-1.21325056174967,0.0095899999,0.7102697117764815,0.3132335355861642,0.536423627877032
40015,0.17953628342794611,1.082189917564392,-0.292536827352571,0.01888,0.5679160112167431,0.31051327179339827,0.44078611536498213
40017,0.3346267487807483,1.22218656539917,-1.07616808709654,0.0088299997,0.7615036844540957,0.15528026759727187,0.6158595615601403
40019,0.4966990210890126,1.0763301849365234,-0.591433150951937,0.01353,0.7001593576025994,0.26041513012327466,0.5129342431761788
40021,0.3801578168666776,1.0781482458114624,-1.11220523249504,0.01847,0.47566989972053264,0.3382374858943513,0.5518974864465254
40023,0.15195515634497198,1.050341010093689,0.0508759699743602,0.0162,0.6062673060039171,0.4025840148443406,0.43844258255298174
40025,0.22999080036798528,1.28175687789917,2.28941864884621,0.030160001,0.766329346826127,0.2841910060268892,0.47017318794098784
40027,0.4332662546459749,1.2257603406906128,-1.12280439290637,0.01451,0.7173170434770154,0.20048726815466833,0.67149209847254
40029,0.22397419817237055,1.0653315782546997,-0.695304922982923,0.01408,0.6839276115391507,0.3581735159817352,0.41036601656425326
40031,0.3552011300734219,1.1735464334487915,-1.36446525028458,0.01323,0.5619076559189238,0.277091403573122,0.5725794979891115
40033,0.4694434960737453,1.1804847717285156,-0.842986558047385,0.01505,0.7599863434619324,0.2746788667957065,0.42680776014109345
40035,0.41695621959694235,1.1710801124572754,-0.0522891913625369,0.01756,0.6333564975677554,0.32561762742043177,0.4723130262506192
40037,0.23100508211180645,1.0800249576568604,-0.451524233522447,0.015869999,0.7596287118316603,0.2421184474586886,0.4735879681946128
40039,0.686059275521405,1.2064871788024902,0.230355086272798,0.017929999,0.6823202524698134,0.34719447975304163,0.5652250765967476
40041,0.3004736879315627,1.0966259241104126,-0.973709536453727,0.01843,0.6371456177974689,0.31801058604739874,0.4913551249429112
40043,0.2031694433157253,1.1138243675231934,0.527131577789899,0.03076,0.8197887037789516,0.298150841471016,0.5232630272952853
40045,0.37359900373599,1.2205805778503418,1.847786965041,0.02399,0.8645080946450809,0.2765419615773509,0.5135039090262971
40047,0.5089017415748489,1.2028638124465942,-0.10175193994872,0.0139,0.7433681217486833,0.23534883720930233,0.5171869605957489
40049,0.2514819471887911,1.0405291318893433,-0.426086248535267,0.01517,0.755092509430573,0.26971211734228484,0.41327542759101393
40051,0.2996132265620744,1.293871521949768,-0.696011533677011,0.01897,0.814657442210964,0.2044930556836416,0.4978783972499731
40053,0.5117125312713213,1.3135586977005005,1.3581057540377801,0.02789,0.8801455537866727,0.16971830985915493,0.5373084610259827
40055,0.2132741852926122,1.1782770156860352,0.467776279486478,0.034260001,0.745435932434738,0.31505711318795426,0.4737342524364154
40057,0.6457564575645757,1.0401864051818848,-0.240954246684123,0.01235,0.5682656826568265,0.3008442056792019,0.5458377239199157
40059,0,1.3018028736114502,1.57079557295837,0.02183,0.7582446808510638,0.2626791620727673,0.4867291178766589
40061,0.23646252069047055,1.1237592697143557,-0.847932832906003,0.017100001,0.7043430282966816,0.3302496211819125,0.473356401384083
40063,0.39261142686209993,1.245129108428955,-0.826734512083353,0.01039,0.6268321866586898,0.34275618374558303,0.41829924650161465
40065,0.5685672106292143,1.223238468170166,-0.52642496709581,0.016340001,0.6272194070941228,0.2678806313712595,0.5814503579209462
40067,0.4871711594673595,1.098196029663086,-0.792110588073025,0.01522,0.7775251705099058,0.3621207069023008,0.4173377546186641
40069,0.22595806218365871,1.1432212591171265,-0.46706966879239,0.01901,0.6952277657266811,0.3365707881957415,0.5110723392833176
40071,0.7263186342957525,1.184410572052002,0.237421193213681,0.01424,0.7455745236701049,0.2840040519384842,0.5441510457272635
40073,0.44603033006244425,1.1660034656524658,0.411247423959412,0.01325,0.7632216133554225,0.23297769156159065,0.499655952029883
40075,0.08440243079000675,1.223741888999939,0.367437560925935,0.02452,0.7421787080801261,0.3501792529200879,0.4747933214459394
40077,0.36238886741399307,1.2041784524917605,-0.111644489665957,0.02719,0.6472748357170468,0.3192215088282504,0.5097314959511294
40079,0.22488306080837964,1.088501214981079,-1.31288266961613,0.01223,0.7134490065166114,0.35163027836026484,0.42489638839550026
40081,0.3367244590915604,1.1861608028411863,-0.586486876093319,0.020850001,0.8219229115919187,0.24772991850989523,0.4640767709078666
40083,0.19814493498704025,1.1107673645019531,-0.767379213779933,0.026520001,0.776471092260566,0.2267239660633985,0.5768555829975303
40085,0.2484348603796085,1.0375810861587524,-0.950391383548812,0.011,0.7096293351883136,0.29195979899497493,0.4081996434937611
40087,0.3758249038143043,1.19819974899292,-0.525011745707634,0.01029,0.7916528651871481,0.15832306428424725,0.572800673477978
40089,0.3180276229706809,1.0621694326400757,-0.667747105913478,0.0092700003,0.6206081899685001,0.3728574061559255,0.3992042440318303
40091,0.2661596958174905,1.0992562770843506,-1.15954814899896,0.01448,0.6787832699619771,0.3402806438299628,0.4315505057503117
40093,0.5850234009360374,1.2653558254241943,1.42099410581164,0.023709999,0.8476339053562143,0.1975817167153867,0.49990379064845103
40095,0.28779157830960317,1.099551796913147,-0.257206292648154,0.01483,0.6510148439866708,0.29944547134935307,0.4344182764399753
40097,0.26191404346554914,1.1570308208465576,-0.113764321748222,0.01719,0.6486209921060325,0.3015381566888762,0.4705735125858123
40099,0.4302308905779435,1.1483348608016968,-0.486148157532775,0.01729,0.7201348056790478,0.25697786333012507,0.46234007428807267
40101,0.3818959497206704,1.1227294206619265,-0.700957808535629,0.01633,0.5590229283054003,0.32925342264890645,0.5080968554837296
40103,0.35288928098808997,1.185513615608215,0.0586486876093319,0.02524,0.8102337891486546,0.1850524240523345,0.48958198524653807
40105,0.1453206742879287,1.1944113969802856,0.077727176349717,0.018680001,0.6672156558806432,0.26826134229514675,0.44911596825838784
40107,0.1864589375984089,1.2047505378723145,-1.11008540041278,0.015699999,0.6129112455457032,0.4001275161672283,0.3993961352657005
40109,0.6773871466027114,1.0024724006652832,-0.578007547764259,0.01613,0.5598742911729436,0.2643429078004993,0.6172493102066072
40111,0.2580711760303492,1.215266466140747,-0.719329686581926,0.019169999,0.6223644481147901,0.34241926360869446,0.5031263350033011
40113,0.6511243806377842,1.066479206085205,-1.14188288164675,0.02221,0.6338034133739889,0.26820662298099895,0.5011307100859339
40115,0.46099065301710435,1.085171461105347,-0.304549209152073,0.0211,0.6501239905894322,0.3446959726243748,0.49002390360505393
40117,0.47221545210821353,1.1254568099975586,-0.46283000462786,0.01984,0.7666341701194248,0.2724910283380769,0.44548838858358447
40119,0.9075352930391738,1.1241858005523682,0.428206080617532,0.02225,0.7692599156633869,0.3540535403996524,0.647307430129516
40121,0.32279255198658996,1.263296127319336,-0.757486664062696,0.01401,0.6945589634394962,0.282466217021378,0.48774438754146937
40123,0.6257332811888933,1.262552261352539,-0.33987974385649,0.01362,0.653969495502542,0.2470208203262847,0.5638831987789693
40125,0.3984533082019015,1.1897239685058594,-0.85782538262324,0.01493,0.7239099703412146,0.2673435101236856,0.5150127545686447
40127,0.2695902228612509,1.2184582948684692,-0.682585930489333,0.01553,0.709920920201294,0.356231778425656,0.4071673656118948
40129,0.2727024815925825,1.2599060535430908,1.00056074282908,0.020679999,0.8361058085628579,0.2638697212255037,0.5208080808080808
40131,0.292820159162808,1.186396598815918,-0.924246787867543,0.01553,0.717962190623187,0.17070180131977886,0.5993540848453374
40133,0.19128543814432988,1.116645336151123,-0.673399991466184,0.02028,0.6442896262886598,0.35829875518672194,0.5029621938557381
40135,0.16183557505574336,1.1116572618484497,-1.29875045573436,0.01215,0.6245894171521734,0.35704925988837666,0.4264188142515139
40137,0.7675212500286388,1.168424367904663,-0.186545223239321,0.01646,0.8014754736866222,0.2613014819316535,0.45102905168420354
40139,0.25234318673395817,0.9209736585617064,-0.425379637841178,0.01537,0.43965392934390773,0.32105755501944755,0.4659863945578231
40141,0.13489815189531904,1.0612444877624512,-0.44163168380521,0.023669999,0.5916632942128692,0.33979895228656376,0.44052600119545726
40143,0.7294030651945564,1.0597190856933594,-0.243780689460476,0.01427,0.6197713866702557,0.24514294690543512,0.6404791884862963
40145,0.250132982091745,1.0527280569076538,-1.26130008894768,0.0090699997,0.7148737303376479,0.185741255708345,0.5772561021124133
40147,0.49628030682650426,1.246814250946045,0.316561590951574,0.021330001,0.7279034807077054,0.23304867970563925,0.5640454507006513
40149,0.24498886414253895,1.3200364112854004,0.00918593902314837,0.01331,0.8337639198218263,0.2306772175193228,0.48588094922444647
40151,0.6634966272254783,1.3464947938919067,1.22808938632553,0.03599,0.8292602012606436,0.22728944464876788,0.5986818667616672
40153,0.4221546774738264,1.0404789447784424,-0.422553195064825,0.01326,0.7984271722873546,0.20236036219350903,0.47859582818518787
41001,1.0768462450839629,1.2106951475143433,2.07672882992562,0.02929,0.9038641613084464,0.24698951184772755,0.5988809086353767
41003,1.1771872633277356,1.3211674690246582,0.756073442674519,0.02984,0.8021666831308242,0.26057400928991803,0.8265864629057605
41005,0.6626663060982354,1.2254676818847656,-0.0120123817995017,0.01462,0.8191237699865761,0.1301081472570369,0.7215363464394375
41007,0.9334560892025984,1.1978838443756104,1.19063901953885,0.026140001,0.8551992225461613,0.216018282865008,0.653766461808604
41009,0.6180048661800487,1.2265022993087769,0.00141322138817667,0.02203,0.8852165450121654,0.205534140969163,0.5746816846229187
41011,0.8204314920076626,1.2119717597961426,0.749007335733636,0.023490001,0.852557862010489,0.28785192992542197,0.5862670505895458
41013,0.8908782756073182,1.171115159988403,0.655734724113976,0.02234,0.8820129503281039,0.24385666273842255,0.5668652184069144
41015,0.4083885209713024,1.3018548488616943,0.871250985810918,0.033750001,0.8625165562913907,0.222237046920169,0.6292067307692307
41017,0.6738218855200777,1.2149828672409058,0.368144171620023,0.01778,0.8725107516201255,0.178873247042179,0.7187700475611105
41019,0.4788569752735671,1.2289540767669678,0.218342704473296,0.01929,0.8783657459171142,0.26349026771887196,0.5727264828904417
41021,0.9318423855165068,1.223578929901123,2.32262935146836,0.059289999,0.8796592119275826,0.2366167023554604,0.5941011235955056
41023,0.973709834469328,1.3280935287475586,1.95519179054243,0.035250001,0.9145917373765476,0.29083721586898204,0.5281995661605206
41025,0.8944543828264758,1.327335238456726,1.57786167989925,0.025909999,0.8703729186734553,0.22997053458678263,0.5500657523952658
41027,1.120255073462881,1.144487738609314,1.37930407486043,0.02613,0.6372527898660003,0.18953139276856812,0.5950266429840142
41029,0.7837967623075716,1.118970513343811,0.096805665090102,0.01888,0.8083057061327767,0.2581044238202834,0.6401382967057776
41031,0.3812428516965307,1.016969084739685,0.170999787969377,0.0151,0.6040581183547253,0.2700811268610145,0.5633759338149039
41033,0.5797034237284205,1.141812443733215,-0.0515825806684485,0.01682,0.8690102143743261,0.32562631771121664,0.5938685307670606
41035,0.6574916692816903,1.1222684383392334,0.43739201964068,0.02031,0.7785448513919397,0.31706614951062084,0.5712429161873108
41037,1.3716983539619751,1.31398344039917,2.01878675301038,0.031679999,0.844455786653056,0.3326432022084196,0.5202782962837265
41039,0.731906573096909,1.1835312843322754,0.106698214807339,0.018449999,0.8181630685166337,0.2723259196081004,0.6870029215244974
41041,0.5407131233649866,1.2215166091918943,0.680466098407068,0.03224,0.8246441592683379,0.2696009855302445,0.6416962450962077
41043,0.6957328385899815,1.1705076694488523,0.240954246684123,0.01555,0.8491379310344828,0.23951707653040555,0.6045250431778929
41045,0.6247533868209917,0.993047833442688,0.315854980257486,0.01429,0.6113047481257399,0.36227533676034673,0.497090817100936
41047,0.6212441960776232,1.010859727859497,0.115884153830487,0.01393,0.6546736112542361,0.2565540518022317,0.5863252140036099
41049,0.17694417411306732,0.9949454069137572,0.0770205656556286,0.01991,0.5925860391046625,0.28554954315621395,0.42667967660998046
41051,1.1639237092440275,1.1076655387878418,0.494627485861835,0.01651,0.6969398687059256,0.2152661245213201,0.7451906213284749
41053,0.5991305080867565,1.1413469314575195,-0.195024551568381,0.01381,0.7808205980466539,0.2043380260872778,0.6739191439208276
41055,0.15225334957369063,1.277071833610535,2.45052588709835,0.02781,0.8934226552984166,0.20708613317043367,0.5739408473221423
41057,0.7957861230057979,1.1989905834197998,1.09453996514283,0.03554,0.8434575012315738,0.2283065898114971,0.6087947717716197
41059,1.0210167381918605,0.99780535697937,-0.0176652673522084,0.01671,0.657223612389633,0.2900547142699237,0.5390550807217473
41061,0.9302502183240308,1.1693888902664185,1.22102327938464,0.02516,0.8871549531077951,0.26913041785116243,0.6052226466731284
41063,1.3563677898343804,1.2694605588912964,2.86671958591638,0.058740001,0.9293260993717876,0.22816166883963496,0.645096609551586
41065,1.0237275162648296,1.1283963918685913,0.737701564628223,0.03067,0.7455797933409873,0.2269680436477007,0.5730914257609705
41067,0.7001922029717667,1.068541169166565,-0.356131789820521,0.01019,0.6572832712165447,0.1492532968472533,0.7481484229138073
41069,0.7067137809187279,1.314195156097412,1.89866293501536,0.065885492,0.872791519434629,0.302943287867911,0.5447080291970803
41071,0.7535938796729975,1.1086082458496094,0.25649968195406597,0.017750001,0.772281100056281,0.20277232089163288,0.6432673084830354
42001,0.8002342148921635,1.242365837097168,-0.43315235547615,0.0233,0.890065384990729,0.14390494501581874,0.4892532837188637
42003,1.0570954307940126,1.221740961074829,0.192198108792027,0.017069999,0.7851620306709097,0.1842215906224248,0.6760194669232076
42005,0.5921022666889337,1.20320463180542,0.515825806684485,0.021199999,0.9708199857288172,0.21470989918210137,0.4134156378600823
42007,0.7130667599331858,1.2304449081420898,-0.0635949624679502,0.017729999,0.8947193863706259,0.19008553083031077,0.562799821961392
42009,0.9206198150485136,1.2096889019012451,0.432445744782062,0.0195,0.9671059436870306,0.22010140797854505,0.36635598742174
42011,0.6614436935589977,1.1190509796142578,-0.462123393933772,0.01368,0.7170145326236469,0.2018184782286511,0.49996826270020944
42013,0.716565034874185,1.220826506614685,-0.181598948380702,0.01701,0.945711571408852,0.23639687551936184,0.4637351957327548
42015,0.803766218854059,1.175280213356018,-0.313735148175221,0.01956,0.956924692026311,0.228939099206943,0.43073457349218514
42017,0.673254563612984,1.2982943058013916,-0.680466098407068,0.01395,0.8405567272808493,0.1007737522537454,0.6573366255879691
42019,0.7664567493673053,1.2833911180496216,-0.0847932832906003,0.01405,0.9469499569286084,0.137372902372489,0.6218035499398316
42021,0.7894202647941116,1.2297078371047974,0.550449730694814,0.01957,0.9270726041094964,0.24140385847511925,0.465821215432462
42023,1.8434179136846671,1.2843093872070312,1.79408455229029,0.02183,0.9572760789416612,0.2618110236220472,0.4236189402480271
42025,0.7121949692425689,1.216163992881775,-0.182305559074791,0.01479,0.9170097202873824,0.1926372326481025,0.4406988345681109
42027,0.9493084712274636,1.2895067930221558,-0.466363058098302,0.032480001,0.8543714497406767,0.2479908471927671,0.6489404723390488
42029,1.0215374547694205,1.2543220520019531,-0.274871560000363,0.019169999,0.7943644622372777,0.10667232229171186,0.7281869411761377
42031,0.9298721425803952,1.2489726543426514,0.296776491517101,0.024180001,0.9596797107064444,0.26954737991848043,0.43630380512898104
42033,0.5913050007508635,1.1766369342803955,0.1271899249359,0.01983,0.930132151974771,0.24984131700136403,0.37734476751069845
42035,0.7452139277913401,1.2219821214675903,-0.551156341388902,0.02025,0.9516895798535268,0.2519833266101923,0.43775369458128077
42037,0.9054249410332496,1.2451456785202026,-0.279817834858981,0.017820001,0.932100738035456,0.23298360655737704,0.4729739003133792
42039,0.7967081071616179,1.1937274932861328,0.33564007969196,0.02227,0.94797175042316,0.2455213316411208,0.43262067002628535
42041,0.9976817685939806,1.2997249364852903,0.0148388245758551,0.018990001,0.8568552268497722,0.12556917762585562,0.6036825200529019
42043,1.2961122075811229,1.2165507078170776,0.696718144371099,0.0219,0.6575397631624775,0.20153325684265663,0.5659760201384783
42045,0.775390839494539,1.220072865486145,-0.567408387352934,0.01306,0.6680671822358889,0.15985652275430717,0.6287422650290615
42047,1.0299934080421886,1.2311623096466064,0.447284569357917,0.01819,0.9734673698088332,0.17702693670209213,0.4428507194244604
42049,0.906567823689448,1.178285002708435,-0.236007971825504,0.01313,0.842280935599905,0.2551924462361471,0.5281827586574662
42051,0.5140820398775342,1.1961959600448608,-0.859945214705505,0.01431,0.9176021690454068,0.2772303763144204,0.4042154956378874
42053,0.5127854505674826,1.2184624671936035,0.231061696966886,0.04315,0.6699029126213593,0.2903404373097149,0.25529784748873685
42055,0.7703685443115986,1.1947810649871826,0.133549421182695,0.018169999,0.8808085788241095,0.17558679263916777,0.4515096831804737
42057,0.8961808906659313,1.251447677612305,0.259326124730419,0.01722,0.96036122983593,0.20202651120827264,0.3560692541856926
42059,0.7458638459452129,1.1667795181274414,-0.276991392082628,0.01908,0.9341470029834554,0.21461584633853537,0.4147679646422312
42061,0.8045140955277833,1.2297649383544922,-0.0487561378920952,0.02007,0.905353875994622,0.22111738857501573,0.4063406737729452
42063,0.9467024179132562,1.276884913444519,-0.0416900309512118,0.01932,0.9391523191269168,0.26997575635133086,0.4675761775346016
42065,0.7241253478082379,1.1464539766311646,0.623937242880001,0.01585,0.9715823564293208,0.25535676895516835,0.3825535594197329
42067,0.5177875243664717,1.251128911972046,0.922126955785278,0.019069999,0.9419671864847304,0.22613664392008548,0.34503295940788714
42069,0.6990201849495851,1.18562912940979,-0.525718356401722,0.01403,0.851950135768946,0.2362181416322141,0.5416828878656482
42071,0.7758794378547834,1.1421092748641968,-0.0826734512083353,0.017209999,0.8198407021085067,0.1724086403873799,0.4975259153838334
42073,0.7004739008613234,1.2707576751708984,0.00141322138817667,0.01574,0.9197942970470556,0.2401512912948407,0.4740975077081192
42075,0.8659619692404583,1.2554445266723633,-0.0890329474551303,0.015,0.8221056473602474,0.18632156954990853,0.4314923521254522
42077,0.751262833788063,1.09968364238739,-0.770205656556286,0.01141,0.6442232887369471,0.20987379821223515,0.5603095330887817
42079,0.603627114268895,1.1846463680267334,-0.729222236299163,0.01081,0.8153451928616176,0.23899796885578872,0.5084174046299028
42081,0.8790343741800053,1.22117018699646,0.206330322673794,0.018929999,0.9062888130849296,0.21922798820846545,0.5116628577106519
42083,0.7246201782565639,1.1899781227111816,0.43315235547615,0.018519999,0.9347600299509674,0.2657428429760693,0.4422671293461251
42085,0.8025610215391237,1.1806409358978271,0.222582368637826,0.021469999,0.9017916390179164,0.22180154901697,0.46861590026153416
42087,0.4862131558475235,1.1473064422607422,0.0826734512083353,0.017419999,0.9587907338577232,0.24742517074027712,0.3320081360946746
42089,0.526685393258427,1.1192744970321655,-1.23868854673685,0.01994,0.6606539230622739,0.19300152797154224,0.5451799474831379
42091,0.919797092336582,1.245526671409607,-0.0635949624679502,0.017689999,0.757781707963968,0.10125067470116812,0.7084344759788737
42093,1.6156416014020485,1.2152198553085327,0.0692478480206569,0.01599,0.9133577961553206,0.1960560811580987,0.5048835462058603
42095,0.7529498792968505,1.158001184463501,-0.754660221286343,0.01464,0.7665657229474685,0.15213400091283147,0.5640480277678217
42097,0.5912097732152004,1.287794589996338,-0.32292108719837,0.017270001,0.9248373492006408,0.2339106508808184,0.38261995475651867
42099,0.5048531040323107,1.1030707359313965,0.0791403977378936,0.01572,0.9532060886370052,0.18062585273535492,0.40044017851684294
42101,0.9233253645330336,1.0709607601165771,-0.779391595579435,0.0115,0.34478033025663757,0.34691003642990814,0.5208742255133667
42103,0.6356734531945972,1.1173187494277954,-1.22667616493735,0.01723,0.8042306097055164,0.1654876429831421,0.586488131466829
42105,0.7586576222777579,1.198082685470581,0.753953610592255,0.024329999,0.964952992978698,0.2595747251419597,0.4094845360824742
42107,0.6483311605478224,1.2368448972702026,-0.210569986838324,0.016960001,0.9099835989738844,0.22226824253361532,0.42686941376868454
42109,0.7410517995207865,1.2716048955917358,0.0162520459640317,0.0284,0.9508435639651212,0.1961180327868852,0.4101966873706004
42111,0.8606662094377429,1.243918538093567,0.549743120000725,0.021810001,0.942644665886688,0.22376610218555504,0.3844323037810353
42113,0.8964955175224124,1.2890806198120115,1.5990600007219,0.0374,0.9507742461287694,0.21822784810126583,0.4185810124008945
42115,0.6346106907493287,1.2984802722930908,-0.102458550642809,0.016489999,0.9626067854527705,0.21095565333465172,0.44867320734839006
42117,0.9769441187964047,1.2005467414855957,0.368144171620023,0.024040001,0.960824540836264,0.2380704623160398,0.45067426140067945
42119,0.9809137460929708,1.155556082725525,-0.00847932832906003,0.02816,0.8426769524062867,0.18132859561946535,0.47777088165158593
42121,0.7912308464240225,1.1936084032058716,0.531371241954429,0.02289,0.9580647651395268,0.2342061061159965,0.421759039949471
42123,0.993560720394406,1.288718819618225,0.303842598457984,0.026419999,0.9676778347922326,0.21636932225981753,0.4744468041378365
42125,0.7263092871069243,1.187738060951233,-0.136375863959049,0.01555,0.9218191996602514,0.1637518063226241,0.558054294997449
42127,0.8751118198436467,1.138048768043518,-0.310908705398868,0.02612,0.9049239625063202,0.2000083852168627,0.4669348883399964
42129,0.7288919141212172,1.132986068725586,-0.00847932832906003,0.01485,0.9378938710683796,0.16579708131852866,0.5744521539459891
42131,0.585501518644564,1.1458463668823242,-0.423966416453002,0.01749,0.9560141984118272,0.18051208567442212,0.45793293804947865
42133,0.7075286434078081,1.1215866804122925,-0.476962218509627,0.01456,0.8342015194191644,0.16865427536580946,0.5031350083449863
44001,0.8100237880403577,1.3440074920654297,-0.427499469923443,0.01712,0.914240013124436,0.1310612788632327,0.7150515584719943
44003,0.6209228102935882,1.303107976913452,-0.715090022417396,0.01263,0.8833214335841434,0.13556137378715538,0.6417912914153515
44005,0.9088054492095506,1.3558504581451416,0.0699544587147453,0.02393,0.8576708010772817,0.14272706578647854,0.7189682083299105
44007,0.6291910019394813,1.032215595245361,-0.219049315167384,0.01327,0.6079149082088977,0.2318273470926706,0.5478794989475138
44009,0.8765667142630493,1.273685336112976,-0.218342704473296,0.022120001,0.9091781691258132,0.13382809831996467,0.7208963507700846
45001,0.4263613107564867,1.0427249670028689,-0.130016367712254,0.01997,0.6885126081130467,0.3132026580850086,0.476223857927328
45003,0.4797951289653656,1.12181293964386,-0.638069456761767,0.0134,0.6619687345886239,0.26675005438329347,0.552137418158102
45005,0.387854609929078,0.9383041858673096,-0.840160115271031,0.01324,0.2208554964539007,0.4133031560417453,0.33942641033722026
45007,0.33448784231359563,1.0879195928573608,-0.455057286992888,0.01517,0.7735428952257856,0.2522296458224289,0.5407218540126677
45009,0.26085141903171954,1.0707991123199463,0.457883729769242,0.020129999,0.35969671675013914,0.347108050062949,0.4782065952356184
45011,0.21081233017895623,1.0472016334533691,0.380156553419525,0.01507,0.5038883163121897,0.3792789773543352,0.4442575853128723
45013,0.5803487466079154,1.1601431369781494,-0.584367044011054,0.01626,0.6792283511109917,0.18375214005633175,0.7050904029216308
45015,0.33132754227041905,1.0970590114593506,-1.29592401295801,0.00923,0.6354280984356689,0.2067538745912129,0.5991046133398622
45017,0.30689490554456794,1.0634981393814087,0.0996321078664554,0.02,0.5397940394189457,0.26418107338748875,0.5
45019,0.8045318011292112,1.1867637634277344,-0.408420981183058,0.016310001,0.6452905911532661,0.2098147092213883,0.689402608491771
45021,0.3427366200896388,0.9846708178520204,-0.0720742907970103,0.01063,0.7277968187011161,0.3247597613689136,0.45571687840290376
45023,0.45650088205255174,0.9840896129608154,0.301722766375719,0.01914,0.5866113707406146,0.3259764955266685,0.4279237231630884
45025,0.2774574021282615,0.9807906150817872,-0.479082050591892,0.01193,0.6029421365308032,0.32984166188859,0.35313107252554377
45027,0.397561622051418,1.0430843830108645,-0.154041131311257,0.0153,0.4772211915069058,0.346500538378711,0.4195383347073372
45029,0.392443794066782,1.007602334022522,-0.243074078766388,0.01284,0.5659970733005188,0.37409993750509474,0.41131036592360337
45031,0.4625001864920107,0.9885963201522828,-0.155454352699434,0.01505,0.5473913497545765,0.3224916553626679,0.47220235385915854
45033,0.3828733422398905,0.9553958773612976,-0.790697366684848,0.0080399998,0.45592883443579135,0.45114771449361646,0.36291990936853513
45035,0.39640174606283046,1.1512342691421509,-1.27967196699398,0.0084199999,0.6420571197543888,0.1897330595482546,0.6237571607295713
45037,0.6313365766702567,1.055359125137329,21.8088324623424,0.0095499996,0.566903108404204,0.29066295857020163,0.4622305815372102
45039,0.4985597163749169,1.2010817527770996,0.0833800619024237,0.018789999,0.3816973188566364,0.35302826379542396,0.4497048696507624
45041,0.4350965878317386,1.1647653579711914,-0.325747529974723,0.01309,0.5184545946921827,0.29435743402703285,0.521092580714133
45043,0.6658380681818182,1.073866844177246,0.616871135939117,0.02679,0.6413513688016529,0.2754629629629629,0.5838372851859909
45045,0.5931917562617973,1.0528427362442017,-0.392168935219027,0.0143,0.6834279087105993,0.1999244394070716,0.6426351392528491
45047,0.553890727301132,0.9939505457878112,0.214103040308766,0.01636,0.5968101575037992,0.3242873129932854,0.5466694683757092
45049,0.2811286035575547,1.1721075773239136,-0.0812602298201586,0.015760001,0.40891433244735226,0.3943174324027259,0.3846042014974195
45051,0.3853425333863179,1.040621638298035,-0.85358571845871,0.01405,0.772930891225028,0.2548020228071196,0.5714830517070004
45053,0.2966116481138989,0.8867173194885254,-0.763846160309491,0.01616,0.42792336950832255,0.339471520005721,0.4429137760158573
45055,0.4223491829463079,1.171056032180786,-0.175239452133907,0.01129,0.6877841258139821,0.24298531432895287,0.5131207643595157
45057,0.38999870000433334,1.0756504535675049,-0.320801255116104,0.01084,0.7015426615244615,0.2103680270896453,0.5597411846711015
45059,0.40017353319570353,1.03281569480896,-0.262152567506773,0.01565,0.678634473266912,0.3212093974708654,0.4709562497284616
45061,0.33112582781456956,0.9527745246887208,-0.395701988689468,0.01437,0.3243881370572992,0.3996475549122034,0.40047529296074735
45063,0.5580856971592749,1.2649424076080322,-0.541263791671665,0.0123,0.74852038390784,0.207409707708036,0.61451847265428
45065,0.8131360822578952,1.2108231782913208,0.113764321748222,0.03193,0.5083412023921939,0.28293035005413203,0.4950961660934913
45067,0.3753034368212597,0.9949616193771362,-0.423259805758913,0.01372,0.3857480516162003,0.38216249633943966,0.3691191422497458
45069,0.23361865958957873,1.0159292221069336,-1.55948980185296,0.0095100002,0.3908346727469816,0.408942476764632,0.34985346451747956
45071,0.45164161910247685,1.1287548542022705,0.0176652673522084,0.01518,0.5991255170969262,0.2942414593340169,0.4601497983483772
45073,0.5546383242183469,1.187492847442627,-0.0402768095630352,0.01815,0.8443788050768755,0.2634619648143559,0.5582261340555179
45075,0.41340221469545085,1.092054843902588,0.0699544587147453,0.01343,0.3328201443771597,0.3643141973997782,0.5470608108108108
45077,0.6470260987349733,1.1239373683929443,-0.146975024370374,0.01902,0.8569931225761717,0.2694918003397673,0.5625344000000001
45079,0.8781909630807304,1.0940325260162354,-0.225408811414179,0.02,0.4231482629443525,0.2564751402389246,0.6899728178797946
45081,0.39403043885140127,1.040263533592224,-0.184425391157056,0.01967,0.5827217652563661,0.3329994992488733,0.43037177063642096
45083,0.46486377540903134,1.1312499046325684,-0.342706186632843,0.01274,0.6833887593988629,0.24144144746519747,0.56393373186627
45085,0.45196099553190894,1.070396065711975,-0.43739201964068,0.01293,0.4516706164466967,0.30477123429756825,0.5465396517547737
45087,0.65478355765733,1.0764238834381104,0.529251409872164,0.0123,0.645943979628956,0.33354320210362576,0.4128731629883763
45089,0.5107904482186183,1.237728476524353,-0.181598948380702,0.01558,0.3123802834886988,0.3695308026541817,0.3850556293210018
45091,0.5312706866462057,1.0876848697662354,-0.469896111568743,0.01538,0.7048429319371727,0.17791044776119402,0.6569065037922008
46003,0.6333695258776691,1.2780673503875732,1.98486943969414,0.02493,0.8827361563517915,0.09709480122324154,0.5354374307862679
46005,0.7494821759511611,1.1904737949371338,0.767379213779933,0.02008,0.769213997601657,0.2560799555802332,0.5035501981505944
46007,0.21897810218978103,1.0462018251419067,0.0918593902314837,0.01692,0.33226277372262775,0.4662650602409638,0.4742978272390037
46009,0.5772838793476692,1.3174867630004885,1.72836975774007,0.02452,0.8683792755087314,0.2237620103473762,0.5042633353162801
46011,1.213837750354036,1.3102121353149414,0.243780689460476,0.027519999,0.902257160197682,0.2212651067112368,0.6982203710715638
46013,0.9122446357445716,1.2997547388076782,0.377330110643171,0.019379999,0.871232172684055,0.16665784599100286,0.6141278979306053
46015,1.2362114872575125,1.3443706035614014,1.66336157388394,0.024730001,0.8400532521871434,0.19972424660232424,0.5747062115277001
46017,0,1.1829195022583008,-1.59199389378102,0.020750331,0.13672260612043435,0.5364635364635365,0.38528557599225555
46019,0.58679706601467,1.2437424659729004,-0.11871059660684,0.02373,0.9119804400977995,0.2594512195121951,0.48854301772589714
46021,0.16835016835016836,1.390849232673645,1.99122893594093,0.034202766,0.9811447811447812,0.1275440976933514,0.5453728661275832
46023,0.6150390416087282,1.2110939025878906,1.21395717244376,0.02193,0.6255214461439726,0.3222308288148722,0.5043523676880223
46025,1.35685210312076,1.3419480323791504,1.21325056174967,0.017969999,0.9359565807327002,0.22747497219132373,0.4902912621359223
46027,1.1463781614960236,1.3482019901275637,0.0749007335733636,0.045079999,0.8729669699792219,0.2959287531806616,0.7415504098950093
46029,0.9098694069792336,1.241994023323059,0.261445956812684,0.01514,0.9276029401270248,0.22113885969045632,0.550469791611989
46031,0.3614457831325301,1.1506876945495603,-1.75239452133907,0.01175,0.2886746987951807,0.5826656955571741,0.5023861171366594
46033,0.5734602592040372,1.3783884048461914,1.13411016401178,0.03923,0.8982681500172038,0.20448079658605975,0.5865816548326329
46035,0.9813295757636756,1.2365636825561523,0.686118983959774,0.02015,0.905893009913945,0.22881400622264417,0.6103272512373495
46037,0.7746992344148742,1.2780660390853882,2.00606776051679,0.01991,0.8592781625956981,0.25501217912685026,0.5257362355953905
46039,0.8105604446503011,1.3453516960144043,1.91703481306166,0.020269999,0.9613246873552572,0.15815485996705103,0.5414731254147312
46041,0.5143151037202126,1.27517831325531,-0.110937878971869,0.01595,0.19835419166809531,0.46306867323992384,0.4943602964872704
46043,1.3656538067599864,1.346391201019287,2.15798905974578,0.02148,0.9436667804711506,0.126241134751773,0.5327102803738318
46045,0.5755947812739831,1.3059903383255005,0.817548573060205,0.032129999,0.9608595548733692,0.13389785657581366,0.5859345618653629
46047,1.2227656736327257,1.383892297744751,1.74815485717454,0.045929998,0.8463020601748925,0.27210156011012543,0.5932756964457253
46049,0.43252595155709345,1.1793354749679563,2.27387321357627,0.03971,0.9606401384083044,0.2079075966237228,0.5883762732174955
46051,1.0490977759127151,1.169556736946106,2.08591476894877,0.02562,0.9258637571688348,0.13779415934221717,0.5250251256281407
46053,1.254180602006689,1.1852657794952393,3.09142178663647,0.023979999,0.8772097467749642,0.2716079188797682,0.5376016260162602
46055,1.1149653121902874,1.27042555809021,3.96337938314148,0.02397,0.8919722497522299,0.2890348660939869,0.4963450292397661
46057,0.29045643153526973,1.252845048904419,0.539850570283489,0.022329999,0.935103734439834,0.1311783820762784,0.4929116684841875
46059,1.382063882063882,1.431515097618103,2.85188076134052,0.022700001,0.9643734643734644,0.1278596051394547,0.6089434458570802
46061,0.5148573109738158,1.1052623987197876,-0.0911527795373953,0.018139999,0.9952927331568108,0.1296023564064801,0.5491803278688525
46063,0.7656967840735069,1.258771300315857,2.30284425203389,0.0087756328,0.9211332312404288,0.141640866873065,0.5896017699115045
46065,1.3914129940935938,1.3181357383728027,2.8773187463277,0.037900001,0.8221830985915493,0.1772481959856892,0.6492592289432758
46067,0.6841817186644773,1.2173993587493896,2.24914183928317,0.02627,0.9469074986316366,0.17867271695972775,0.5450540648778535
46069,0.9476876421531464,1.1918697357177734,3.21578526879602,0.016140001,0.8794541319181198,0.12656250000000002,0.5609999999999999
46071,0.07598784194528875,1.0968154668807983,-0.708730526170601,0.0069300001,0.38966565349544074,0.5517241379310345,0.4891078838174274
46073,1.1149653121902874,1.2790229320526123,3.02005410653355,0.02012,0.9449950445986124,0.1124050632911392,0.5146276595744681
46075,0.31525851197982346,1.2053321599960327,2.75790153902678,0.032037038,0.9293820933165196,0.15889029003783106,0.5275080906148867
46077,0.8090614886731392,1.2882379293441772,2.62788517131452,0.02736,0.968042071197411,0.1392092257001647,0.5166714163579368
46079,1.2974758197688134,1.201618194580078,0.850759275682356,0.029279999,0.9322167177793504,0.1892320534223706,0.5911065386374028
46081,1.324672266268938,1.1693812608718872,0.610511639692322,0.02647,0.9085485516916556,0.2062197820208146,0.639211922772948
46083,0.8974765072326047,1.1986136436462402,-0.525718356401722,0.0084199999,0.9297856614929786,0.08289003149073959,0.7185540188963441
46085,0.3898128898128898,1.3505942821502686,-0.172413009357554,0.019200001,0.5556133056133056,0.32718165040864755,0.527542372881356
46087,0.6308579668348955,1.3077640533447266,0.503813424884984,0.02727,0.9338500360490268,0.16580022279985152,0.5366657511672618
46089,0,1.2743571996688845,2.53319933830668,0.01608,0.9503700478885504,0.22996357012750457,0.49134734239802225
46091,0.6133714986710285,1.234283208847046,2.03362557758623,0.027240001,0.8298916377019014,0.16959064327485385,0.6111619396157365
46093,0.7666774903488833,1.2629308700561523,-0.580833990540612,0.024320001,0.8757080492116751,0.1844746821325005,0.657088122605364
46095,0.3654970760233918,1.2827692031860352,-1.62237815362682,0.0096532702,0.3854775828460039,0.5701976685250887,0.4160125588697018
46097,0.11307100859339664,1.3740004301071167,1.64075003167312,0.02801,0.9507010402532792,0.15122176118026742,0.5106241699867198
46099,0.8824745327920116,1.152247190475464,-0.090446168843307,0.01256,0.8250739370554502,0.17458965835339324,0.6610222817405895
46101,0.7299830951283234,1.3359237909317017,0.128603146324077,0.020880001,0.7680958967266022,0.18691000629326615,0.5666590960708608
46103,0.831187604463116,1.1962262392044067,-0.197850994344734,0.018069999,0.7990332926774179,0.2218708851838801,0.6598354149026249
46105,0.17259233690024162,1.2043083906173706,2.83421549398832,0.034559999,0.9423541594753192,0.2053445850914205,0.5644141954302382
46107,1.7278617710583153,1.365206956863403,2.74730237861545,0.034759998,0.9153347732181424,0.1379775280898876,0.5645355850422196
46109,0.7047730144843005,1.146310329437256,0.154041131311257,0.01787,0.5648877223680373,0.34907719785671765,0.5414314054631467
46111,0.735603194619588,1.182936191558838,-0.239541025295946,0.00765,0.9403110550651534,0.15877796901893293,0.5322872661436331
46115,0.8098102730217492,1.3271565437316897,1.6661880166603,0.02544,0.937066173068024,0.16553574246488878,0.5394470667565745
46117,0.6629101756711966,1.2895371913909912,2.5021084677668,0.02299,0.8806761683791846,0.08319467554076543,0.6429232192414431
46119,0.3831417624521073,1.3980525732040403,2.03362557758623,0.019279245,0.9601532567049808,0.18441358024691357,0.619151251360174
46121,0.07356547327121138,1.3376773595809937,-2.34524089367919,0.0078699999,0.07935262383521334,0.6830188679245284,0.4812106439163112
46123,1.5115426896299011,1.136897325515747,2.51058779609586,0.017990001,0.808904360571638,0.3049445384470765,0.4979487179487179
46125,0.6626506024096386,1.2262331247329712,2.00324131774043,0.02438,0.9526506024096384,0.1909393081373877,0.5832614322691976
46127,0.7483081728266527,1.1390072107315063,0.287590552493953,0.01283,0.9210046850598648,0.14995406221288887,0.6315689981096408
46129,0.13743815283122596,1.3108829259872437,1.55030386282981,0.034979999,0.7905442550852116,0.151685393258427,0.5194060953373274
46135,0.8803979398688208,1.0655807256698608,0.499573760720454,0.017829999,0.8843597305982304,0.19833122392537383,0.554820415879017
46137,0.35829451809387314,1.2303800582885742,-2.41943501655846,0.0052331635,0.23539949838767463,0.5629949604031678,0.42857142857142855
47001,0.6080645797452046,1.2009968757629397,-0.20774354406197101,0.01921,0.8910874166787184,0.2610124476875201,0.5411406984243988
47003,0.3882630663463928,0.9741031527519226,-1.24010176812503,0.01382,0.7680361136420111,0.274364673320473,0.4063738802010176
47005,0.4491945477075589,1.1897861957550049,-0.775858542108993,0.01839,0.9273234200743494,0.3502125531382846,0.3592611421792916
47007,0.18535993529253167,1.073395848274231,-2.14809651002854,0.0118,0.8794823402534376,0.3269372151154242,0.35795866569978246
47009,0.5041292418050136,1.204222321510315,-0.823201458612911,0.01902,0.9094260623273068,0.20854609817988157,0.5451368353137266
47011,0.45626909001503563,1.1398805379867554,-0.661387609666683,0.02021,0.8548827884897257,0.26184291777344326,0.5319190292394413
47013,0.23242958011910445,1.071293592453003,-1.61177899321549,0.01327,0.9630876699248688,0.3455331634622809,0.3661957090528518
47015,0.2468613344618423,1.141157150268555,-1.35174625779099,0.019400001,0.9411764705882352,0.24619343770105084,0.38968340072985497
47017,0.19723158574194935,1.1113500595092771,-0.770205656556286,0.016349999,0.8456931793731621,0.3008715000927128,0.4193197137820181
47019,0.2658019244059327,1.1381456851959229,-0.879730314139978,0.02077,0.9478673825598496,0.3525441709039031,0.4492839953298864
47021,0.33597969189417887,1.1764376163482666,-1.3510396470969,0.01399,0.9254125083994924,0.18286348277774975,0.4984945627147462
47023,0.2763234438627109,1.0939300060272217,-1.22172989007873,0.01761,0.8546247818499128,0.26022841365461846,0.460463438824272
47025,0.14181268120509266,1.1445133686065674,-1.5813947333697,0.01463,0.9519097441068952,0.3367182621841007,0.421441774491682
47027,0.3266266004703423,1.1711633205413818,-2.19402620514428,0.01825,0.9440815259994774,0.4112038140643623,0.3412670007158196
47029,0.26018226822682267,1.056228518486023,-1.39414289943629,0.01117,0.932549504950495,0.3561518958493576,0.3322728330876077
47031,0.39395750692821824,1.148045301437378,-0.782924649049876,0.01322,0.8837689507145574,0.25785563606346873,0.4695293804839139
47033,0.41669560386137927,1.0695042610168457,-0.481201882674157,0.01055,0.7392874505173971,0.3217489581125945,0.4068193384223919
47035,0.5192853282896515,1.2117085456848145,-0.879730314139978,0.021570001,0.944271818427452,0.2742209923860922,0.48141884374026434
47037,0.8967429249674176,1.093152642250061,-0.146268413676286,0.01571,0.5620214461925154,0.23862459279720172,0.6698344302452557
47039,0.5990073592332705,1.1308677196502686,-0.973709536453727,0.024019999,0.9141708026698614,0.33088941258619187,0.43656760949994033
47041,0.2771199677533128,1.0978597402572632,-1.58351456545196,0.0146,0.8798810903411095,0.30193062151558947,0.3925637393767705
47043,0.3938876233864844,1.124251365661621,-1.18639935537432,0.01309,0.8947418375094913,0.2265140310777327,0.41863787466688646
47045,0.30067350865939707,1.1136670112609863,-0.640189288844032,0.0142,0.8000320718409236,0.30025695697337484,0.4502332510094476
47047,0.4917338910467085,1.1885422468185425,-0.766672603085844,0.018929999,0.6801862364306344,0.19714177311243197,0.5409452820599695
47049,0.3431614780651183,1.1713905334472656,-1.48317584689142,0.01415,0.9651896996650744,0.3729157278053177,0.3938416647469861
47051,0.3834631515877771,1.217890381813049,-0.697424755065188,0.020579999,0.8838106650689035,0.2370912220309811,0.4748546613434194
47053,0.4113512635085724,1.182753086090088,-0.0325040919280635,0.01342,0.7664540505403429,0.2892883926339471,0.46184690885151714
47055,0.4097660918558989,1.1540571451187134,-1.09524657583692,0.018850001,0.8412839337544818,0.2584875727128504,0.4266145757970385
47057,0.16233063503744427,1.302299737930298,-1.5813947333697,0.0086200004,0.9394831392580408,0.2984853114496486,0.35800168329926657
47059,0.35956068222099546,1.214144587516785,-0.975122757841904,0.01384,0.9304704070662754,0.3087979616306954,0.4321575721033062
47061,0.2060851318944844,1.1147208213806152,-0.983602086170964,0.02399,0.8689298561151079,0.3465406888143858,0.3366284013605442
47063,0.3352460550115387,1.0124069452285769,-0.570941440823376,0.012070000000000001,0.814710285037111,0.3128426436506033,0.4269670600027336
47065,0.6691252053784921,1.1119253635406494,-0.248020353625006,0.01712,0.7108880385903762,0.22253533190578156,0.6256765166972593
47067,0.22772126916654015,1.207497239112854,-2.66674875948938,0.01555,0.9672081372400182,0.4079382579933848,0.3495677841028884
47069,0.2554730181189325,1.1117852926254272,-0.385809438972231,0.01306,0.5421530479896238,0.37238259571888266,0.32868668020416003
47071,0.43748784755979,1.1326087713241575,-0.310202094704779,0.019330001,0.9179078358934474,0.3126757216964321,0.3941810344827586
47073,0.25613396689689283,1.30827796459198,-1.61884510015638,0.0099099996,0.9505396477716344,0.3146384416331225,0.41633699633699633
47075,0.3262781592237417,0.9811513423919678,0.175946062827996,0.018619999,0.4399931907166771,0.3339472775411535,0.34962282715644477
47077,0.28594917253458196,1.1738920211791992,-1.64922936000218,0.01342,0.8740036458519498,0.3099814686966317,0.4043909712581624
47079,0.49560153636476273,1.1411666870117188,-0.43739201964068,0.01811,0.8730330814025523,0.33259773013871374,0.4036355859709153
47081,0.3727884576633216,1.264109492301941,-1.89866293501536,0.01718,0.9039616330149518,0.2760869565217391,0.3423810341865659
47083,0.42871141597256246,1.1490689516067505,-0.982188864782787,0.01288,0.920014698677119,0.29358030956609993,0.3010079944386514
47085,0.5153241117439653,1.1966360807418823,-0.611924861080499,0.01418,0.924654190398698,0.23887991983521684,0.3648493213710605
47087,0.21400445129258688,1.2049071788787842,-2.34312106159692,0.016140001,0.953175826057182,0.3216220940395036,0.33590067823887804
47089,0.28409620149406656,1.15936541557312,-1.19205224092702,0.01462,0.9222973602339836,0.2539100399736096,0.4625203979575722
47091,0.732270602151749,1.1945925951004028,-0.644428953008562,0.022190001,0.9229426012504928,0.38242431983650527,0.3822439602786423
47093,0.7487464866928069,1.0543819665908811,-0.770912267250375,0.015699999,0.8226538915298934,0.2287552799336967,0.664402041729633
47095,0.0675584380489123,0.9243321418762208,-1.70999787969377,0.017720001,0.6668017835427645,0.4110362806865088,0.29780063852429944
47097,0.03847781753818923,1.016193985939026,-1.46339074745694,0.0086899996,0.6062949709492478,0.3715917943391327,0.31652771518702116
47099,0.3111315971421987,1.13477623462677,-1.14258949234084,0.015,0.9325190135976033,0.3042949662154263,0.39069671850380217
47101,0.3533715806102935,1.14000141620636,-1.12139117151819,0.01556,0.9331504115739586,0.31492322049715793,0.4184866013457679
47103,0.3389930432731989,1.1777822971343994,-1.01115990324041,0.01295,0.868293833274378,0.26704834986960824,0.42944269190325973
47105,0.6973633931983186,1.195775032043457,-0.578007547764259,0.01787,0.876939243408483,0.18772778988371872,0.5381682379671463
47107,0.381693777920193,1.154240608215332,-0.689652037430216,0.017440001,0.892126741183345,0.2986829088510853,0.4411952870928187
47109,0.328896455657019,1.1345058679580688,-0.732755289769605,0.017209999,0.8980807924469897,0.3425623252333504,0.37184492713775086
47111,0.3984565053267343,1.031965732574463,-2.15798905974578,0.01012,0.9186729301233116,0.30938566552901026,0.34624500998003993
47113,0.647887323943662,1.0685391426086426,-0.216929483085119,0.01395,0.5575416133162612,0.2804079590337588,0.5357400832987537
47115,0.28032798374097695,1.1350327730178833,-1.82305559074791,0.0121,0.9171630808045412,0.2601043256094532,0.4286416355415765
47117,0.2881844380403458,1.1210193634033203,-1.25070092853635,0.01196,0.8485666616107993,0.25,0.4402252827033925
47119,0.7366052013568757,1.1216270923614502,-0.358958232596875,0.01295,0.7929024963033835,0.18445456450065612,0.5443824200015724
47121,0.4337409120951751,1.1420098543167114,-1.41322138817667,0.01143,0.9410112359550562,0.2527852802160703,0.3843097184377839
47123,0.3636245224036124,1.104190468788147,-1.38778340318949,0.01405,0.910472386245224,0.32774801894727523,0.4089290100712356
47125,0.3846538115695874,1.15617573261261,-1.74603502509228,0.0073500001,0.6333399940053951,0.2312317374690942,0.6445400466531603
47127,0.07839448102853559,1.1747101545333862,-1.47469651856236,0.01873,0.9258388209470052,0.21100333916361905,0.45947712418300657
47129,0.23207240659085632,1.1764458417892456,-1.68597311609477,0.0197,0.9205384079832908,0.36107664922595606,0.3179190751445087
47131,0.37872550633953567,1.179534077644348,-0.470602722262832,0.01998,0.8289478017454306,0.345998790566418,0.3874606382478733
47133,0.4078303425774878,1.1814385652542114,-1.62803103917953,0.015690001,0.9610295450425956,0.32980534719985277,0.3395009992908259
47135,0.5965837729213765,1.1845343112945557,-1.44925853357518,0.01857,0.9186134137151468,0.35900397895007063,0.363669000179501
47137,0.19688915140775745,1.2195167541503906,-1.01115990324041,0.01549,0.9940933254577672,0.3180727708916433,0.36136831275720166
47139,0.19329130486499344,1.2416912317276,-0.973002925759638,0.01987,0.9479600333055788,0.28143567357827093,0.4296875
47141,0.800547471173835,1.2005459070205688,-0.842986558047385,0.019130001,0.8842305060234741,0.3021831232965432,0.5002594292556376
47143,0.1604572266878572,1.220899224281311,-1.21678361522011,0.01485,0.9052843913322536,0.3086626091892404,0.4397811044276605
47145,0.24964672633066415,1.3519142866134644,-0.755366831980431,0.015729999,0.92736693358455,0.23297998545788523,0.5264919272430002
47147,0.4446499715424018,1.060531497001648,-0.913647627456218,0.01548,0.832612407512806,0.1992462746910015,0.490846394984326
47149,0.4250906385067207,1.1159226894378662,-1.271899249359,0.01049,0.7076357994395454,0.18077030934215232,0.6396738883818954
47151,0.27311211252219036,1.1819192171096802,-2.1565758383576,0.01128,0.9714142655560108,0.34735958201156936,0.3548559588262816
47153,0.23623110151187904,1.069770336151123,-1.53829148103031,0.01609,0.9352726781857452,0.28523351648351647,0.4246715736513556
47155,0.3889026249639428,1.1307634115219116,-1.11715150735366,0.01682999899999999,0.8998537108006758,0.25637913898624265,0.4776376888684426
47157,0.7035116310363166,1.1213229894638062,-0.126483314241812,0.01158,0.35759109073938405,0.2919112754722569,0.6088971451238244
47159,0.3292806484295846,1.1509578227996826,-1.63297731403814,0.01426,0.9259878419452888,0.27981109799291615,0.38734771759870834
47161,0.316526402025769,1.254012942314148,-1.09807301861327,0.020300001,0.9178520890742534,0.22105581149460007,0.42359305107666706
47163,0.49984081502706146,1.2239677906036377,-0.0141322138817667,0.019069999,0.9340146450175104,0.2671989018602332,0.5245811422282011
47165,0.5437834242819061,1.1801960468292236,-1.13057711054134,0.01743,0.8412315944983837,0.16466295138716625,0.5882381024372002
47167,0.3295522971015672,1.0844275951385498,-1.26271331033586,0.01289,0.7568961869578661,0.2107654435210733,0.5018251727830234
47169,0.3420975466718796,1.1759719848632812,-1.81386965172476,0.016100001,0.8415599648128238,0.19345462374851977,0.4605336297943302
47171,0.30879793386109705,1.114500641822815,-0.248726964319094,0.017379999,0.9313907136039526,0.3219910334521209,0.4554891710231515
47173,0.1026272577996716,1.0935267210006714,-1.9990016535759,0.0096699996,0.9623871100164204,0.31267576294136024,0.3231403166341358
47175,0.3472222222222222,1.227731704711914,-2.47384404000326,0.01456,0.9571180555555556,0.34292310424436157,0.28217706143424437
47177,0.27025698982850965,1.1921396255493164,-1.07970114056698,0.01327,0.8524642523708909,0.3488447527321723,0.3615632843313015
47179,0.6807245412933767,1.2024954557418823,-0.501693592802719,0.015799999,0.886264230663902,0.25619397764799656,0.5983064000730393
47181,0.1946923860300725,1.2242028713226318,-1.78843166673758,0.01661,0.8970227041274785,0.2930881247008956,0.33568132135049794
47183,0.6266786034019696,1.1094303131103516,-0.392168935219027,0.020020001,0.8677409728439271,0.33387263784623344,0.4620789130839382
47185,0.251865671641791,1.1205213069915771,-1.671840902213,0.01273,0.9348134328358207,0.3137195353427986,0.37509313464608834
47187,0.9217397477250444,1.1109987497329712,0.140615528123579,0.02128,0.84583542231431,0.07947904789053595,0.8207659981550445
47189,0.4426850862687135,1.2266391515731812,-0.793523809461201,0.01332,0.8496919497168279,0.14062569435186423,0.6259401299669757
48001,0.39353053104999136,1.0498439073562622,-0.852879107764622,0.01543,0.5893271060370178,0.28506358798592946,0.42452404154683526
48003,0.23563983144821468,0.8614729642868042,-1.64428308514356,0.01073,0.40175205145265025,0.18140235399118643,0.37308411214953274
48005,0.4065413068871533,1.0100067853927612,-0.80270974848435,0.01405,0.6050250795904812,0.30546764289088335,0.5036577913574858
48007,0.6847355081350667,1.1639952659606934,-0.968763261595109,0.02668,0.6739432589322214,0.3442044038221853,0.5324421076183019
48009,0,1.29733407497406,-0.279817834858981,0.027279999,0.8834327673244607,0.19382444778535912,0.5489652924881864
48011,0,1.348070740699768,0.920007123703014,0.033229999,0.8935631018753167,0.15000000000000002,0.6442857142857142
48013,0.32304958811177514,0.8861898183822632,-1.58422117614605,0.0090300003,0.3328824099499273,0.24823423127463864,0.38363399191880626
48015,0.4535680688079559,1.0779703855514526,0.01271899249359,0.021400001,0.6220602069614299,0.20365535248041777,0.5480602915740054
48017,0.176056338028169,0.9755399823188782,-0.698837976453364,0.01564,0.3547887323943662,0.16476345840130502,0.4181307097680956
48019,0.6864731037587216,1.2386305332183838,-0.0445164737275652,0.033690002,0.7782579338284943,0.2297027002454769,0.5699242782773308
48021,0.5235323347767445,1.0104665756225586,-0.905168299127158,0.017969999,0.5232720475142566,0.21964192256666792,0.5154286537284413
48023,0.5591277606933184,1.2177447080612185,1.0118665139345,0.025180001,0.8660889013139502,0.1993643455648656,0.505130228887135
48025,0.4293029959216215,0.8079383969306946,-1.44007259455203,0.0109,0.3138204900187053,0.3064879658697577,0.4122404470898268
48027,0.360038327586108,1.090057134628296,-1.52415926714854,0.0123,0.4577076890416382,0.24617379102476245,0.6502820077628959
48029,0.4202846823835813,0.9424909353256226,-1.67890700915389,0.0099999998,0.2767431892886423,0.2622485427828939,0.5881461695584835
48031,3.4631468897020388,1.1683403253555298,0.674813212854361,0.060249999,0.7699076494162747,0.18837106080781185,0.5976878612716763
48035,0.6558810668998688,1.149769902229309,0.405594538406705,0.02173,0.7782575426322693,0.26271660145332587,0.5227376773996643
48037,0.4658734323626744,1.1133395433425903,-0.50946631043769,0.01503,0.637893181112313,0.2763770364623739,0.5396059954464963
48039,0.4699495670641599,1.004361629486084,-1.34679998293237,0.01276,0.4720899863312604,0.14820075349992967,0.6241291418861512
48041,0.6043115781165211,1.126081943511963,-1.11785811804775,0.015830001,0.5579443988501263,0.334425802216473,0.6797915313841405
48043,1.2999675008124796,1.0594102144241333,1.05779620905024,0.036910001,0.5028707615642942,0.2440191387559809,0.6431718061674009
48045,0,1.0630130767822266,1.28249840977033,0.047466237,0.579958819492107,0.3651016117729502,0.4961832061068702
48047,0.2800728189329226,0.8331099152565002,-2.20886502972014,0.01147,0.0669374037249685,0.5183325726456717,0.441067457375834
48049,0.5745608241975961,1.1208562850952148,-0.0657147945502153,0.016140001,0.7162858274996698,0.2417810493690502,0.5092457607611448
48051,0.5814597408350869,1.059592366218567,-0.0727809014910986,0.020129999,0.6472477572267139,0.20522199088402449,0.44129298051022026
48053,0.6554910810229959,1.1049882173538208,-0.262859178200861,0.03064,0.7359982806791318,0.19133086473535177,0.575512455188896
48055,0.4449031890660593,0.9024765491485596,-1.20618445480879,0.018999999,0.39668754745634016,0.3012563820202222,0.40375105315213006
48057,0.5422743215802105,0.9945867657661438,-0.752540389204078,0.016039999,0.4228816688203803,0.2674347805723385,0.462865090403338
48059,0.3608545034642032,1.1338651180267334,-0.262152567506773,0.020950001,0.8599884526558892,0.22149266797986433,0.5244435410102652
48061,0.20039557374794267,0.8635600209236145,-2.41166229892349,0.0078499997,0.0895732641474532,0.4412869594328005,0.41529977203801255
48063,0.601801521975462,0.9369282722473145,-0.608391807610057,0.01591,0.5577729461096443,0.2753804135778385,0.5188210227272727
48065,0.08320852055250458,1.2202999591827393,0.805536191260703,0.01681,0.8572141787319022,0.15664477008590194,0.6136474016512871
48067,0.2910941814431618,1.1143641471862793,-0.189371666015674,0.0153,0.7630992381649423,0.31027133094255366,0.4264279948720384
48069,0.1303271210738955,0.8941433429718018,-0.81542874097794,0.01189,0.3195621008731917,0.23535620052770445,0.4194378888650504
48071,0.21183876044062463,1.0755507946014404,-1.42735360205844,0.01011,0.6696767945769277,0.18392935551544132,0.6158440862273615
48073,0.4221190375685944,0.9720196723937988,-0.948271551466547,0.01389,0.6068536781917956,0.32646316178432866,0.48491626688642314
48075,0.4825589411278092,0.9795182943344116,0.56034228041205,0.01667,0.584585688680546,0.2861624259323806,0.4712244109694863
48077,0.43256752859752,1.313091278076172,-0.205623711979706,0.02778,0.8977218110160531,0.18045697617890133,0.5359883567081238
48079,0,0.9355977177619934,0.0678346266324803,0.016279999,0.3605819189470038,0.4051120448179272,0.3694843168527379
48081,0.37844383893430217,1.1600682735443115,0.395701988689468,0.029039999,0.7620345140781108,0.2410967538606996,0.49640287769784175
48083,0.5699544036477082,1.141111135482788,0.5815406012347,0.020230001,0.7682985361171106,0.2300315610585093,0.4984545306653652
48085,0.6476025614567901,1.0811573266983032,-1.22102327938464,0.01268,0.5696120134253684,0.1147645241752977,0.7881903974132421
48087,1.3472549680026946,1.0743838548660278,1.52981215270125,0.02083,0.6008757157292017,0.2954545454545454,0.4791454730417091
48089,0.9187712024123632,1.0399526357650757,0.418313530900295,0.020500001,0.5593196381454957,0.23331890123634969,0.4874459478309387
48091,0.8030810070459327,1.181168794631958,-0.54338362375393,0.01448,0.6750963697208455,0.14724935220251145,0.6760452114730189
48093,0.33261881883361666,1.049690842628479,-0.527838188483987,0.01448,0.6945820090176658,0.19903206291591047,0.4958729495350538
48095,0.3061849357011635,1.110317349433899,-0.827441122777442,0.013142718,0.5284751990202082,0.24555808656036449,0.37090632140137086
48097,0.4370520216777803,1.110837459564209,-0.730635457687339,0.01994,0.7533777877675383,0.20688332608862417,0.5458649398704903
48099,0.3486981934112646,1.1541959047317505,-1.97003061511828,0.01362,0.5867826780021254,0.24840922237831584,0.5987315807099799
48101,0,1.2281359434127808,0.980069032700522,0.040715389,0.5176613885505481,0.4320685434516523,0.492970946579194
48103,0.15618492294877134,0.8749275803565979,-1.65417563486079,0.01124,0.31132861307788423,0.2047395388556789,0.4672639558924879
48107,0.1285126799177519,1.0720418691635132,-0.463536615321948,0.02674,0.3939342015078821,0.3775616533518583,0.4013877768881772
48109,0.11291779584462512,0.9028466939926147,-0.90446168843307,0.02747,0.25383920505871727,0.46376811594202894,0.31298245614035086
48111,0.6845564074479737,0.9525763392448424,0.638776067455856,0.01162,0.49644030668127054,0.2089906463772162,0.4234094435823542
48113,0.6406154818732671,0.857684314250946,-1.05638298766206,0.01254,0.2913400294913283,0.27011089726675874,0.5672846323950445
48115,0.11706860220088972,0.9221609830856324,-0.77303209933264,0.01374,0.3328650589245298,0.40657534246575344,0.37629886194952994
48117,0.2134927412467976,0.8827769756317139,-1.33832065460331,0.0086500002,0.24690435525192145,0.29147933481393207,0.3727611601054641
48119,0.2381405982091827,1.185023307800293,-0.498867150026365,0.01942,0.8075823966469804,0.2564152035500675,0.5575908964751596
48121,0.43234647202880233,1.089727759361267,-1.36517186097867,0.0095100002,0.5924873654089242,0.12770357299966972,0.7467012782033178
48123,0.7620452310717798,0.953100860118866,-0.264979010283126,0.02919,0.5478367748279253,0.28627344387061704,0.41654501216545015
48125,0.22696323195642307,1.081272006034851,2.62011245367955,0.037488196,0.6699954607353609,0.3437349975996159,0.4862721171446004
48127,0.09580379383023568,0.8494448661804199,-2.03786524175076,0.01131,0.10950373634795936,0.48789463490218865,0.3017934446505875
48129,0.4488330341113106,1.265736103057861,1.31641572308657,0.026799999,0.8084979054458408,0.26064005278785884,0.5464904284412033
48131,0.17749378771742988,0.8435097336769104,-2.04351812730347,0.0047300002,0.09345047923322684,0.3664882126420588,0.3789117564138709
48133,0.3830788595195097,1.0649850368499756,-0.0890329474551303,0.02275,0.7931921414108247,0.32043209519958404,0.5282338806567881
48135,0.28957709289508593,0.8991527557373047,-1.83153491907697,0.00648,0.3229251645607458,0.21440265988262264,0.45629846992244816
48137,0.3910323253388947,1.1461646556854248,1.40050239568308,0.04225,0.43274244004171014,0.33473242392444913,0.4941979522184301
48139,0.487708031213314,1.056255340576172,-0.966643429512843,0.01481,0.608297078931013,0.15201987508091752,0.5849181560270993
48141,0.2727070480418916,0.9053083658218384,-2.39046397810084,0.0088999998,0.11973872751063916,0.3349189681719843,0.5475620740972821
48143,0.5078750507875051,1.1033213138580322,-0.590726540257849,0.02189,0.7456083745608375,0.2807021956188225,0.6194032930301654
48145,0.4487031032885595,1.1347897052764893,-0.440218462417033,0.017960001,0.512447892542844,0.3618692070030895,0.38463428618232454
48147,0.5284187972319542,1.1833127737045288,-0.572354662211552,0.01956,0.7878796652865043,0.2233587737910504,0.5023274974253347
48149,0.875064635456028,0.9837887287139891,1.98486943969414,0.03029,0.7122628375959588,0.22429566062176165,0.4699184321453988
48151,0,1.201169490814209,0.770912267250375,0.01922,0.6177385892116183,0.24659685863874348,0.5140082181546507
48153,1.163191452696881,1.0349152088165283,0.903048467044893,0.02201,0.3680854730311908,0.2790132036136206,0.4649867374005305
48155,0.5882352941176471,1.18170428276062,3.21366543671375,0.045566134,0.7207843137254902,0.2679580306698951,0.4983991462113127
48157,0.5389381155326538,1.0342392921447754,-1.44643209079882,0.01155,0.33089232473732483,0.1312770653994879,0.727490815179586
48159,0.16330720418066444,1.0903973579406738,-0.257912903342243,0.022919999,0.7866741321388577,0.15452746631489678,0.6339689943750857
48161,0.4565283554834128,1.0353842973709106,-0.136375863959049,0.01812,0.6660241452774678,0.30358923230309076,0.4942867409270572
48163,0.22646067133007905,1.0912587642669678,-2.22087741151964,0.01086,0.1626994112022545,0.3246127145336505,0.32002570487589366
48165,0.2535496957403651,0.8479182124137878,-1.13976304956449,0.0073899999,0.555056505360765,0.235082779045492,0.31990458521070764
48167,0.500172732324977,1.1321959495544434,-1.14046966025857,0.01503,0.5736155128648032,0.20134396823013545,0.641241760654577
48169,0.4118616144975288,0.8648350238800049,-0.788577534602583,0.016519999,0.3965403624382208,0.2972908745247148,0.3297848746950543
48171,1.1716240220718848,1.209821105003357,1.03165161336897,0.03576,0.7470047998790582,0.16869871942335712,0.5905727738397062
48173,0,1.0858794450759888,-0.226822032802356,0.026536714,0.562251655629139,0.3072847682119205,0.5073280721533259
48175,0.29742233972240584,1.0146456956863403,0.144148581594021,0.02909,0.5826834104428288,0.21371075932385297,0.5651928504233301
48177,0.7717910375765762,1.0676666498184204,-0.686118983959774,0.019610001,0.4165259755921084,0.27711196986743625,0.3264055023923445
48179,0.4462293618920125,1.094127178192139,-0.0579420769152436,0.015,0.6331548415885765,0.31397090803653405,0.47458429092875487
48181,0.4560581311920863,1.0392144918441772,-0.79847008431982,0.01702,0.7541255133039217,0.22930288742547633,0.5864501590968283
48183,0.5083317806598997,1.127042293548584,-0.204917101285617,0.01533,0.5750670349878081,0.31280319723844396,0.5591260445246238
48185,0.4377501429388222,1.1110674142837524,-1.22031666869056,0.01633,0.5850128644939966,0.30410509031198685,0.45783383717293863
48187,0.45449970433929265,1.046177864074707,-1.42311393789391,0.01049,0.5036045443679781,0.16244217609053024,0.5824632257941027
48189,0.3325844025305978,0.9078038930892944,-0.960283933266048,0.01422,0.3382900727251227,0.27132791671956324,0.4186458532848113
48191,0.4101049868766404,0.9337588548660278,0.771618877944463,0.02905078,0.5561023622047244,0.4346809221516873,0.4966346153846154
48193,0.8701392222755641,1.3105716705322266,1.33054793696834,0.025319999,0.8404944791166586,0.2791301124428518,0.4821880803646801
48195,0.5887681159420289,1.1478378772735596,0.428206080617532,0.01233,0.5161231884057971,0.35133149678604225,0.4112066409724281
48197,0.5069708491761724,1.2560162544250488,0.330693804833341,0.028820001,0.7168567807351077,0.26301020408163267,0.4618444846292948
48199,0.1981855016295252,1.3079605102539062,-0.92989967342025,0.01087,0.8648991456002819,0.1942106014125704,0.4978317659352142
48201,0.556424763753516,0.9100621938705444,-1.48529567897368,0.0099400003,0.2958929374622038,0.262630809120289,0.5801646245205312
48203,0.3792430159206969,1.0898500680923462,-0.610511639692322,0.01781,0.635866626614599,0.27638747806815034,0.5130238599849594
48205,0,1.0794620513916016,-0.448697790746093,NA,0.5997530428647028,0.10970873786407764,0.45026913175754746
48207,0.3056234718826406,1.234921097755432,0.0749007335733636,0.01843,0.6465246245197346,0.3798935765868491,0.35229540918163676
48209,0.612796790491456,1.0473237037658691,-1.40262222776535,0.01292,0.5377004771144418,0.21007528236971573,0.6673653584445244
48211,0.6885327991987982,1.046109914779663,1.27331247074718,0.023949999,0.6306960440660991,0.14855987872662957,0.5057660626029654
48213,0.40088812137658814,1.1504162549972534,-1.11291184318913,0.01435,0.7817688417417047,0.2947659440779139,0.49095927744099505
48215,0.1458764043892719,0.8387274742126465,-2.50140185707271,0.0056500002,0.06138151678718766,0.4481436771406592,0.4223719901514835
48217,0.5043570848160498,1.1133661270141602,-0.792110588073025,0.017580001,0.7059878393902883,0.2344959002194249,0.4864222813843948
48219,0.466094346167187,1.153680443763733,-0.97653597923008,0.0142,0.469302809573361,0.28965144555525535,0.4947192884936076
48221,0.72447614801605,1.148941993713379,-0.618284357327294,0.0187,0.8422270996947769,0.17630308712713127,0.5941288328975517
48223,0.3974127062434907,1.1258783340454102,-0.848639443600091,0.016620001,0.7328290303129967,0.2607555381954132,0.4926317508266318
48225,0.3267404373965322,1.0493388175964355,-0.35683840051461,0.02176,0.6182800383375446,0.38860785107244034,0.45028537098227694
48227,0.24759965886269225,0.9258023500442504,-1.15954814899896,0.01368,0.4865058185919833,0.2760259863729996,0.4630027135393463
48229,0,0.9425771236419678,-1.81528287311294,0.018998913,0.17349943374858437,0.4379139072847682,0.24931880108991825
48231,0.35842484229306937,1.2852352857589722,-0.826027901389265,0.016209999,0.7162443448524882,0.2684563023922607,0.5052032991816483
48233,0.4450899550224888,1.086916208267212,-0.0120123817995017,0.01495,0.7036169415292354,0.24787535410764872,0.51513200257566
48235,0.46296296296296297,1.1766579151153564,1.50649399979633,0.024603065,0.6987654320987654,0.1820987654320988,0.5553416746871992
48237,0.4236330772706733,1.095677375793457,-0.0678346266324803,0.029990001,0.7715770447356529,0.2692657569850553,0.420375865479723
48239,0.3543466522678186,1.037128210067749,-0.627470296350442,0.01657,0.5848407127429806,0.21201876638609085,0.5130805110525248
48241,0.4365459358981581,1.116016507148743,-0.409834202571235,0.01485,0.7452261589590492,0.31170716131092335,0.4029453365504618
48243,0.33467202141900937,1.134230136871338,2.92254183074936,0.065539166,0.5836680053547524,0.22002756086357375,0.5871613663133097
48245,0.4934339860029881,1.190529227256775,-0.696011533677011,0.01104,0.4058700951482268,0.2826229701403329,0.5229125501378421
48247,0.14337602752819728,0.8866842985153198,-2.5805422548106,0.0087700002,0.08086407952590327,0.41472416472416473,0.36911425749094506
48249,0.23796739236551792,1.0759856700897217,-1.85414646128779,0.0093200002,0.1795616518598067,0.3236784222623137,0.38268482490272376
48251,0.41564002583546633,1.2330809831619265,-1.17085392010437,0.00966,0.7199244073391862,0.1954920681372011,0.4981485555066726
48253,0.31339317053602767,1.0682103633880615,-0.729222236299163,0.017379999,0.5414932557789701,0.258135340704148,0.39775662814411966
48255,0.45030556449018977,1.071237325668335,-0.763846160309491,0.01503,0.35844322933419104,0.2638352638352638,0.3884784438417656
48257,0.31905269619721494,1.0925461053848269,-1.30440334128707,0.0125,0.6368695680268812,0.1897966873638166,0.5340115071321557
48259,0.953871461536704,0.9326367974281312,-0.0176652673522084,0.025459999,0.7234343942059448,0.12211885587336846,0.7216315613507188
48263,0,1.422352313995361,2.07743544061971,NA,0.8377125193199382,0.151414309484193,0.5317796610169492
48265,0.7812047913893871,1.0675837993621826,0.42043336298256,0.029239999,0.6872094593291284,0.23980729415512023,0.6141941659797379
48267,0.3430139492339355,1.2124606370925903,1.02317228503991,0.029759999,0.7566887720100618,0.34665127020785225,0.522090852520224
48273,0.3389939949635178,1.0795358419418335,-1.25564720339497,0.0138,0.20194356557112417,0.3702723146747352,0.5177210033172321
48275,0,1.19211745262146,1.03235822406306,0.020609999,0.5821862348178137,0.32875945113413607,0.4762301918265221
48277,0.5543125516518514,1.131129264831543,-0.194317940874292,0.017550001,0.7441897966176856,0.2940647298153789,0.5122261316933265
48279,0.17145469785872133,1.105299472808838,-0.919300513008925,0.01802,0.3930503695801265,0.3701062097837041,0.42466082362828667
48281,0.4314063848144953,1.1570870876312256,-0.565288555270669,0.01991,0.7258652094717668,0.2053870419801019,0.6155102040816326
48283,0.4045307443365696,0.8551890850067139,-1.85273323989962,0.01262,0.13241639697950378,0.2569659442724458,0.24995222625644944
48285,0.3246591079366665,1.0534117221832275,0.551156341388902,0.01723,0.7350781679236801,0.19651079504758007,0.4475402699172834
48287,0.5569234376831985,1.0380877256393433,-0.228941864884621,0.021360001,0.633368507445187,0.2270426608821403,0.48481711525189786
48289,0.40638606676342526,1.0502699613571167,0.50098698210863,0.022849999,0.7612772133526851,0.3128612294938409,0.4178293925975436
48291,0.36438794771928984,0.9775984883308412,-1.40898172401214,0.01271,0.6329956273446273,0.27678736010533245,0.3951054105852867
48293,0.4590681983174617,1.0182045698165894,-0.875490649975448,0.02159,0.5865396933851476,0.3334219386850966,0.4789827788408123
48295,0.14714537963507943,1.2277023792266846,1.58280795475787,0.02084,0.6250735726898176,0.21566265060240963,0.49574944071588367
48297,0.3913007661257105,1.0769139528274536,-0.818255183754293,0.01125,0.5605074553093335,0.27435536802625415,0.42815959409594095
48299,0.7364469995723856,1.2008522748947144,0.644428953008562,0.02619,0.8643512139497316,0.23928829045443611,0.5933139362270649
48303,0.48227080654051074,1.0206871032714844,-1.03447805614532,0.01373,0.5347267788247028,0.29567498426769545,0.6056916890676027
48305,0.2144082332761578,1.129426121711731,0.191491498097939,0.01599,0.4929674099485421,0.3719480519480519,0.4594168636721828
48307,0.713665135906665,1.0329481363296509,1.22172989007873,0.0176,0.6050639195730421,0.2838750796685787,0.4921252875597239
48309,0.5625495342288989,1.057883381843567,-0.720036297276014,0.01592,0.5592797772901242,0.30980702597854737,0.5789100366473579
48311,0.6459948320413437,1.091397047042847,1.42240732719982,0.021424251,0.4909560723514212,0.16149870801033597,0.6008064516129032
48313,0.3345777276889484,0.9840388894081116,-0.835920451106501,0.018650001,0.5500457843206311,0.2240970448741335,0.42314795813667144
48315,0.8485574523310372,1.1006498336791992,-0.784337870438053,0.028899999,0.7084955575521613,0.3121340601655562,0.4414830452566301
48317,0.17702248185519562,1.0220192670822144,-0.633123181903149,0.0083699999,0.539387502212781,0.1966362497763464,0.4441433303221921
48319,0.5972288580984233,1.2282137870788574,2.11771225018274,0.02675,0.7417582417582418,0.22102490421455936,0.6101990918616835
48321,0.5574590743460053,0.9755608439445496,-0.0233181529049151,0.0144,0.4363136998966662,0.3147740408432873,0.4897103974773878
48323,0.09024650187368928,0.8171007037162781,-2.87519891424544,0.0038099999,0.02495960394678035,0.4253777685779342,0.3686662606577344
48325,0.35459576083265076,1.003331422805786,-1.32489505141563,0.016480001,0.4356633437880816,0.19462903768506057,0.5217753450737744
48327,0,1.1357178688049316,2.08944782241921,0.023600001,0.5483718735252477,0.2565091610414658,0.4186046511627907
48329,0.5322090540950365,0.9652504324913024,-0.869837764422742,0.0104,0.4540724398960557,0.15345250064721216,0.5884551732009359
48331,0.4844570044408559,1.023430585861206,0.250846796401359,0.017899999,0.6236172789664918,0.2811816643974089,0.43318745878544457
48333,0.0511352014726938,1.189141869544983,0.964523597430579,0.01946,0.7821640417263244,0.2439439014024649,0.5102097902097902
48335,0.5866478939340608,0.8836860656738281,-1.12139117151819,0.02193,0.4789393406077672,0.2200949367088607,0.3841047721564407
48337,0.5772487043973523,1.1249072551727295,0.0558222448329785,0.02674,0.8579198522243316,0.27132633338557177,0.4808538732394366
48339,0.5240851894137414,1.1398639678955078,-1.28108518838215,0.01141,0.6602389373877741,0.16858596749823662,0.6491962482658139
48341,0.1518762558998084,0.9094823002815248,-0.95957732257196,0.01167,0.3245946072246367,0.22484395687535463,0.4113071371291099
48343,0.2828739998383577,1.1196472644805908,-0.229648475578709,0.018580001,0.643982865917724,0.29254709254709255,0.4717441860465117
48345,0.7987220447284346,1.3135206699371338,7.15584649903258,NA,0.744408945686901,0.2124600638977636,0.5625
48347,0.5280154272333523,1.0273728370666504,-0.544090234448019,0.01843,0.5951728676594377,0.36045188284518825,0.5434060531979912
48349,0.4745382181855291,0.9616959691047668,-0.875490649975448,0.01547,0.5604857638534544,0.2989113465581482,0.49402490145779887
48351,0.1976426620669829,1.0775384902954102,-0.827441122777442,0.01677,0.7347276124766422,0.34250163719711857,0.40488798370672097
48353,0.2683843263553409,1.1022567749023438,-0.605565364833704,0.016589999,0.5552871712292002,0.290638035970731,0.4713127697652384
48355,0.37271117995242575,1.0809897184371948,-1.67113429151891,0.01126,0.2947474691597057,0.27121858969277635,0.5356087620988284
48357,0.2220906129700918,0.9224950671195984,0.174532841439819,0.01493,0.43105320304017375,0.31608335826104295,0.4139351013012683
48359,0.11938872970391597,1.2627168893814087,1.56655590879384,0.01542,0.771251193887297,0.17914919113241456,0.5312747426761679
48361,0.3360334962947103,1.1627614498138428,-0.970176482983285,0.01169,0.8065636560444397,0.2204496361639736,0.5068668839843958
48363,0.40294323756131745,0.995852530002594,-0.606271975527792,0.020810001,0.7504905395935529,0.3017085212943559,0.5004370404648054
48365,0.4715565653534531,1.1859370470046997,-0.411247423959412,0.016249999,0.7318129206498907,0.27766802756925235,0.5143256464011181
48367,0.4951012995942038,1.1554713249206543,-0.889622863857215,0.01514,0.8346697954577725,0.1519371148321369,0.5978593783064363
48369,0.48878370034986623,0.9827653169631958,-0.431739134087973,0.01863,0.3410166700967277,0.2914030903245878,0.3970612790115211
48371,0.1738855516914322,0.936747670173645,-1.31782894447475,0.01107,0.25184950995889976,0.23610081541882877,0.33184749620637327
48373,0.3731114427657269,1.0711232423782349,-1.39626273151855,0.01514,0.7088504078670292,0.28164661737115104,0.42173740128401793
48375,0.5347861690927018,0.857130229473114,-1.03942433100394,0.018959999,0.44071393953573873,0.35854314391956055,0.44952056422854425
48377,0.07168458781362007,0.831122875213623,-1.8357745832415,0.023709999,0.12960573476702508,0.5578192252510761,0.37519836771707094
48379,0.3612102668706442,1.287564992904663,-1.04013094169803,0.02234,0.8533061363250043,0.2135572885422915,0.4482482253263109
48381,0.4551355707101607,1.07784104347229,-1.14117627095266,0.0077999998,0.7165251518362109,0.15158998749961894,0.6949654938341441
48383,0.2655337227827934,1.0759319067001345,-0.263565788894949,0.01215,0.2976633032395114,0.20825515947467169,0.4032183908045977
48385,0.7335680751173709,1.056100845336914,2.16152211321622,0.042920001,0.7309272300469484,0.3973384030418251,0.5285777580859548
48387,0.45189384602744226,1.2252511978149414,-0.358958232596875,0.01458,0.7338756059485663,0.33369537973097163,0.45017374733774246
48389,0.09682416731216112,0.9988133907318116,-1.9686173937301,0.00942,0.22276013426284533,0.253700414446418,0.37047619047619046
48391,0.31490552834149754,1.1267577409744265,-0.366024339537758,0.018829999,0.4163750874737579,0.25240350121968713,0.41810255345650826
48393,0,1.3816478252410889,1.53475842755987,NA,0.8385093167701864,0.19595448798988624,0.6232142857142857
48395,0.23543260741612712,1.0997048616409302,0.0784337870438053,0.018209999,0.5719835197174808,0.24556177767186935,0.48978360203465815
48397,0.5711345510676614,1.093282699584961,-0.669866937995743,0.01121,0.7082788783123232,0.09152176843240324,0.7397796623603076
48399,0.5108494696895981,1.119030237197876,0.0537024127507135,0.026249999,0.6146735428627031,0.26690821256038644,0.43953554233928066
48401,0.274393079713515,1.005790114402771,-0.688238816042039,0.017790001,0.6374662822063064,0.23708038189097624,0.4886409901473821
48403,0.3820074491452584,1.2956703901290894,-0.179479116298437,0.0147,0.8553146786362334,0.3479566143714894,0.49117053481331985
48405,0.42239922761284093,1.0867369174957275,-0.614044693162764,0.017550001,0.6909244508810041,0.35343112879164595,0.4229002624671916
48407,0.0887154009936125,1.1220757961273191,-1.73896891815139,0.01204,0.746735273243435,0.2965405986735974,0.3649576504786247
48409,0.39920606494746896,1.0972338914871216,-1.52203943506628,0.0096300002,0.3839093839541547,0.27651692698489494,0.4715378872713699
48411,1.1266900350525788,1.1290252208709717,1.24151498951321,0.022709999,0.642129861458855,0.2829691032403918,0.39885904444972664
48413,0.08380824673147838,1.1404966115951538,-0.134962642570872,0.01091,0.461280590010057,0.2098558498156219,0.5477642276422764
48415,0.4094525035095929,1.061601638793945,-0.842279947353296,0.0163,0.527608797379504,0.2799098561675615,0.4435867516380935
48417,0.758495145631068,1.1515692472457886,1.21395717244376,0.046020001,0.8543689320388349,0.21651376146788992,0.6458240285841893
48419,0.3451812694780859,1.0653034448623655,-0.40771437048897,0.01086,0.6158428340368456,0.34311656246266575,0.4138589467200493
48421,0.08172605426610004,0.9901416897773744,1.0542631555798,0.0065299999,0.5344883949002942,0.2025148908007942,0.483140655105973
48423,0.5704575531217987,1.07978618144989,-0.189371666015674,0.019509999,0.5972767521510317,0.25878894820709963,0.6233690360272639
48425,0.25395033860045146,1.1430224180221558,-0.214809651002854,0.028860001,0.791196388261851,0.2791371912327496,0.5109652633263966
48427,0.07022691095227691,0.9267526268959044,-2.95221947990107,0.0041399999,0.00692905521395798,0.5310553619577729,0.2696575554119729
48429,0.4538658692866296,0.9519622921943665,-0.38651604966632,0.01501,0.7109141392567279,0.2848484848484848,0.49896644935601847
48431,0,1.1752642393112185,0.882556756916332,0.01729,0.4695369618196588,0.21440536013400335,0.3741935483870968
48433,0.33875338753387535,1.374096155166626,2.1565758383576,0.0204711,0.7588075880758808,0.2440225035161744,0.46862348178137647
48435,0.0653765690376569,1.0267338752746582,0.92142034509119,0.028750001,0.3410041841004184,0.18807459942211713,0.409375
48437,0.370021528525296,1.035177230834961,-0.177359284216172,0.016489999,0.46178686759956944,0.3880288957688338,0.433559457302474
48439,0.447001370885514,0.8782519698143005,-1.15954814899896,0.0132,0.4672114432350946,0.21143026866958048,0.6214867139721707
48441,0.68678307883393,1.0696028470993042,-0.753953610592255,0.01585,0.6344779717980565,0.2578878848215653,0.5835628247802869
48443,0,1.2390025854110718,0.76455277100358,NA,0.3939732142857143,0.3024553571428571,0.596816976127321
48445,0.1995530012771392,1.1300947666168213,-0.905874909821247,0.01362,0.39487547892720304,0.36260967769959174,0.36733416770963706
48447,0.17409470752089137,1.273809790611267,2.40600941337078,0.028431563,0.8481894150417827,0.2520949720670391,0.5091743119266054
48449,0.4059436274509804,0.9602163434028624,-1.1934654623152,0.0141,0.45174632352941174,0.3216711640457802,0.43287781350482313
48451,0.5487939247029309,1.0157248973846436,-0.805536191260703,0.01489,0.5327072703541098,0.22771817711215436,0.5604583162435004
48453,0.928020345531686,1.0182710886001587,-0.633123181903149,0.01303,0.4896409779875367,0.1898145798193811,0.7284260346606882
48455,0.10259917920656636,1.1347486972808838,-0.594259593728291,0.01627,0.7836525307797537,0.3050038064917987,0.4718156925691625
48457,0.2904545032066177,1.0828955173492432,-0.552569562777079,0.01853,0.7902221396040524,0.24925705794947992,0.3901825879862398
48459,0.3047442586181676,1.0432683229446411,-1.35527931126143,0.01825,0.8038178360719684,0.2591326745424375,0.5141771516650536
48461,0.20497403662202787,1.0465948581695557,-1.0542631555798,0.01425,0.3913637605903253,0.21553884711779447,0.3436213991769547
48463,0.4921991084695394,1.095089077949524,-0.87478403928136,0.0125,0.26158989598811294,0.334040136312003,0.46469534050179206
48465,0.3063162408870918,1.0542397499084473,-2.07531560853744,0.01064,0.1525250668790459,0.3733608651226158,0.43783472306962246
48467,0.39017839319093334,1.1569766998291016,-0.856412161235063,0.019850001,0.8371050578008457,0.2447489091043562,0.5035384776682743
48469,0.5075508365089187,1.0215388536453247,-0.918593902314837,0.01265,0.446720733044545,0.25869339633055877,0.5294430060412931
48471,0.3975332199499454,1.0663256645202637,-1.29945706642845,0.02066,0.56399939160133294,0.3205424172468325,0.4617035431465545
48473,0.22669393424911252,0.9160940647125244,-1.75380774272725,0.01746,0.42873128569223645,0.2664077997720846,0.49968509447165854
48475,0.4717790358552067,1.1195645332336426,-0.947564940772458,0.00697,0.3999828443986962,0.2437673130193906,0.4238024155244945
48477,1.0664619059807183,1.229427456855774,0.504520035579072,0.024730001,0.6401046554617069,0.23949822312668956,0.557007833787466
48479,0.1727440901413394,1.0366884469985962,-2.64908349213717,0.00422,0.03530560166126803,0.4139812812842461,0.42257011445639814
48481,0.426918729105034,0.8800405263900757,-0.146268413676286,0.01331,0.4445727204945042,0.3154517954722873,0.507336050389033
48483,0.4683402023229674,1.13015878200531,1.3270148834979,0.029039999,0.6847133757961783,0.2860663507109005,0.5019315673289183
48485,0.5927231830754734,0.990846872329712,-0.977242589924169,0.016249999,0.6527478038846165,0.2735452549234887,0.548759801188598
48487,0.7013169173225279,1.0216854810714722,-0.681879319795244,0.019850001,0.5813138003584508,0.3549449666586326,0.43168473351400183
48489,0.04632203075782842,0.9230712056159972,-2.30991035897477,0.00825,0.1124235686492496,0.4842909987669544,0.30076714801444043
48491,0.44603399536891625,1.108206272125244,-1.27896535629989,0.0097099999,0.5937867510098538,0.1161573614073379,0.7272355680267788
48493,0.3965590873040083,1.1859971284866333,-1.21961005799647,0.01307,0.5703333129969699,0.16357973764540878,0.5147796651151544
48495,0.5084530316512013,1.032719969749451,-1.23939515743094,0.00361,0.35121393161306724,0.2411484485644393,0.3892020815264527
48497,0.39975863629506714,1.2243618965148926,-0.87478403928136,0.021570001,0.7675064112234122,0.19272001228689903,0.5052191127508324
48499,0.5465897308749944,1.1652904748916626,-0.160400627558052,0.02241,0.8245954109002389,0.23291003063682503,0.5135797110435916
48501,0.20275750202757503,1.0149354934692385,-1.05708959835615,0.0104,0.3175761788900475,0.2232649750897926,0.3732813461933101
48503,0.790086493679308,1.047095775604248,0.0141322138817667,0.02249,0.7791084497671324,0.24403048264182892,0.4929848472701034
48505,0.03495525727069351,0.8979664444923401,-2.17212127362754,0.0043600001,0.04600111856823266,0.4597498056399746,0.3111166376523253
48507,0.1868925990530775,0.9387807250022888,-2.80100479136616,0.0071100001,0.05075172356508015,0.5651368421052632,0.34188636684054696
49001,0.076722418290624525,1.260997653007507,-1.33196115835651,0.01284,0.8433328218505447,0.1992242048099302,0.5633324627840167
49003,0.3522040559077596,1.2505558729171753,-1.62096493223864,0.01005,0.8699440180921663,0.18658848574256315,0.6203770507230464
49005,0.47316071356662504,1.2268264293670654,-1.7990308271489,0.01098,0.8363709579994363,0.2561905782820578,0.7290410084569969
49007,0.578589718337601,1.0924153327941897,-1.21961005799647,0.018209999,0.8550817411857397,0.2503382271884552,0.6444733221219997
49009,0.8156606851549756,1.363808035850525,-1.5446509772771,0.064902425,0.9738988580750408,0.04835589941972917,0.5398009950248756
49011,0.2754745247522175,1.2769476175308228,-1.7142375438583,0.0087099997,0.8383448969971108,0.11253838489193956,0.7448431494110355
49013,0.27297994838197337,1.2026394605636597,-1.00974668185223,0.01281,0.8517967043875323,0.21822602705030136,0.5205025893539349
49015,0.27181970940001976,1.1538771390914917,-1.70646482622333,0.021469999,0.9105466047247208,0.22434557579376924,0.6356147021546261
49017,0.2000800320128051,1.375777244567871,-1.18851918745658,0.040750001,0.8875550220088035,0.2357113057989153,0.5648389904264578
49019,1.270746887966805,1.3009389638900757,-0.366730950231846,0.024390001,0.8237551867219917,0.17776136723283045,0.6485313268702069
49021,0.4832757307714838,1.2571913003921509,-1.47045685439783,0.01418,0.858492960771679,0.30188381185577184,0.6935320604558624
49023,0.08848774444739403,1.2596046924591064,-2.1869600982034,0.0076000001,0.9156711795416336,0.20766056691783277,0.5251458300488727
49025,0.9019241047568144,1.2761201858520508,-0.241660857378211,0.026149999,0.9122127204703367,0.2056429734129137,0.7068544600938967
49027,0.3306363777812354,1.14924156665802,-1.30581656267525,0.0079899998,0.830014003423059,0.2434536447275301,0.5748601931875952
49029,0.38580246913580246,1.3653143644332886,-1.14894898858763,0.01505,0.9495884773662552,0.0931511557961674,0.7856922126081582
49031,0,1.2350294589996338,-0.557515837635697,0.033233091,0.9673097534833868,0.2632441288913162,0.5046153846153846
49033,0.2092925910422771,1.3006125688552856,-0.379449942725436,0.050730001,0.8928421933863542,0.19630872483221473,0.6360520904729265
49035,0.5768996670918435,0.993404746055603,-1.09383335444874,0.01011,0.7105172161327258,0.16164242789804084,0.6819134674320386
49037,0.11436413540713632,1.1329740285873413,-2.06118339465568,0.02029,0.438178015945628,0.352068224550094,0.5270300088261253
49039,0.17587939698492464,1.208387017250061,-1.30157689851071,0.01376,0.8595309882747069,0.2608308274863571,0.6132043448744059
49041,0.3759398496240602,1.2776638269424438,-1.21254395105558,0.01336,0.9170112781954888,0.25077814490255235,0.5789314363553807
49043,1.0522346300756635,1.1457040309906006,-0.280524445553069,0.02118,0.8431501350266404,0.09559776099337602,0.7889059529033202
49045,0.3041678412985741,1.1496028900146484,-1.90360920987398,0.00728,0.8313426413638589,0.15899293497784683,0.6198406211687781
49047,0.2217049107637734,1.1205403804779053,-1.82234898005382,0.01222,0.8162897683183683,0.2491101207993498,0.5080838036927198
49049,0.3166856595484649,1.1318422555923462,-1.83930763671194,0.0041999999,0.8232522419858297,0.1857244203942656,0.7821184091895682
49051,0.4572978428156932,1.2303974628448486,-1.81174981964249,0.01348,0.8355935410621925,0.09984731853171323,0.7278277804094953
49053,0.48247703710851514,1.2085542678833008,-1.3390272652974,0.0101,0.8430803746434193,0.2093504875009163,0.6952131393009218
49055,0.3718854592785422,1.2498290538787842,-0.627470296350442,0.04651,0.9074005206396428,0.2044511505092418,0.6375914462577378
49057,0.4542779664251803,1.0945724248886108,-1.59128728308693,0.0074999998,0.7605388512035881,0.1721518274256697,0.6106038897205749
50001,1.003199392657665,1.2975724935531616,0.432445744782062,0.03616,0.9254649964752454,0.13290840415486305,0.643705743509048
50003,0.6644100039165222,1.2850130796432495,1.02741194920444,0.028589999,0.9411682426005707,0.21506534330704077,0.620992740827938
50005,0.7772706224780049,1.26201069355011,0.457883729769242,0.02751,0.9484024608057154,0.2200603939331549,0.5601688624976805
50007,1.0052506670929504,1.3549232482910156,0.0501693592802719,0.022639999,0.8851186011337506,0.18210820846735176,0.7537456242707118
50009,0.3225806451612903,1.2207083702087402,-0.643015731620386,0.020540001,0.953548387096774,0.2424438338451592,0.4084090428903444
50011,0.4784591579118821,1.1810173988342283,-0.931312894808427,0.01639,0.9387775877514456,0.1611298412959461,0.5272759062827836
50013,0.60524067217317,1.295993447303772,0.189371666015674,0.034200002,0.9280831671888352,0.13241616509028376,0.6588882564978182
50015,0.8097006082628959,1.2707006931304932,0.209156765450147,0.02558,0.945216841772652,0.2136848916208347,0.6725350132178413
50017,0.7437387574373876,1.1778618097305298,0.48402832545051,0.028929999,0.95568700705687,0.18232843829426715,0.5564668174962293
50019,0.4553734061930783,1.2073171138763428,-0.0586486876093319,0.020540001,0.9507081521133044,0.23148965570183855,0.48854034910194793
50021,0.7810908102968145,1.1471344232559204,0.163933681028494,0.02338,0.9529647490321266,0.17541604296909397,0.581639344262295
50023,1.36675235646958,1.1635346412658691,1.81952253727747,0.041099999,0.9418508997429306,0.1896923762817655,0.6674011976047904
50025,0.9924573243350536,1.1302452087402344,1.25352737131271,0.038040001,0.930878266352194,0.23184425432626876,0.6286621400729284
50027,0.9181365897783808,1.2445824146270752,0.782924649049876,0.03334,0.9464676616915424,0.17528751495077743,0.6434797264759703
51001,0.4208367765433232,1.1182501316070557,-0.317268201645663,0.025210001,0.6002815780613963,0.3108120649651972,0.44727102565193344
51003,1.766677528979098,1.302375555038452,-0.362491286067316,0.00856,0.7695731111214562,0.14144556449602663,0.7630557878717249
51005,1.2040641287853795,1.186059832572937,-0.0402768095630352,0.01326,0.914626905060368,0.2741065407956844,0.4565372283576772
51007,0.791322473558249,1.129682540893555,0.198557605038822,0.01857,0.7359685015054428,0.1709042842702745,0.4307874609501239
51009,0.3933910306845004,1.1836055517196655,0.0409834202571235,0.018030001,0.7469079464988199,0.22710847260760147,0.4965453505258989
51011,0.5411599923600943,1.236667275428772,0.604152143445527,0.020780001,0.7673012032851595,0.22151817716333844,0.5201547597624617
51013,1.338536134050646,1.352829933166504,0.338466522468313,0.01405,0.6149256416406812,0.1071575903112203,0.8654114083212412
51015,0.3030141584197978,1.2621175050735474,-0.328573972751076,0.0092000002,0.9073376043900424,0.15747530838031454,0.48620007621259687
51017,0.7545855583933132,1.3057963848114014,1.12916388915316,0.033849999,0.8918040399349896,0.3351453557078705,0.4742693773824651
51019,0.5071705624170665,1.2413215637207031,-0.370264003702288,0.0219,0.8771307543125446,0.15625241169963733,0.5979432361397752
51021,1.2523481527864746,1.2383520603179932,-0.618284357327294,0.02234,0.9386349405134627,0.1826642335766423,0.4614762386248736
51023,0.6748043067510422,1.3289287090301514,0.325747529974723,0.02036,0.9288306391146568,0.12972858097030782,0.6045202349869452
51025,0.43886198547215494,1.1047004461288452,-0.311615316092956,0.018309999,0.40744552058111383,0.30428935447338623,0.4216172287687932
51027,0.2753809436387002,1.022802710533142,-0.954631047713342,0.015690001,0.9485037635395632,0.4047641917202959,0.35011917130110615
51029,0.45430564511401605,0.9876510500907898,-0.524305135013545,0.02471,0.611876428864529,0.28419493807215934,0.3705223291778444
51031,0.24445450430058852,1.176178812980652,-0.272045117224009,0.032140002,0.7956722498868266,0.24,0.5499949804236522
51033,0.3867548796945459,1.1698293685913086,-0.42467302714709,0.01211,0.6321714229288042,0.14675755737178342,0.4735473105614449
51035,0.3020032884802523,1.1392688751220703,-0.687532205347951,0.01311,0.945035401496594,0.24060532195815565,0.4482370930023385
51036,0.677216994582264,1.1330682039260864,0.081966840514247,0.034949999,0.4234388366124893,0.202176403207331,0.4139952372229346
51037,0.5398671096345515,1.1227184534072876,0.397821820771733,0.017829999,0.6787375415282392,0.3500550800779595,0.4278612853592141
51041,0.5479535789446108,1.2262998819351196,-0.493920875167747,0.0099600004,0.6178675072987708,0.12571923529047824,0.6877001783210125
51043,0.7106704569091035,1.3663227558135986,1.01045329254632,0.03562,0.8612632600707204,0.13311230248306993,0.594709403359722
51045,0.4892367906066536,1.2804038524627686,-1.00480040699361,0.0261,0.9863013698630136,0.12583431488025132,0.5331213566507684
51047,0.6164262930275337,1.2487298250198364,-0.408420981183058,0.01754,0.7025889904307157,0.15903331103136464,0.5491760321434811
51049,0.3308224755700326,1.0984989404678345,-0.983602086170964,0.03427,0.6334486970684039,0.24997435634424048,0.4536242083040112
51051,0.20330712930333425,1.0846326351165771,-1.72271687218736,0.01963,0.9759419896991054,0.3901345291479821,0.3886635944700461
51053,0.210637177461822,1.1442196369171145,-1.02882517059262,0.024870001,0.6185360716166404,0.1894222477723484,0.4714891956489927
51057,0.22731405710129116,1.1840373277664185,0.624643853574089,0.018890001,0.5484633569739953,0.3005219302261698,0.4460230876569834
51059,0.9961932588741051,1.2332364320755005,-0.447284569357917,0.01277,0.5074066510626934,0.10409293886574422,0.7968440929619607
51061,0.8927547039926572,1.1577448844909668,0.378743332031348,0.02571,0.799520995869665,0.09390632433289604,0.6592814495828913
51063,0.6526999490575649,1.3662025928497314,0.366730950231846,0.032280002,0.9322465613856342,0.20595962832425507,0.5134693174972028
51065,0.911859818004061,1.1949009895324707,-0.633829792597237,0.01595,0.7817176806798526,0.10276711452335252,0.6696396162820845
51067,0.47608877498353713,1.2383049726486206,-0.384396217584055,0.02062,0.8719988609464823,0.24073903851456935,0.5321150360099947
51069,0.5323149916102529,1.2086793184280396,-0.777978374191258,0.01132,0.8343921772840364,0.1146215238072783,0.5680416862140608
51071,0.506797042690198,1.3936514854431152,-0.379449942725436,0.0175,0.9492606725494872,0.2011841469308845,0.5021069156407502
51073,0.4768685186180216,1.2788865566253662,-0.40347470632444,0.01785,0.8485841706517651,0.13600194868463789,0.5718088055894421
51075,1.935272250164006,1.1675821542739868,0.950391383548812,0.03607,0.7774327574896129,0.11148991062379066,0.6754642064696952
51077,0.22233515436412143,1.333570957183838,-0.827441122777442,0.044130001,0.8967729640452293,0.32240288454996935,0.4402133155570369
51079,0.4354731287463497,1.0424360036849976,-0.681879319795244,0.01049,0.8263743019621906,0.19874045013421435,0.5748339483394834
51081,1.084598698481562,1.153386473655701,-0.39499537799538,0.0052100001,0.3637310195227766,0.2628578360019408,0.3650938032973281
51083,0.42689279925908774,1.132750153541565,0.137082474653137,0.01785,0.5972736744616809,0.24974117786257288,0.4549660082867372
51085,0.7390772904289491,1.2132511138916016,0.407007759794882,0.01901,0.8382084008452012,0.08840748849815283,0.6764021250958484
51087,0.79686140412475,1.054806113243103,0.117297375218664,0.01495,0.530828766391378,0.14869663863473823,0.7051030119314077
51089,0.1949013799017697,1.1045212745666504,-0.338466522468313,0.0070000002,0.698351134326031,0.3210855042099854,0.45827495968914383
51091,0.794010889292196,1.447921872138977,3.82912335126469,0.070120603,0.9931941923774956,0.19687930243230845,0.49813134009610255
51093,0.5801730963496874,1.112759709358215,0.198557605038822,0.01678,0.7067190870123133,0.16289767249690124,0.5995054213429712
51095,0.5272571947247584,1.0746145248413086,0.096805665090102,0.0096800001,0.7558732447007315,0.11603897244631832,0.7731432141413399
51097,0.14200511218403863,1.1936794519424438,-0.226115422108268,0.03365,0.6616018176654359,0.19698478168112643,0.5101493680582153
51099,0.5051660375919783,1.3704793453216553,-0.218342704473296,0.01558,0.7342254756185901,0.11514146943180947,0.6671658123596154
51101,0.5992329817833174,1.1348598003387451,0.0247313742930918,0.01394,0.7676773729626079,0.14641782059000608,0.5778492567156394
51103,0.3263707571801567,1.2571302652359009,2.96705830447692,0.049120001,0.6748414770607982,0.21690379722981248,0.5969145110776013
51105,0.3236178386504092,1.185532808303833,-1.44643209079882,0.01405,0.928971104058794,0.3824055843923394,0.4227714523743405
51107,0.7054568829814696,1.1468244791030884,-0.671986770078007,0.0131,0.5610957295499754,0.06730703171715358,0.8150720042902886
51109,0.5341287458379578,1.2494592666625977,-0.189371666015674,0.01763,0.7804106548279689,0.21534667339274705,0.5252479023646072
51111,0.2849698746132552,1.1353565454483032,-0.0522891913625369,0.02073,0.5940400586223742,0.28671266808209483,0.3743321460373998
51113,0.9681093394077448,1.2712886333465576,7.0661069408833e-4,0.031860001,0.8464692482915718,0.20140064645220868,0.49786034860661726
51115,0.3698224852071006,1.3336470127105713,1.23444888257232,0.049419999,0.8570778334091943,0.1774175002874554,0.597051597051597
51117,0.5939208539442853,1.176064133644104,0.0869131153728653,0.01887,0.6000715959385576,0.2937820685930327,0.5016285211267605
51119,0.3747072599531616,1.2801520824432373,1.07546147640245,0.040130001,0.7754566744730679,0.18557300756253636,0.5442599450483814
51121,0.8864886896270634,1.262197494506836,-0.432445744782062,0.02946,0.8326676176890156,0.2883484647097254,0.6984132656707884
51125,0.7754028723619446,1.2632513046264648,0.486854768226864,0.03449,0.8108016991436855,0.19192812904103995,0.5054548733207105
51127,0.8991976390297888,1.2988581657409668,0.0593552983034202,0.0175,0.7894955270681546,0.10927717700626072,0.5821389897445697
51131,0.6100126209507782,1.1436865329742432,0.848639443600091,0.02918,0.542280185107278,0.2714892878827305,0.4752987132352941
51133,0.8203445447087777,1.2079615592956543,4.29195335589255,0.031660002,0.6972108285479901,0.20744461829860827,0.583690112130479
51135,0.6965593209356573,1.0693644285202026,0.703077640617894,0.01712,0.5431866778980108,0.30165769957830446,0.420049032961046
51137,0.5901138572618717,1.077629566192627,-0.264272399589038,0.02437,0.7808108858650374,0.16220750049756905,0.539780602748406
51139,0.7356650411972423,1.2456111907958984,-0.544090234448019,0.01802,0.9406423406759712,0.25044608717817995,0.37140556705774097
51141,0.5070993914807302,1.218139886856079,-0.247313742930918,0.02513,0.8970588235294118,0.24894758087768876,0.4544917693954381
51143,0.2856863001175395,1.2576382160186768,-0.410540813265323,0.0069300001,0.7406131644247094,0.26357260657348947,0.4763536668951336
51145,0.5032101336109666,1.2468851804733276,-0.137082474653137,0.02084,0.8573312510845046,0.08382296833269742,0.59866691701089
51147,0.84042785418031,1.2411049604415894,-0.228235254190532,0.024879999,0.6144509932329186,0.2820879309359099,0.5182515337423313
51149,0.32796347798709136,1.230221390724182,-0.97229631506555,0.00459,0.5486697801332844,0.1507574643329902,0.5680592480060767
51153,0.5650997024422276,1.1181623935699463,-1.11715150735366,0.0085899998,0.4294562689766223,0.11979892352555256,0.6845475892775457
51155,0.3803171259727342,1.237067461013794,-0.211983208226501,0.025529999,0.9077584693698436,0.22018710892412363,0.5424504321301474
51157,1.1859582542694498,1.2494421005249023,0.33564007969196,0.075350001,0.8843860124695039,0.12266593975739404,0.607746863066012
51159,0.3939666816749212,1.1386561393737793,0.86206504678777,0.02963,0.6055830706888788,0.2896257567418822,0.4527513684817055
51161,0.6874646941581488,1.2618247270584106,-0.56882160874111,0.01047,0.8580731803502339,0.13084908753141733,0.6731811317402505
51163,1.5728843597696056,1.2391750812530518,-0.549743120000725,0.01028,0.9217988480283562,0.2496641891286827,0.5314796308271119
51165,0.6196751532061183,1.2148761749267578,-0.146268413676286,0.02038,0.8868143092023317,0.17080142930066355,0.48847750109218
51167,0.23949007037323605,1.2344343662261963,-1.08747385820195,0.01469,0.9670977487933384,0.32030377484922945,0.42252887355632224
51169,0.4565793078257694,1.1394177675247192,-1.24858109645409,0.01609,0.9662587891516756,0.28068084294841233,0.4334672510348186
51171,0.5783823801591709,1.3296746015548706,0.432445744782062,0.01998,0.876133629465112,0.21390261610886008,0.4908744387376037
51173,0.3494003315240355,1.2431899309158323,-0.633123181903149,0.01543,0.9412682419475412,0.30009011715229794,0.45619805324681095
51175,0.2796420581655481,1.1370176076889038,-0.0148388245758551,0.0113,0.6103467561521253,0.2158203125,0.5496102323469312
51177,0.6831886654671655,1.255261778831482,-1.04719704863891,0.0089499997,0.6809828882883019,0.12330500128782028,0.616810164390691
51179,0.6336315262343891,1.3029091358184814,-0.97653597923008,0.01143,0.6156513800222112,0.08273409054237024,0.7036189462480043
51181,1.0731258623332822,1.261210560798645,0.630296739126796,0.04933,0.5261382799325464,0.24447513812154695,0.48747980613893377
51183,0.7031730684714775,1.0115022659301758,0.379449942725436,0.024730001,0.3832293223169553,0.2504961411245865,0.37832042882668254
51185,0.48674374444150664,1.1583869457244873,-0.633123181903149,0.0184,0.9393793716799268,0.2774668998251312,0.45260601286595775
51187,0.6963435632533171,1.279917597770691,-0.264272399589038,0.01798,0.8676694013977514,0.15939549472483605,0.5102391574636144
51191,0.5178376578942502,1.1376347541809082,-0.299602934293455,0.02011,0.9533021397791792,0.236360848061956,0.5143165179019156
51193,0.6478508253056166,1.1449774503707886,0.427499469923443,0.024909999,0.6391752577319587,0.21841420653772192,0.5070123569100143
51195,0.3702645117705139,1.23577618598938,-0.985015307559141,0.01459,0.9146442862339552,0.3479478403530111,0.4626144455747711
51197,0.3986964360005547,1.3925604820251465,-0.537024127507135,0.019239999,0.9379767022604354,0.2436603416225317,0.48321133412042505
51199,0.4891000558971492,1.187238097190857,-0.694598312288834,0.02093,0.7071136477302815,0.0941963342090164,0.7572719910700606
51510,2.0905635956424913,1.2559738159179688,1.78419200257305,0.02564,0.5193226447057032,0.15617460530778637,0.8141535220803973
51520,0.6504257332071902,1.1607799530029297,0.595672815116467,0.021570001,0.8815042573320719,0.35420684667309543,0.5502317113538563
51530,0.809685379395435,1.2198855876922607,-0.32292108719837,NA,0.8812461443553362,0.42984372374390856,0.4079553723017221
51540,0.03184983862748428,1.3058569431304932,2.14880312072263,NA,0.6574019024970273,0.31958366331032917,0.7461127948346291
51550,0.5573334666766674,1.2890985012054443,-0.592846372340114,0.0122,0.5742639031260678,0.14076488427500244,0.6810521478868867
51570,0.7602708285517558,1.295624017715454,0.0982188864782787,NA,0.7232040394767042,0.21724979658258747,0.6009591532991566
51590,0.9495982468955442,1.0854475498199463,1.15813492761078,NA,0.4238860482103725,0.37097798207075194,0.5021550968917545
51600,0.04249713144362755,1.286676049232483,3.80509858766569,NA,0.5621520547363053,0.12308637101372988,0.805731298846297
51610,2.1057474518686297,1.1681581735610962,1.7629936817504,NA,0.7173697621744054,0.0483882445029532,0.916179540709812
51620,1.6263655333251503,1.2559866905212402,1.3566925326496,NA,0.3686019393641831,0.3234159093738329,0.57202360291565435
51630,1.6857661938369086,1.1970527172088623,0.814722130283851,0.041409999,0.5941583397386626,0.2339488201041986,0.6642339994207935
51640,1.6495319932484271,1.0606324672698977,1.18498613398614,NA,0.7908546877397575,0.42895956528687873,0.4528817837610433
51650,0.6442487837027273,1.1292169094085691,-0.572354662211552,0.01265,0.3816914862893492,0.22729229444683596,0.6238108391801558
51660,0.8916336605785294,1.0239064693450928,0.0918593902314837,0.02293,0.6613669213297543,0.3892583898452443,0.5828827494259684
51670,0.7793017456359103,1.0021004676818848,0.00211983208226501,NA,0.4646419665122907,0.3752754418311822,0.4463973063973064
51680,1.194628206878576,1.0832817554473877,0.45011101213427,0.01902,0.6234407774702428,0.30710739557178723,0.6346273706704657
51683,0.02428717151600524,1.036679983139038,-0.172413009357554,0.01811,0.40826735318404817,0.16254477230086983,0.5694807408249062
51685,1.01554221123278,0.9290407299995422,-1.78277878118487,NA,0.3309195808312728,0.15060598859315588,0.563023695828453
51690,1.8090569561157797,1.072291374206543,3.03559954180349,NA,0.4399315281668223,0.3490436607214914,0.5428864335345711
51700,0.6303117329815832,1.1348201036453247,-0.714383411723308,0.01385,0.42917411074563233,0.2533423243813768,0.6252243586991061
51710,0.7849518194937879,1.145082712173462,-0.48826798961504,0.017829999,0.4344258608918197,0.2821010961684388,0.6239612641497088
51720,0.6926952141057935,1.1604416370391846,0.329280583445165,NA,0.8858942065491184,0.3810375670840788,0.600291226792865
51730,1.1558574070531216,1.1558079719543457,0.847226222211915,NA,0.1506919201581532,0.3704413963466165,0.47087780640412213
51735,0.6617038875103392,1.2717537879943848,-0.375916889254995,0.01516,0.91439205955335,0.11012300531914898,0.6900709219858157
51740,0.586243519774546,1.2277966737747192,-0.347652461491461,0.0083499998,0.3766470025342545,0.2675632980824082,0.5818581983964785
51750,1.0033350291108474,1.160665512084961,0.00918593902314837,0.02035,0.8329093889548358,0.4471219114852023,0.6736585365853658
51760,1.171554394542454,1.106733798980713,0.240247635990034,0.02341,0.40796568735603783,0.3446013169889727,0.6359047118362797
51770,0.8591238448437453,1.1440092325210571,0.614751303856852,0.022430001,0.5850305858166464,0.318566634855155,0.5209616786495332
51775,1.2047240984318837,1.152047634124756,1.10019285069554,NA,0.8529051625390054,0.16670334022796285,0.6019990647650222
51790,1.412082514734774,1.2405723333358765,1.55383691630025,NA,0.810617223313687,0.1920280446637237,0.5992405350260712
51800,0.6493290266724385,1.11660897731781,-0.277698002776716,0.01105,0.49299057640438215,0.16837773155293123,0.6273699403004658
51810,0.6147254226445521,1.1811827421188354,-1.11432506457731,0.01297,0.6171088025126554,0.12944024426035938,0.7255218052556676
51820,0.7565492321589883,1.1317732334136963,0.671986770078007,NA,0.7513550135501355,0.2847915712322492,0.5268066788416385
51830,3.031419575266296,1.2281689643859863,0.339173133162401,NA,0.6772291820191599,0.2733131159969674,0.7600483936012905
51840,1.496576692834355,1.182771921157837,0.981482254088699,0.026079999,0.6603218984120156,0.2554788127683405,0.5949503668536902
53001,0.484842298662856,0.7982868552207947,0.235301361131416,0.01479,0.3381647443094825,0.3809745499689634,0.382525903108373
53003,0.44601043664421747,1.2248071432113647,-0.0431032523393885,0.01709,0.9037063467285136,0.25524996612925077,0.6337732823485875
53005,0.6936076711995869,1.1476622819900513,-0.168879955887112,0.01229,0.7041889853076682,0.20083421082224973,0.6570725226633323
53007,0.9084469165278306,1.1122958660125732,0.817548573060205,0.025490001,0.6797413058022538,0.20485394216296135,0.5627179378503863
53009,0.6134603140916808,1.2833195924758911,0.330693804833341,0.025180001,0.8277933998302207,0.24043701106015647,0.662139189564252
53011,0.5245619669858764,1.1754173040390017,-0.572354662211552,0.01287,0.7848883892725229,0.15989877501552296,0.684214967729837
53013,1.503006012024048,1.339851975440979,1.50720061049042,0.038520001,0.8539579158316634,0.25076064908722107,0.6942800788954636
53015,0.46357863979471425,1.1902143955230713,-0.193611330180204,0.01527,0.8363239618648036,0.2381889015583428,0.5867056304456145
53017,0.523522832734455,0.9753580093383788,-0.50946631043769,0.01111,0.6415772315160745,0.2249056423486694,0.5252419091798645
53019,0.3299023489047242,1.2777936458587646,-0.158987406169876,0.04504,0.7321192926893639,0.3203260724308432,0.5203745448239986
53021,0.37768044430436154,0.7241061329841614,-0.76455277100358,0.0075099999,0.4036561640709061,0.25671174695428634,0.4942251530852567
53023,0.4484304932735426,1.2785298824310305,1.17156053079846,0.0471,0.8946188340807175,0.1931097008159565,0.6654298082869512
53025,0.35601348662855226,1.0120303630828855,-0.329987194139253,0.01261,0.5397478586835878,0.2893951894396142,0.49509626488787767
53027,0.5324338064551588,1.0793380737304688,0.264272399589038,0.02011,0.7941164346858297,0.2509376751404716,0.5567422977690091
53029,0.7029420992928342,1.2830052375793457,0.311615316092956,0.02293,0.7915791760191152,0.14397197601505918,0.7364256570361927
53031,1.486335304459006,1.2598813772201538,1.07899452987289,0.04425,0.8838420968515263,0.20411246879516487,0.7441869432769059
53033,0.9219987046242728,1.1580815315246582,0.139908917429491,0.01436,0.5960641347628014,0.1382874283904132,0.7811699151547328
53035,0.5857861758223573,1.3094090223312378,-0.0770205656556286,0.0146,0.7668777878908689,0.14558521720202744,0.726105964851528
53037,0.8061529075974465,1.3033788204193115,0.41619369881803,0.0266,0.8408174826241367,0.2567807760670344,0.6652081913710863
53039,0.679066341328668,1.0170351266860962,0.622524021491824,0.02894,0.8216472538096773,0.2702902569791089,0.632238065716057
53041,0.5310640476038134,1.1404486894607544,0.0409834202571235,0.017279999,0.8338857252543349,0.2415178745594757,0.5842504367874062
53043,0.26007187440892754,1.3140937089920044,2.10075359352462,0.027760001,0.9132778513334594,0.224215676868464,0.6345801726392886
53045,0.41141621214970847,1.169127106666565,-0.270631895835833,0.01675,0.8053100119114789,0.2296644595848127,0.5745421910724587
53047,0.27484345872568233,1.0625990629196167,0.734168511157781,0.026219999,0.6489173557669328,0.3287594715368176,0.5358438890790825
53049,0.33428624123939504,1.2034022808074951,1.44572548010474,0.02826,0.8186093692364441,0.26329575751906076,0.5836795252225518
53051,0.598041414367945,1.1204211711883545,0.154747742005346,0.026000001,0.8845032518501906,0.24276843858852035,0.6018
53053,0.6214275044953723,1.0177496671676636,-0.47130933295692,0.01162,0.6675818944531039,0.1659176347879474,0.6430479241684286
53055,0.8041458184417442,1.321906805038452,3.22002493296055,0.057530001,0.8844412675720753,0.1663746752854467,0.798832968636032
53057,0.708531032067,1.1257432699203491,0.261445956812684,0.01946,0.7439098175333567,0.19212169243708355,0.6384870062134338
53059,0.23398281289883435,1.2493083477020264,-0.238834414601858,0.031610001,0.8769675827448311,0.20055063236685877,0.6124929017603635
53061,0.5217148551341498,1.0480748414993286,-0.455057286992888,0.0086000003,0.6957066028382289,0.12632230181828807,0.6897738898843195
53063,0.7467779745007468,1.121282935142517,-0.090446168843307,0.014,0.8456236832474456,0.2282186747699565,0.7058992305351476
53065,0.8285746277012652,1.2016183137893677,0.213396429614677,0.021299999,0.8660172433098198,0.2383302395074025,0.5608513564195524
53067,0.7766945168405962,1.2639890909194946,-0.0664214052443036,0.01809,0.7495951178180336,0.17423710152905647,0.724328095242945
53069,0.17572633552014996,1.2105696201324463,0.939085612443398,0.04067,0.8673851921274601,0.17511848341232228,0.620752427184466
53071,0.1325271266462354,1.1754639148712158,0.184425391157056,0.02193,0.7167232667936718,0.22141409755391517,0.6845549738219895
53073,0.84797188673178725,1.2563810348510742,0.311615316092956,0.02142,0.7892274738362747,0.21722994131428175,0.6946005441842023
53075,0.9242144177449167,1.2563616037368774,0.333520247609695,0.03059,0.7858463163453921,0.3782953067738504,0.7958706181758477
53077,0.3794599054053513,0.964865505695343,-0.626763685656354,0.0092799999,0.4319515252486013,0.32294717828549113,0.4556746369777531
54001,0.4208501172368184,1.131361722946167,-0.877610482057713,0.01781,0.9546684302290628,0.31525083192063796,0.3796838927366365
54003,0.49207051131978946,1.2149817943572998,-1.36517186097867,0.0121,0.8389563769737013,0.19615505940906383,0.5143400312232461
54005,0.2570636623748212,1.040371656417847,-1.92834058416707,0.01119,0.976439556509299,0.3369741830655353,0.3006131131131131
54007,0.40521494009866105,1.1203467845916748,-1.00338718560544,0.01671,0.968428470754052,0.3531412854661262,0.34181818181818185
54009,0.4118616144975288,1.2205018997192385,-0.982188864782787,0.023490001,0.9558306246938868,0.2250268779507315,0.49655935119193906
54011,0.7764551246038224,1.192895770072937,-0.665627273831213,0.018209999,0.8984513297787765,0.32563929492215593,0.5475052783642627
54013,0.13708019191226867,1.0314613580703735,-2.37915820699543,0.01491,0.971487320082248,0.3553215077605322,0.3381811487481591
54015,0.2583534274888047,1.0703405141830444,-2.095807318666,0.019889999,0.9924216327936616,0.37815126050420167,0.254320987654321
54017,0.5841121495327103,1.1351451873779297,-1.17792002704526,0.027140001,0.9518691588785048,0.24485836243694217,0.38333333333333336
54019,0.31554066458601066,1.1108286380767822,-1.02670533851035,0.017209999,0.9244767762070863,0.32918530503473875,0.3887545344619105
54021,0.373087924387514,1.3203833103179932,-1.24858109645409,0.01147,0.8149483895037931,0.271319018404908,0.4032345013477089
54023,0.6671831955922864,1.1510485410690308,-0.45011101213427,0.01454,0.965478650137741,0.274427912642478,0.3599019722254639
54025,0.7893613995164273,1.098910212516785,-0.228941864884621,0.02196,0.922372351016925,0.30209146923544217,0.48236566616448406
54027,0.3861169505341284,1.0408878326416016,-0.902341856350805,0.01564,0.9572697241408896,0.26281881563851384,0.3810996964744338
54029,0.5700575162508934,1.2539541721343994,-0.54338362375393,0.01387,0.937548922846544,0.2635963100647115,0.4843304843304844
54031,0.6519377037305324,1.3243939876556396,-0.431032523393885,0.01694,0.8996740311481347,0.2462101794214573,0.35570071258907365
54033,0.62952818519173,1.310657620429993,-0.00847932832906003,0.0136,0.9417299876303232,0.2434093846755042,0.5016986369474251
54035,0.34593697028401427,1.153175950050354,-1.16025475969305,0.0163,0.9693845781298648,0.2575810508664058,0.4418706293706294
54037,0.526492761830602,1.0959739685058594,-0.732755289769605,0.018370001,0.8321240222277281,0.15999781448631323,0.5886096981161013
54039,0.806148003862963,1.2486786842346191,0.109524657583692,0.01914,0.8771763268023068,0.26712161426810443,0.5153455675484051
54041,0.788692317208957,1.195734977722168,0.338466522468313,0.0136,0.9631943585302488,0.3274186469371121,0.37369645781263466
54043,0.2278177458033573,1.1065635681152344,-2.47596387208553,0.0069300001,0.9776019184652278,0.3478637830547662,0.33905550278192426
54045,0.1508113651444773,1.0509960651397705,-1.77853911702034,0.01263,0.95931109368402,0.3789923457625035,0.35917892462395073
54047,0.26793848132468784,1.0907787084579468,-1.53193198478351,0.01271,0.8869835485772467,0.49755899104963386,0.21598477640342537
54049,0.5323396326856534,1.2607725858688354,-0.351185514961903,0.01592,0.9248158992103628,0.28322606450674526,0.48746251680281255
54051,0.5749329244921426,1.2087327241897583,-0.507346478355425,0.01496,0.9667177718155104,0.261638127482258,0.4773873717168203
54053,0.4753914988814318,1.1642286777496338,-0.679052877018891,0.01651,0.966144668158091,0.2839482400061619,0.40535491905354915
54055,0.3963684307147983,1.111894607543945,-0.603445532751439,0.01675,0.902935629766852,0.3493784577556178,0.44030026355421686
54057,0.4141053484006331,1.164379000663757,-0.221169147249649,0.01371,0.9398903080943792,0.22116555082166767,0.43022355310031496
54059,0.13379991766158914,1.0784032344818115,-1.62803103917953,0.01102,0.957513379991766,0.400414164423276,0.32919758812615957
54061,0.8366990917192862,1.1806790828704834,-1.03165161336897,0.01487,0.8793067485825891,0.28479091274628066,0.651579637850289
54063,0.2052085665248862,1.2276465892791748,-0.575887715681994,0.0143,0.962838594134766,0.27295397868963955,0.35158443642198156
54065,0.7340900107290078,1.242187261581421,-0.178772505604349,0.02461,0.9526794285391608,0.23520693193478504,0.4553091652160751
54067,0.38878698460802297,1.1765729188919067,-0.95957732257196,0.01439,0.9694154238775022,0.3021929472246767,0.3889708695414549
54069,1.293215955200152,1.1874641180038452,1.08959369028421,0.021640001,0.9211256910993522,0.22471458029472413,0.592873949579832
54071,0.35709184402228256,1.397322177886963,-0.192904719486116,0.01908,0.9472932438223112,0.27285900594116796,0.3016865643357968
54073,0.5680299385191125,1.3364903926849363,-0.446577958663828,0.01478,0.958433573910719,0.23673587081891576,0.3836930455635492
54075,0.5029585798816568,1.22023344039917,0.372383835784553,0.031830002,0.9810650887573964,0.3012536873156342,0.3479808138635309
54077,0.5047056378588606,1.210180163383484,-0.87902370344589,0.01346,0.9057684885550574,0.23823510214737945,0.39600128990648176
54079,0.37095919448860626,1.3614187240600586,-0.770912267250375,0.016249999,0.9545663310369192,0.17410539084519605,0.5526210384018425
54081,0.3754053048423962,1.2567662000656128,-1.22172989007873,0.01286,0.8706878222505714,0.31472263702228864,0.465167204839847
54083,0.7518147251987556,1.2793917655944824,-0.620404189409559,0.01935,0.9578292430003456,0.3027948553539773,0.37013358778625954
54085,0.7364892320195042,1.2357587814331057,-0.368144171620023,0.01506,0.9686103210077204,0.2982582706379471,0.33629670787609395
54087,0.4814550641940086,1.189335584640503,-1.7750060635499,0.01448,0.9684022824536376,0.32147782536110914,0.3555050405218423
54089,0.35024906600249067,1.2882821559906006,-1.21678361522011,0.021330001,0.9188200498132004,0.33774058577405863,0.4286574352799518
54091,0.3854364326375712,1.2022877931594849,-0.784337870438053,0.018030001,0.954814990512334,0.29167427979779526,0.42126937984496127
54093,0.8593526210254941,1.3067069053649902,0.272045117224009,0.032930002,0.9726439415640218,0.21642783276702615,0.4096318333953143
54095,0.3121098626716604,1.2572370767593384,-0.410540813265323,0.027659999,0.9746907274997164,0.27791907514450864,0.38756203473945405
54097,0.8162598971512529,1.2634421586990356,-0.086206504678777,0.01481,0.9591053791527222,0.31974378949190685,0.36389891696750903
54099,0.3783837431456715,1.1415503025054932,-1.77571267424399,0.01009,0.9730789271270128,0.324516354208217,0.3915858725761772
54101,0.14905795373241115,1.2350804805755615,-1.27331247074718,0.017240001,0.9959456236584784,0.3916386352715041,0.2972357723577236
54103,0.793599378077222,1.3141964673995972,-0.592139761646026,0.01169,0.969227779217414,0.3248449663544003,0.3528140477262494
54105,0.2155915833045878,1.1210020780563354,-1.0542631555798,0.0116,0.9891341842014488,0.35616911130284723,0.4088436982738235
54107,0.591454802259887,1.2826261520385742,0.214103040308766,0.01545,0.9515536723163842,0.27244563598451,0.5549758964538071
54109,0,1.2128727436065674,-2.0357454096685,0.0072499998,0.971476904280814,0.3401027299533911,0.31524698560871256
55001,0.8211406389967154,1.212336540222168,-0.106698214807339,0.01119,0.9044490892803824,0.2296268893351654,0.4493356513100708
55003,1.504770442466543,1.2171406745910645,1.53546503825395,0.033640001,0.8236537106998784,0.3028586659558873,0.5521575984990619
55005,0.7517300846801831,1.2184364795684814,1.05708959835615,0.0164,0.933007583629972,0.216265590112542,0.540745792132916
55007,0.867071299939972,1.3210817575454712,1.2295026077137,0.04397,0.845661308610685,0.2049898853674983,0.6592747195408296
55009,0.6332068195035352,1.1597672700881958,0.00141322138817667,0.01158,0.8083736341097609,0.17215198841273338,0.622341461179893
55011,1.009446899283864,1.2512388229370115,0.770205656556286,0.019239999,0.9570318451927472,0.17411331183786272,0.5047120418848168
55013,0.9483942703904767,1.2567107677459717,1.50296094632589,0.032880001,0.9036562234286089,0.22622516556291392,0.5677034512143161
55015,0.42561288255087326,1.2212729454040527,-0.130016367712254,0.021059999,0.9091291459701972,0.11277332581645394,0.6279438538791332
55017,0.7786577349276905,1.2156981229782104,0.215516261696942,0.018689999,0.9355944406185438,0.18344793713163063,0.5736703481551979
55019,0.535006796032274,1.186009645462036,0.542677013059842,0.01432,0.9305937129471644,0.23413728033966277,0.4247522470615349
55021,0.800763131640208,1.2635390758514404,0.797763473625731,0.02492,0.9263823009469132,0.13706699331688077,0.5900667160859897
55023,0.816137973514013,1.226710081100464,0.544796845142107,0.023879999,0.9437634739759778,0.2169236750032396,0.5167848295891347
55025,1.288058827260212,1.2981386184692385,0.924246787867543,0.017410001,0.795277925973459,0.16364813286272673,0.7800997987014828
55027,0.5728780710254803,1.1620888710021973,0.390049103136761,0.016070001,0.8989682494442228,0.1600939192103119,0.4990260203031215
55029,1.4742283051834597,1.2936503887176514,2.34029461882057,0.044300001,0.9383008153756552,0.13447360660572105,0.6402433361196248
55031,0.7968587596720176,1.235319972038269,0.295363270128924,0.01725,0.9162027947799976,0.20913558557489145,0.626080481724886
55033,0.6702562613105744,1.270135521888733,0.4119540346535,0.023150001,0.9273665631493108,0.2307785947314603,0.60378879484079
55035,0.9105048592460924,1.240119695663452,0.461416783239683,0.01746,0.8998879378634774,0.2118988666787447,0.690410038775074
55037,0.521557719054242,1.2095122337341309,0.0529958020566252,0.027079999,0.9705609643022716,0.1889985895627645,0.5544237485448196
55039,0.7529459925728822,1.2149524688720703,0.510879531825867,0.0165,0.8960885795880971,0.1599093883715077,0.5578662349263064
55041,0.6670372429127293,1.2124857902526855,0.0169586566581201,0.02241,0.7901056142301278,0.2672610882487426,0.4964307883302296
55043,0.734540815340305,1.1933541297912598,0.452937454910623,0.02317,0.950457155007442,0.2508171805708813,0.5712174104475265
55045,1.0366977450130097,1.2327409982681274,0.39923504215991,0.02152,0.9430561578490894,0.14341468777484612,0.5698763725716041
55047,1.1463609704078912,1.1697025299072266,1.62661781779135,0.018139999,0.9226872833910956,0.2278412474958038,0.5109890109890111
55049,0.8362266068253027,1.2226808071136477,0.600619089975086,0.027969999,0.9527902447285967,0.1522818734480692,0.599204675543773
55051,1.0550378055213645,1.269451379776001,0.82814773347153,0.033690002,0.9541058554598206,0.2527887729399064,0.6086672473867595
55053,0.6212844751973492,1.145019292831421,0.520065470849015,0.02321,0.8608322775557938,0.22818442302682995,0.4831654477714917
55055,0.7615022254754962,1.2603052854537964,0.308082262622514,0.019440001,0.8960578977816083,0.15158615275153953,0.5841389676493698
55057,0.5287408414532819,1.2138092517852783,0.740528007404576,0.02321,0.9156280685852406,0.24790135357673615,0.4695965047545618
55059,0.5711352685670884,1.1066900491714478,-0.329280583445165,0.01171,0.7582777527236477,0.19156259518732863,0.6001928572060475
55061,0.8461274341492128,1.3636720180511477,0.690358648124304,0.01675,0.9444744199735126,0.13488049191708815,0.5319617422417946
55063,0.8418579401835548,1.2338817119598389,0.477668829203715,0.018449999,0.8985020442092049,0.1977345590449369,0.6956636980491943
55065,0.6431349087645827,1.2917219400405884,0.741234618098664,0.01969,0.94095124139994,0.20324023697255467,0.5026737967914439
55067,0.6920505588634702,1.2087178230285645,1.81810931588929,0.01763,0.9383160973571504,0.2362913907284768,0.47915339420966946
55069,1.0272491349480968,1.2035895586013794,0.936965780361133,0.017759999,0.953972029988466,0.16977570508549855,0.5385548599990294
55071,0.6188040664267223,1.2001692056655884,0.356131789820521,0.016240001,0.905272463219044,0.17636756452705726,0.5345148598327829
55073,0.6573310880675943,1.1739394664764404,0.358251621902786,0.01709,0.8867248663180596,0.16926393317465305,0.5756588435119805
55075,0.6127602683766186,1.1842012405395508,0.765965992391756,0.01692,0.9526132059122082,0.23460076045627376,0.494413407821229
55077,0.5880815473078934,1.2408818006515503,0.465656447404214,0.0285,0.93282801881860955,0.196929416456201,0.4817888025155036
55078,0.10969723562966212,1.1310503482818604,-0.79423042015529,0.03081,0.10070206230802985,0.4324983373974729,0.4933485366780692
55079,0.7800459617377994,1.0514837503433228,0.200677437121087,0.01091,0.5123850693736294,0.2922671682293875,0.5991867285273784
55081,0.6390509274431408,1.2051228284835815,0.190784887403851,0.017689999,0.9050490485241748,0.19054300859726492,0.5403421401545775
55083,0.5910322477819688,1.1876099109649658,0.230355086272798,0.02108,0.9495829570206662,0.1632702441122701,0.48698076992720823
55085,0.6853961165597354,1.1903215646743774,0.97229631506555,0.028580001,0.948531697803906,0.1657774060508176,0.6117256637168141
55087,0.8750673128702208,1.146017074584961,0.199264215732911,0.01446,0.8753150242326333,0.14070886798458893,0.6245213777951139
55089,1.0976669638926826,1.1392366886138916,0.676933044936626,0.02334,0.9147262322652008,0.09161299242991638,0.7688503324144641
55091,0.653819683413627,1.2841577529907229,0.957457490489695,0.02816,0.9639366827253958,0.1832263466368964,0.5299275638581777
55093,0.8576125020844748,1.189692735671997,0.46283000462786,0.01701,0.9410391404816923,0.14458722145734537,0.6304273633916044
55095,0.4834476725447765,1.1589471101760864,0.97229631506555,0.0264,0.9499286339150051,0.17270032444039862,0.5649240607513989
55097,0.6937365500056631,1.2127774953842163,0.272751727918098,0.02159,0.9103947219390645,0.2001815233078903,0.6199117971334068
55099,1.080799045915325,1.2512919902801514,1.61601865738002,0.036079999,0.9406678592725104,0.23124193915484417,0.5136866627839255
55101,0.6991237308411979,1.0462019443511963,0.153334520617169,0.01183,0.7195325201173812,0.20691648709728283,0.5884992209971237
55103,1.2171372930866602,1.1402181386947632,0.51370597460222,0.024350001,0.9459304656624092,0.2306432748538012,0.4931272875152501
55105,0.662958212047955,1.1340783834457395,0.139908917429491,0.01381,0.82834624303123,0.21026527676114992,0.5463452693078827
55107,0.8845174073025757,1.2060401439666748,0.773738710026728,0.028030001,0.9472120011321824,0.24725354148597856,0.4645217729393468
55109,0.6395663345805347,1.142910122871399,0.0635949624679502,0.01843,0.9390749673173152,0.0889966532340688,0.7161662624404115
55111,0.9112668564813368,1.2258703708648682,0.557515837635697,0.019610001,0.9085291448953412,0.1741943689289518,0.570596961251461
55113,0.9146899201170804,1.0881301164627075,0.994907857276377,0.027650001,0.7668760290261601,0.2678382252134356,0.5830191771840681
55115,0.7028652454527674,1.2681690454483032,0.718623075887838,0.01812,0.8664678271073734,0.19649533875068548,0.4660429542117664
55117,0.7271353904391463,1.2097333669662476,0.859238604011417,0.017689999,0.8423136362847071,0.14147887009683613,0.5728655146130874
55119,0.7995079950799509,1.230098009109497,0.491801043085482,0.024250001,0.958720787207872,0.202029797020298,0.449127288207748
55121,0.5678158581646835,1.1215081214904783,0.656441334808064,0.015790001,0.8952506864639479,0.1622657139898519,0.5162851015013218
55123,0.8161133418209121,1.1872355937957764,0.881143535528155,0.02878,0.9625240753435838,0.25572859835333794,0.516522499757022
55125,0.8275481587053469,1.255543828010559,2.00748098190496,0.048470002,0.8480069881844513,0.22130651394515063,0.6373703638600808
55127,0.7446106680637212,1.018168330192566,0.404181317018528,0.0272,0.8543764673923588,0.1770450917797286,0.5955290523471006
55129,1.2748597654258031,1.2720627784729004,1.51002705326677,0.034880001,0.9417389087200408,0.2243063191255417,0.5861544955677501
55131,0.5929219937002038,1.2272244691848757,0.230355086272798,0.01159,0.9285603112840468,0.0824960970472014,0.6461156990060728
55133,0.8090392658717772,1.0797293186187744,0.429619302005708,0.015699999,0.8854834883575754,0.08286828591747841,0.7357472735070302
55135,0.8000780563957459,1.2089283466339111,0.983602086170964,0.0188,0.942667577324617,0.18049871993871835,0.510650329877474
55137,0.537345513164965,1.1514121294021606,0.862771657481858,0.0266,0.8941015996362585,0.20971766250820745,0.4480984952120383
55139,0.6014869932105322,1.0964819192886353,0.220462536555561,0.01424,0.8865390145002376,0.18556986652218888,0.5946741439966561
55141,0.9334992887624468,1.2550456523895264,0.79847008431982,0.01815,0.92240671845935,0.1907681660899654,0.5468094480948641
56001,1.3154467309195104,1.363150119781494,1.91703481306166,0.028999999,0.8248241729617087,0.3117070999332294,0.812636774223588
56003,0.504965494024575,1.297175645828247,1.4902419538323,0.018309999,0.8774617067833698,0.22633212622866017,0.6060228969636634
56005,0.4324073488156257,1.1634252071380615,1.01398634601676,0.01312,0.8729144255310173,0.1771435917213009,0.572767328686045
56007,0.672263396077917,1.1984539031982422,2.09368748658374,0.02527,0.7722174854069653,0.23489514845318016,0.5283199387676999
56009,0.6105883198046117,1.246525764465332,1.74744824648045,0.02454,0.8868615760362043,0.15084403404992064,0.518393945764137
56011,0.06691648822269808,1.3327631950378418,2.12265852504136,0.04606,0.942853319057816,0.155275291564958,0.6366262276140959
56013,0.7723801868783281,1.1455903053283691,1.70434499414107,0.026179999,0.6972520847985532,0.22329147797447513,0.6240247257924691
56015,0.8244640983360816,1.3435959815979004,1.98840249316458,0.02726,0.8584170289311948,0.2125634517766497,0.6397144987749015
56017,1.6279574560451486,1.327588677406311,2.89215757090356,0.038139999,0.9257651400043412,0.2564559216384684,0.6513575967648758
56019,1.4139271827500883,1.2572273015975952,3.66942933440073,0.043280002,0.9145752327088488,0.1923076923076923,0.6914455249711554
56021,0.9560618388934092,1.2711442708969116,1.66901445943665,0.02152,0.7884560618388934,0.16874668221040243,0.6723371670520405
56023,0.2464459894157933,1.3774266242980957,0.9510979942429,0.021779999,0.9217598837812596,0.17191422594142258,0.6093554443053817
56025,0.7593392503703335,1.194953680038452,1.95519179054243,0.01706,0.8668915638654102,0.16498862852324123,0.6213283304824441
56027,0.20644095788604455,1.37740159034729,2.82008328010655,0.036680002,0.9062758051197356,0.33707339878447873,0.5243302351011482
56029,1.0378070536571975,1.2381792068481443,2.22511707568417,0.033720002,0.9104912858515164,0.13705975118275804,0.6970908390328485
56031,0.8156606851549756,1.266682744026184,2.75366187486224,0.03167,0.8849918433931484,0.20706354831089055,0.5278884462151394
56033,1.0451227604512277,1.3401366472244265,2.51270762817812,0.039310001,0.916821499668215,0.13646922183507548,0.6969145311114222
56035,0.12651821862348178,1.3079276084899902,1.63651036750859,0.03373,0.8927125506072875,0.13606340819022456,0.6135428907168037
56037,0.4997587371613704,1.134666085243225,1.12421761429454,0.01225,0.795569954734496,0.16888588854229714,0.5974536871468421
56039,0.3329037800687285,1.0948328971862793,3.34085536164965,0.032230001,0.8133591065292096,0.12911850957391757,0.8030941522830918
56041,0.39064407441769616,1.2755509614944458,0.761019717533138,0.01222,0.8751892182235461,0.20504467150402295,0.5121875964208578
56043,0.4360284041360409,1.1600735187530518,2.12477835712363,0.035119999,0.8189859225115236,0.20909206672609193,0.6000721240533717
56045,0.9575826358348702,1.3207343816757202,1.89159682807448,0.02375,0.9636827918853738,0.21329557311074676,0.5622174169451543
